-- MySQL dump 10.13  Distrib 5.7.19, for Win64 (x86_64)
--
-- Host: localhost    Database: test
-- ------------------------------------------------------
-- Server version	5.7.19-log

/*!40101 SET @OLD_CHARACTER_SET_CLIENT=@@CHARACTER_SET_CLIENT */;
/*!40101 SET @OLD_CHARACTER_SET_RESULTS=@@CHARACTER_SET_RESULTS */;
/*!40101 SET @OLD_COLLATION_CONNECTION=@@COLLATION_CONNECTION */;
/*!40101 SET NAMES utf8 */;
/*!40103 SET @OLD_TIME_ZONE=@@TIME_ZONE */;
/*!40103 SET TIME_ZONE='+00:00' */;
/*!40014 SET @OLD_UNIQUE_CHECKS=@@UNIQUE_CHECKS, UNIQUE_CHECKS=0 */;
/*!40014 SET @OLD_FOREIGN_KEY_CHECKS=@@FOREIGN_KEY_CHECKS, FOREIGN_KEY_CHECKS=0 */;
/*!40101 SET @OLD_SQL_MODE=@@SQL_MODE, SQL_MODE='NO_AUTO_VALUE_ON_ZERO' */;
/*!40111 SET @OLD_SQL_NOTES=@@SQL_NOTES, SQL_NOTES=0 */;

--
-- Table structure for table `bascula`
--

DROP TABLE IF EXISTS `bascula`;
/*!40101 SET @saved_cs_client     = @@character_set_client */;
/*!40101 SET character_set_client = utf8 */;
CREATE TABLE `bascula` (
  `Local_numero` int(11) NOT NULL,
  `Local_nombre` varchar(30) NOT NULL,
  `modelo` varchar(45) DEFAULT NULL,
  `fechaLlegada` date DEFAULT NULL,
  PRIMARY KEY (`Local_numero`,`Local_nombre`),
  CONSTRAINT `Bascula_ibfk_1` FOREIGN KEY (`Local_numero`, `Local_nombre`) REFERENCES `local` (`numero`, `nombre`) ON DELETE CASCADE ON UPDATE CASCADE
) ENGINE=InnoDB DEFAULT CHARSET=latin1;
/*!40101 SET character_set_client = @saved_cs_client */;

--
-- Dumping data for table `bascula`
--

LOCK TABLES `bascula` WRITE;
/*!40000 ALTER TABLE `bascula` DISABLE KEYS */;
INSERT INTO `bascula` VALUES (1,'CREMERIA HERNANDEZ','24FM08','2008-05-25'),(2,'ABARROTES HERNANDEZ','24FM20','2004-04-20'),(4,'REGALOS MARISKA','94ÑS08','2010-04-26'),(6,'CREMERIA SAHUAYO','24WE20','2005-03-25'),(7,'ABARROTES TECAMACHALCO','94ÑT08','2001-04-25'),(8,'SAHUAYO','30FM18','2015-04-25'),(10,'FARMACIA CURITA','94HJ72','2005-04-02'),(11,'CREMERIA MIGUEL','45PR71','2010-03-30'),(16,'UNA MAS','45QM71','2015-08-08'),(18,'BOCA FELIZ','73FM20','2010-01-25'),(19,'MIKADO','73FM20','2015-05-12'),(20,'VOGUE','24YU48','2048-11-30'),(22,'PLATO AZUL','24RO48','2009-12-25'),(25,'FRANCIA','45YZ08','2011-10-10'),(28,'OPEN THIS','24SM71','2004-01-26'),(29,'SALCHICHON','71YJ48','2010-05-31'),(30,'LACTEOS','94OR08','2012-03-20'),(31,'CACEROLA','94PS08','2008-08-27'),(32,'DON RAMON','24FM48','2013-09-26'),(35,'LOLLIPOP','73LU08','2003-06-15'),(37,'FULL CONDIMENT','71FM08','2002-08-07'),(38,'UNICEL','719008','2002-06-25'),(39,'ORAL-B','24QJ08','2008-06-20'),(40,'SABRITON','24CW28','2016-04-30'),(42,'ABRE LA CARTERA','24PM28','2013-12-02'),(46,'QUITA-SARRO','73OP08','2004-08-17'),(48,'LA LUZ','24FM28','2007-10-01'),(49,'TOAD','94FM08','2010-01-15'),(50,'PUNISHER','94SY72','2004-06-05');
/*!40000 ALTER TABLE `bascula` ENABLE KEYS */;
UNLOCK TABLES;

--
-- Table structure for table `cliente`
--

DROP TABLE IF EXISTS `cliente`;
/*!40101 SET @saved_cs_client     = @@character_set_client */;
/*!40101 SET character_set_client = utf8 */;
CREATE TABLE `cliente` (
  `idCliente` int(11) NOT NULL AUTO_INCREMENT,
  `nombre` varchar(20) DEFAULT NULL,
  `apPaterno` varchar(20) DEFAULT NULL,
  `apMaterno` varchar(20) DEFAULT NULL,
  `telefono` double DEFAULT NULL,
  `email` varchar(45) DEFAULT NULL,
  `calle` varchar(45) DEFAULT NULL,
  `colonia` varchar(20) DEFAULT NULL,
  `cp` int(11) DEFAULT NULL,
  `estado` varchar(20) DEFAULT NULL,
  `creditoActual` double DEFAULT '0',
  `creditoMaximo` double DEFAULT NULL,
  `descuento` double DEFAULT NULL,
  PRIMARY KEY (`idCliente`)
) ENGINE=InnoDB AUTO_INCREMENT=52 DEFAULT CHARSET=latin1;
/*!40101 SET character_set_client = @saved_cs_client */;

--
-- Dumping data for table `cliente`
--

LOCK TABLES `cliente` WRITE;
/*!40000 ALTER TABLE `cliente` DISABLE KEYS */;
INSERT INTO `cliente` VALUES (1,'EDITH','MARTINEZ','HERNANDEZ',5523456734,'edith23@hotmail.com','Miguel Angel de Quevedo','Acatitla',55813,'CDMX',1000,2000,10),(2,'EDMUNDO','HERNANDEZ','HERNANDEZ',5545896834,'edmundo12@hotmail.com','Miguel Hidalgo','Abraham Gonzalez',1170,'CDMX',0,1000,5),(3,'ELENA','GARCIA','HERNANDEZ',5554642345,'ele34@hotmail.com','Porfirio Diaz','Acozac',56585,'CDMX',500,1500,15),(4,'BENITO','LOPEZ','FERNANDEZ',5578345623,'benito99@hotmail.com','Miguel Hidalgo','Abraham Gonzalez',1170,'CDMX',200,1000,10),(5,'BELINDA','RUIZ','DIAZ',5523985734,'belinda45@hotmail.com','Felix Parra','Bahia Copal',54196,'CDMX',300,1500,5),(6,'BRUNO','RAMOS','ROMERO',5578643526,'bruno90@hotmail.com','Miguel Angel de Quevedo 70','Banjidal',9450,'CDMX',-2659.4849999999997,2500,15),(7,'CECILIA','RAMOS','BLANCO',5554672346,'cecilia67@hotmail.com','Miguel Hidalgo 59','Abraham Gonzalez',1170,'CDMX',0,500,5),(8,'CESAR','PEREZ','PEREZ',5589345678,'cesar19@hotmail.com','Matias Romero','Barrio Coltongo',2630,'CDMX',100,1500,10),(9,'FELIPE','RAMIREZ','CASTRO',5589457632,'felipe43@hotmail.com','Aldama','Actipan',3230,'CDMX',600,1000,5),(10,'FRANCISCO','CASTILLO','NUÑEZ',5590987634,'pancho89@hotmail.com','Felix Parra','Bahia Copal',54196,'CDMX',0,1500,10),(11,'MABEL','RUIZ','LOZANO',5512876589,'mabel17@hotmail.com','Martin Carrera','Banjidal',9450,'CDMX',200,2000,15),(12,'MIGUEL','SANTOS','CASTRO',5545763423,'miguel123@hotmail.com','Porfirio Diaz','Acozac',56585,'CDMX',0,1000,5),(13,'MAURICIO','CAMPOS','FUENTES',5578654321,'mauca76@hotmail.com','Aldama','Actipan',3230,'CDMX',0,900,5),(14,'MIRIAM','CAMPOS','SANTOS',5567432356,'miriam66@hotmail.com','Martin Carrera','Banjidal',9450,'CDMX',200,2000,15),(15,'MICHELLE','LOPEZ','DIAZ',5578654323,'michelle67@hotmail.com','Cuahutemoc','Aguilera',2900,'CDMX',0,1000,10),(16,'MIRIAM','HERRERA','SANTOS',5567432356,'miriam66@hotmail.com','Martin Carrera','Banjidal',9450,'CDMX',200,2000,15),(17,'MARTIN','PASTOR','HERRERA',5587675654,'martin345@hotmail.com','Aldama','Actipan',3230,'CDMX',0,1200,10),(18,'LEONIDAS','CABALLERO','CAMPOS',5556435645,'leonidas789@hotmail.com','Victoria','Agricultura',11360,'CDMX',500,1,10),(19,'MARTIN','PASTOR','HERRERA',5587675654,'martin345@hotmail.com','Aldama','Actipan',3230,'CDMX',0,1200,10),(20,'LUIS','LOPEZ','CAMPOS',5575643567,'luis75@hotmail.com','Matias Romero','Bahia Copal',54196,'CDMX',100,1000,5),(21,'MANUEL','RAMOS','GARCIA',5534564398,'manuel46@hotmail.com','Porfirio Diaz','Actipan',3230,'CDMX',500,2000,15),(22,'ENRIQUE','LOZANO','CALVA',5564785609,'enrique43@hotmail.com','Feliz Parra','Abraham Gonzalez',1170,'CDMX',0,1000,5),(23,'DIEGO','RAMOS','DIAZ',5576899876,'diego123@hotmail.com','Miguel Hidalgo','Abraham Gonzalez',1170,'CDMX',600,2000,10),(24,'CARLOS','HERNANDEZ','HERRERA',5576457890,'carlos67@hotmail.com','Matias Romero','Barrio Coltongo',2630,'CDMX',200,1500,15),(25,'FERNANDO','RUIZ','CRUZ',5545897867,'fernando64@hotmail.com','Francisco Villa','Tlalnepantla',54000,'CDMX',0,2000,15),(26,'ANGELICA','HERNANDEZ','HERRERA',5565436789,'angelica78@hotmail.com','Porfirio Diaz','Acozac',56585,'CDMX',300,1300,5),(27,'RAUL','CASTRO','CRUZ',55564378232,'raul234@hotmail.com','Felix Parra','Banjidal',9450,'CDMX',500,1500,10),(28,'EDUARDO','RAMIREZ','HERNANDEZ',5586549283,'eduardo98@hotmail.com','Martin Carrera','Banjidal',9450,'CDMX',0,1000,10),(29,'DAVID','LEMUS','NUÑEZ',5546953215,'david1325@hotmail.com','Miguel Hidalgo','Barrio Coltongo',2630,'CDMX',300,500,5),(30,'ESTEFANIA','VYERIA','HERNANDEZ',5590875643,'estefania345@hotmail.com','Cuahutemoc','Aguilera',2900,'CDMX',500,1200,15),(31,'CHRISTOPHER','ROMERO','GONZALEZ',5515234689,'chris56@hotmail.com','Porfirio Diaz','Acozac',56585,'CDMX',200,1500,5),(32,'DANIELA','RAMOS','LOPEZ',5513465978,'daniela354@hotmail.com','Cuahutemoc','Aguilera',2900,'CDMX',600,1800,10),(33,'CECILIA','MALDONADO','HERNANDEZ',554524698745,'cecilia12013@hotmail.com','Martin Carrera','Banjidal',9450,'CDMX',700,1400,10),(34,'HAN','SOLO','BERGER',5516594875,'hansolo07@hotmail.com','Aldama','Actipan',3230,'CDMX',0,1200,10),(35,'HUGO','LOPEZ','HERRERA',5523456578,'hugo123@hotmail.com','Matias Romero','Bahia Copal',54196,'CDMX',500,1500,5),(36,'ALEJANDRO','RUIZ','NUÑEZ',5564736273,'alejandro7658@hotmail.com','Matias Romero','Bahia Copal',54196,'CDMX',400,2000,10),(37,'LUIS','RUIZ','LOPEZ',55261549478,'luis98@hotmail.com','Aldama','Tlalnepantla',54000,'CDMX',0,2000,15),(38,'DAYANE','RAMIREZ','PACHECO',5567898765,'dayane17@hotmail.com','Miguel Hidalgo','Aguilera',2900,'CDMX',400,2000,10),(39,'RODRIGO','ALCANTARA','RAMOS',5587435623,'rodrigo56@hotmail.com','Porfirio Diaz','Acozac',56585,'CDMX',500,1000,10),(40,'HECTOR','LOZANO','GARCIA',5554345434,'hector89345@hotmail.com','Martin Carrera','Banjidal',9450,'CDMX',0,1800,15),(41,'ISAAC','ALONSO','PEÑALOSA',5578906745,'isaac67@hotmail.com','Aldama','Actipan',3230,'CDMX',0,1500,15),(42,'MARTIN','CONTRERAS','HERNANDEZ',5564537478,'martin239078@hotmail.com','Matias Romero','Bahia Copal',54196,'CDMX',600,2000,5),(43,'ABIGAIL','HERRERA','LOPEZ',5587656756,'abigail786@hotmail.com','Felix Parra','Actipan',3230,'CDMX',600,1200,15),(44,'ABDIEL','VITALINI','CAMPOS',5553425356,'abdiel876@hotmail.com','Martin Carrera','Bandijal',9450,'CDMX',400,2000,10),(45,'RAUL','RUIZ','CRUZ',5523456545,'raul4532@hotmail.com','Victoria','Bahia Copal',54196,'CDMX',600,2000,5),(46,'VICTORIA','VELAZQUEZ','NUÑEZ',5534568908,'victoria5678@hotmail.com','Felix Parra','Bahia Copal',54196,'CDMX',400,2000,10),(47,'MANUEL','DE LA TORRE','ROSAS',5578675667,'manuel4566778@hotmail.com','Cuahutemoc','Barrio Coltongo',2630,'CDMX',200,1500,5),(48,'CECILIA','HERNANDEZ','NUÑEZ',5578563446,'cecilia678533@hotmail.com','Porfirio Diaz','Bahia Copal',54196,'CDMX',0,1000,10),(49,'CARLOS','RUIZ','CRUZ',5545234534,'carlos675@hotmail.com','Matias Romero','Bahia Copal',54196,'CDMX',0,800,5),(50,'JUAN','BOTELLO','HERRERA',5565454334,'juan@hotmail.com','Cuahutemoc','Aguilera',2900,'CDMX',500,2000,10),(51,'PEPITO','TORRES','LOPEZ',55555555,'pepito@hotmail.com','RIO DE SOLEDAD 24','SOLAR DEL BOSQUE',23094,'EDOMEX',0,500,0);
/*!40000 ALTER TABLE `cliente` ENABLE KEYS */;
UNLOCK TABLES;

--
-- Table structure for table `dueño`
--

DROP TABLE IF EXISTS `dueño`;
/*!40101 SET @saved_cs_client     = @@character_set_client */;
/*!40101 SET character_set_client = utf8 */;
CREATE TABLE `dueño` (
  `idDueño` int(11) NOT NULL,
  `contraseña` varchar(20) NOT NULL,
  PRIMARY KEY (`idDueño`,`contraseña`)
) ENGINE=InnoDB DEFAULT CHARSET=utf8;
/*!40101 SET character_set_client = @saved_cs_client */;

--
-- Dumping data for table `dueño`
--

LOCK TABLES `dueño` WRITE;
/*!40000 ALTER TABLE `dueño` DISABLE KEYS */;
INSERT INTO `dueño` VALUES (1,'1'),(2,'2');
/*!40000 ALTER TABLE `dueño` ENABLE KEYS */;
UNLOCK TABLES;

--
-- Table structure for table `emailempleado`
--

DROP TABLE IF EXISTS `emailempleado`;
/*!40101 SET @saved_cs_client     = @@character_set_client */;
/*!40101 SET character_set_client = utf8 */;
CREATE TABLE `emailempleado` (
  `email` varchar(45) NOT NULL,
  `Empleado_CURP` varchar(20) NOT NULL,
  PRIMARY KEY (`email`,`Empleado_CURP`),
  KEY `Empleado_CURP` (`Empleado_CURP`),
  CONSTRAINT `emailEmpleado_ibfk_1` FOREIGN KEY (`Empleado_CURP`) REFERENCES `empleado` (`CURP`) ON DELETE CASCADE ON UPDATE CASCADE
) ENGINE=InnoDB DEFAULT CHARSET=latin1;
/*!40101 SET character_set_client = @saved_cs_client */;

--
-- Dumping data for table `emailempleado`
--

LOCK TABLES `emailempleado` WRITE;
/*!40000 ALTER TABLE `emailempleado` DISABLE KEYS */;
INSERT INTO `emailempleado` VALUES ('juan@hotmail','BOBH860623HVCDSD24'),('leonidas789@hotmail','CACC910325HDCDFC56'),('raul234@hotmail','CACC950225HBGVCF67'),('mauca76@hotmail','CACF930216HCDFVT64'),('pancho89@hotmail','CACN880424HDRFCD75'),('miriam66@hotmail','CACS840310MDCFRE17'),('martin239078@hotmail','COCH940503HMCDVF89'),('manuel4566778@hotmail','DIDR950325HGDFFV39'),('edith23@hotmail','EAMH950509MMCZPS45'),('ele34@hotmail','HEGH910712MMCZPS32'),('edmundo12@hotmail','HEHH860513HMCZPS34'),('carlos67@hotmail','HEHH870923HBVGFD45'),('angelica78@hotmail','HEHH970327MFCVGT23'),('abigail786@hotmail','HEHL980323MHFGVB47'),('cecilia678533@hotmail','HEHN930627MCFVBG32'),('miriam66@hotmail','HEHS860425MGFDCV56'),('isaac67@hotmail','LALP980425HFFVCF76'),('rodrigo56@hotmail','LALR980505HCDFVG24'),('david1325@hotmail','LELN981134HMVBGF66'),('enrique43@hotmail','LOLC870730HFCVGB54'),('luis75@hotmail','LOLC960715HMFCDR45'),('michelle67@hotmail','LOLD920719MDFRCV46'),('benito99@hotmail','LOLF951124HGRTDF67'),('hector89345@hotmail','LOLG860624HDCFVB54'),('hugo123@hotmail','LOLH920324HDCFVB35'),('cecilia12013@hotmail','MAMH870325MFDCVF14'),('martin345@hotmail','PAPH940226HCFVGB23'),('martin345@hotmail','PAPH970615HDERFC12'),('cesar19@hotmail','PEPP830813HMDCGV89'),('cecilia67@hotmail','RARB920725MFCDRT56'),('felipe43@hotmail','RARC920518HDFCRF89'),('diego123@hotmail','RARD941106HFCVDR56'),('manuel46@hotmail','RARG830928HCDFVB32'),('eduardo98@hotmail','RARH830623HMVBNG45'),('daniela354@hotmail','RARL970425MFVCDR23'),('dayane17@hotmail','RARP930714MVGBHN45'),('bruno90@hotmail','RARR910123HCFDRS45'),('chris56@hotmail','RORG950612HMCNVF32'),('fernando64@hotmail','RURC820430HDCVFD56'),('raul4532@hotmail','RURC840628HMCDFV24'),('carlos675@hotmail','RURC960423HBGFVC34'),('belinda45@hotmail','RURD850826MRFTDC78'),('luis98@hotmail','RURL980507HMCZPS06'),('alejandro7658@hotmail','RURN940623HDCFVF26'),('miguel123@hotmail','SASC830929HDFRTG34'),('hansolo07@hotmail','SOSB860423HDCFVB34'),('estefania345@hotmail','VEVH961227MFCVDR34'),('victoria5678@hotmail','VEVN960316MFDSVV18'),('abdiel876@hotmail','VIVC930530HNDCGV27');
/*!40000 ALTER TABLE `emailempleado` ENABLE KEYS */;
UNLOCK TABLES;

--
-- Table structure for table `empleado`
--

DROP TABLE IF EXISTS `empleado`;
/*!40101 SET @saved_cs_client     = @@character_set_client */;
/*!40101 SET character_set_client = utf8 */;
CREATE TABLE `empleado` (
  `CURP` varchar(20) NOT NULL,
  `nombre` varchar(20) DEFAULT NULL,
  `apPaterno` varchar(20) DEFAULT NULL,
  `apMaterno` varchar(20) DEFAULT NULL,
  `calle` varchar(45) DEFAULT NULL,
  `colonia` varchar(20) DEFAULT NULL,
  `cp` double DEFAULT NULL,
  `estado` varchar(20) DEFAULT NULL,
  `fechaContratacion` date DEFAULT NULL,
  `turno` varchar(5) DEFAULT NULL,
  `sueldo` double DEFAULT NULL,
  `tipo` varchar(3) DEFAULT NULL,
  `contraseña` varchar(20) NOT NULL,
  PRIMARY KEY (`CURP`)
) ENGINE=InnoDB DEFAULT CHARSET=latin1;
/*!40101 SET character_set_client = @saved_cs_client */;

--
-- Dumping data for table `empleado`
--

LOCK TABLES `empleado` WRITE;
/*!40000 ALTER TABLE `empleado` DISABLE KEYS */;
INSERT INTO `empleado` VALUES ('BOBH860623HVCDSD24','JUAN','BOTELLO','HERRERA','Cuahutemoc','Aguilera',2900,'CDMX','2012-04-29','M',6000,'G','123'),('CACC910325HDCDFC56','LEONIDAS','CABALLERO','CAMPOS','Victoria','Agricultura',11360,'CDMX','2010-09-26','M',4600,'M','123'),('CACC950225HBGVCF67','RAUL','CASTRO','CRUZ','Felix Parra','Banjidal',9450,'CDMX','2012-07-17','V',4800,'M','123'),('CACF930216HCDFVT64','MAURICIO','CAMPOS','FUENTES','Aldama','Actipan',3230,'CDMX','2013-03-26','M',5600,'G','123'),('CACN880424HDRFCD75','FRANCISCO','CASTILLO','NUÑEZ','Felix Parra','Bahia Copal',54196,'CDMX','2003-04-12','M',4700,'M','123'),('CACS840310MDCFRE17','MIRIAM','CAMPOS','SANTOS','Martin Carrera','Banjidal',9450,'CDMX','2013-07-21','M',5200,'M','123'),('COCH940503HMCDVF89','MARTIN','CONTRERAS','HERNANDEZ','Matias Romero','Bahia Copal',54196,'CDMX','2013-05-25','V',4600,'M','123'),('DIDR950325HGDFFV39','MANUEL','DE LA TORRE','ROSAS','Cuahutemoc','Barrio Coltongo',2630,'CDMX','2014-05-24','V',5600,'G','123'),('EAMH950509MMCZPS45','EDITH','MARTINEZ','HERNANDEZ','Miguel Angel de Quevedo','Acatitla',55813,'CDMX','2010-05-13','M',4500,'M','123'),('HEGH910712MMCZPS32','ELENA','GARCIA','HERNANDEZ','Porfirio Diaz','Acozac',56585,'CDMX','2011-06-21','M',4500,'M','123'),('HEHH860513HMCZPS34','EDMUNDO','HERNANDEZ','HERNANDEZ','Miguel Hidalgo','Abraham Gonzalez',1170,'CDMX','2010-02-10','M',6000,'G','123'),('HEHH870923HBVGFD45','CARLOS','HERNANDEZ','HERRERA','Matias Romero','Barrio Coltongo',2630,'CDMX','2014-03-27','M',4500,'M','123'),('HEHH970327MFCVGT23','ANGELICA','HERNANDEZ','HERRERA','Porfirio Diaz','Acozac',56585,'CDMX','2010-03-26','V',4500,'M','123'),('HEHL980323MHFGVB47','ABIGAIL','HERRERA','LOPEZ','Felix Parra','Actipan',3230,'CDMX','2012-07-28','V',4700,'M','123'),('HEHN930627MCFVBG32','CECILIA','HERNANDEZ','NUÑEZ','Porfirio Diaz','Bahia Copal',54196,'CDMX','2011-09-25','V',4200,'M','123'),('HEHS860425MGFDCV56','MIRIAM','HERRERA','SANTOS','Martin Carrera','Banjidal',9450,'CDMX','2013-06-12','M',4600,'M','123'),('LALP980425HFFVCF76','ISAAC','ALONSO','PEÑALOSA','Aldama','Actipan',3230,'CDMX','2012-04-05','V',4500,'M','123'),('LALR980505HCDFVG24','RODRIGO','ALCANTARA','RAMOS','Porfirio Diaz','Acozac',56585,'CDMX','2011-07-28','V',5300,'G','123'),('LELN981134HMVBGF66','DAVID','LEMUS','NUÑEZ','Miguel Hidalgo','Barrio Coltongo',2630,'CDMX','2014-02-17','V',5000,'M','123'),('LOLC870730HFCVGB54','ENRIQUE','LOZANO','CALVA','Feliz Parra','Abraham Gonzalez',1170,'CDMX','2013-07-26','M',5700,'G','123'),('LOLC960715HMFCDR45','LUIS','LOPEZ','CAMPOS','Matias Romero','Bahia Copal',54196,'CDMX','2012-02-06','M',4600,'M','123'),('LOLD920719MDFRCV46','MICHELLE','LOPEZ','DIAZ','Cuahutemoc','Aguilera',2900,'CDMX','2012-03-26','M',5500,'G','123'),('LOLF951124HGRTDF67','BENITO','LOPEZ','FERNANDEZ','Miguel Hidalgo','Abraham Gonzalez',1170,'CDMX','2010-06-17','M',4500,'M','123'),('LOLG860624HDCFVB54','HECTOR','LOZANO','GARCIA','Martin Carrera','Banjidal',9450,'CDMX','2011-11-26','V',5100,'M','123'),('LOLH920324HDCFVB35','HUGO','LOPEZ','HERRERA','Matias Romero','Bahia Copal',54196,'CDMX','2014-05-27','V',5100,'M','123'),('MAMH870325MFDCVF14','CECILIA','MALDONADO','HERNANDEZ','Martin Carrera','Banjidal',9450,'CDMX','2011-07-04','V',5500,'G','123'),('PAPH940226HCFVGB23','MARTIN','PASTOR','HERRERA','Aldama','Actipan',3230,'CDMX','2012-05-16','M',5200,'M','123'),('PAPH970615HDERFC12','MARTIN','PASTOR','HERRERA','Aldama','Actipan',3230,'CDMX','2010-01-27','M',5000,'M','123'),('PEPP830813HMDCGV89','CESAR','PEREZ','PEREZ','Matias Romero','Barrio Coltongo',2630,'CDMX','2010-09-12','M',5400,'G','123'),('RARB920725MFCDRT56','CECILIA','RAMOS','BLANCO','Miguel Hidalgo','Abraham Gonzalez',1170,'CDMX','2011-08-18','M',5300,'M','123'),('RARC920518HDFCRF89','FELIPE','RAMIREZ','CASTRO','Aldama','Actipan',3230,'CDMX','2011-11-13','M',4500,'M','123'),('RARD941106HFCVDR56','DIEGO','RAMOS','DIAZ','Miguel Hidalgo','Abraham Gonzalez',1170,'CDMX','2014-07-06','M',4000,'M','123'),('RARG830928HCDFVB32','MANUEL','RAMOS','GARCIA','Porfirio Diaz','Actipan',3230,'CDMX','2014-06-12','M',4200,'M','123'),('RARH830623HMVBNG45','EDUARDO','RAMIREZ','HERNANDEZ','Martin Carrera','Banjidal',9450,'CDMX','2011-06-23','V',4600,'M','123'),('RARL970425MFVCDR23','DANIELA','RAMOS','LOPEZ','Cuahutemoc','Aguilera',2900,'CDMX','2013-04-06','V',4700,'M','123'),('RARP930714MVGBHN45','DAYANE','RAMIREZ','PACHECO','Miguel Hidalgo','Aguilera',2900,'CDMX','2010-03-30','V',4700,'M','123'),('RARR910123HCFDRS45','BRUNO','RAMOS','ROMERO','Martin Carrera','Banjidal',9450,'CDMX','2012-03-23','M',5400,'G','123'),('RORG950612HMCNVF32','CHRISTOPHER','ROMERO','GONZALEZ','Porfirio Diaz','Acozac',56585,'CDMX','2011-07-19','V',5300,'M','123'),('RURC820430HDCVFD56','FERNANDO','RUIZ','CRUZ','Francisco Villa','Tlalnepantla',54000,'CDMX','2010-05-30','M',6200,'G','123'),('RURC840628HMCDFV24','RAUL','RUIZ','CRUZ','Victoria','Bahia Copal',54196,'CDMX','2013-08-06','V',4900,'M','123'),('RURC960423HBGFVC34','CARLOS','RUIZ','CRUZ','Matias Romero','Bahia Copal',54196,'CDMX','2013-01-21','V',5400,'M','123'),('RURD850826MRFTDC78','BELINDA','RUIZ','DIAZ','Felix Parra','Bahia Copal',54196,'CDMX','2012-05-01','M',4500,'M','123'),('RURL980507HMCZPS06','LUIS','RUIZ','LOPEZ','Aldama','Tlalnepantla',54000,'CDMX','2013-05-28','V',5000,'M','123'),('RURN940623HDCFVF26','ALEJANDRO','RUIZ','NUÑEZ','Matias Romero','Bahia Copal',54196,'CDMX','2012-09-30','V',4800,'M','123'),('SASC830929HDFRTG34','MIGUEL','SANTOS','CASTRO','Porfirio Diaz','Acozac',56585,'CDMX','2013-05-16','M',4900,'M','123'),('SOSB860423HDCFVB34','HAN','SOLO','BERGER','Aldama','Actipan',3230,'CDMX','2010-06-17','V',6500,'G','123'),('VEVH961227MFCVDR34','ESTEFANIA','VYERIA','HERNANDEZ','Cuahutemoc','Aguilera',2900,'CDMX','2012-02-17','V',5000,'G','123'),('VEVN960316MFDSVV18','VICTORIA','VELAZQUEZ','NUÑEZ','Felix Parra','Bahia Copal',54196,'CDMX','2011-08-15','V',4800,'M','123'),('VIVC930530HNDCGV27','ABDIEL','VITALINI','CAMPOS','Martin Carrera','Bandijal',9450,'CDMX','2010-04-16','V',4700,'M','123');
/*!40000 ALTER TABLE `empleado` ENABLE KEYS */;
UNLOCK TABLES;

--
-- Table structure for table `gerente`
--

DROP TABLE IF EXISTS `gerente`;
/*!40101 SET @saved_cs_client     = @@character_set_client */;
/*!40101 SET character_set_client = utf8 */;
CREATE TABLE `gerente` (
  `Empleado_CURP` varchar(20) NOT NULL,
  `fechaAsignacion` date DEFAULT NULL,
  PRIMARY KEY (`Empleado_CURP`),
  CONSTRAINT `Gerente_ibfk_1` FOREIGN KEY (`Empleado_CURP`) REFERENCES `empleado` (`CURP`) ON DELETE CASCADE ON UPDATE CASCADE
) ENGINE=InnoDB DEFAULT CHARSET=latin1;
/*!40101 SET character_set_client = @saved_cs_client */;

--
-- Dumping data for table `gerente`
--

LOCK TABLES `gerente` WRITE;
/*!40000 ALTER TABLE `gerente` DISABLE KEYS */;
INSERT INTO `gerente` VALUES ('BOBH860623HVCDSD24','2016-04-29'),('CACF930216HCDFVT64','2016-03-26'),('DIDR950325HGDFFV39','2016-05-24'),('HEHH860513HMCZPS34','2016-02-10'),('LALR980505HCDFVG24','2016-07-28'),('LOLC870730HFCVGB54','2016-07-26'),('LOLD920719MDFRCV46','2016-03-26'),('MAMH870325MFDCVF14','2016-07-04'),('PEPP830813HMDCGV89','2016-09-12'),('RARR910123HCFDRS45','2016-03-23'),('RURC820430HDCVFD56','2016-05-30'),('SOSB860423HDCFVB34','2016-06-17'),('VEVH961227MFCVDR34','2016-02-17');
/*!40000 ALTER TABLE `gerente` ENABLE KEYS */;
UNLOCK TABLES;

--
-- Table structure for table `local`
--

DROP TABLE IF EXISTS `local`;
/*!40101 SET @saved_cs_client     = @@character_set_client */;
/*!40101 SET character_set_client = utf8 */;
CREATE TABLE `local` (
  `numero` int(11) NOT NULL,
  `nombre` varchar(30) NOT NULL,
  `giroLocal` varchar(10) DEFAULT NULL,
  `gerente_CURP` varchar(20) DEFAULT NULL,
  PRIMARY KEY (`numero`,`nombre`),
  KEY `gerente_CURP` (`gerente_CURP`),
  CONSTRAINT `Local_ibfk_1` FOREIGN KEY (`gerente_CURP`) REFERENCES `gerente` (`Empleado_CURP`) ON DELETE CASCADE ON UPDATE CASCADE
) ENGINE=InnoDB DEFAULT CHARSET=latin1;
/*!40101 SET character_set_client = @saved_cs_client */;

--
-- Dumping data for table `local`
--

LOCK TABLES `local` WRITE;
/*!40000 ALTER TABLE `local` DISABLE KEYS */;
INSERT INTO `local` VALUES (1,'CREMERIA HERNANDEZ','CREMERIA','HEHH860513HMCZPS34'),(2,'ABARROTES HERNANDEZ','ABARROTES','RARR910123HCFDRS45'),(3,'MISCELANEA HERNANDEZ','CREMERIA','CACF930216HCDFVT64'),(4,'REGALOS MARISKA','REGALOS','PEPP830813HMDCGV89'),(5,'PERFUMES HERNANDEZ','REGALOS','CACF930216HCDFVT64'),(6,'CREMERIA SAHUAYO','CREMERIA','RURC820430HDCVFD56'),(7,'ABARROTES TECAMACHALCO','ABARROTES','MAMH870325MFDCVF14'),(8,'SAHUAYO','ABARROTES','DIDR950325HGDFFV39'),(9,'LA LLAVE FELIZ','CERRAJERIA','RURC820430HDCVFD56'),(10,'FARMACIA CURITA','FARMACIA','LALR980505HCDFVG24'),(11,'CREMERIA MIGUEL','CREMERIA','HEHH860513HMCZPS34'),(12,'CONO FELIZ','MAT PRIM','RARR910123HCFDRS45'),(13,'LA VACA ALPURA','CREMERIA','BOBH860623HVCDSD24'),(14,'SEND GIFT','REGALOS','VEVH961227MFCVDR34'),(15,'DORILOCOS','ABARROTES','BOBH860623HVCDSD24'),(16,'UNA MAS','MISCELANEA','RURC820430HDCVFD56'),(17,'LA BROKA','FERRETERIA','BOBH860623HVCDSD24'),(18,'BOCA FELIZ','REP DENTAL','MAMH870325MFDCVF14'),(19,'MIKADO','CREMERIA','HEHH860513HMCZPS34'),(20,'VOGUE','ABARROTES','BOBH860623HVCDSD24'),(21,'ILUMINADO','ABARROTES','LOLD920719MDFRCV46'),(22,'PLATO AZUL','MAT PRIM','DIDR950325HGDFFV39'),(23,'CORONA','MISCELANEA','BOBH860623HVCDSD24'),(24,'CARIES','DULCERIA','RARR910123HCFDRS45'),(25,'FRANCIA','PERFUMES','HEHH860513HMCZPS34'),(26,'CHILE MEXICANO','ABARROTES','LALR980505HCDFVG24'),(27,'CEPILLO','REP DENTAL','BOBH860623HVCDSD24'),(28,'OPEN THIS','CERRAJERIA','LOLD920719MDFRCV46'),(29,'SALCHICHON','CREMERIA','RURC820430HDCVFD56'),(30,'LACTEOS','CREMERIA','HEHH860513HMCZPS34'),(31,'CACEROLA','COMIDA','MAMH870325MFDCVF14'),(32,'DON RAMON','COMIDA','LOLD920719MDFRCV46'),(33,'TAZON PROFUNDO','COMIDA','DIDR950325HGDFFV39'),(34,'SANTA CLAUS','REGALOS','BOBH860623HVCDSD24'),(35,'LOLLIPOP','DULCERIA','HEHH860513HMCZPS34'),(36,'ESTRAZA','ABARROTES','LOLC870730HFCVGB54'),(37,'FULL CONDIMENT','MAT PRIM','BOBH860623HVCDSD24'),(38,'UNICEL','MAT PRIM','RARR910123HCFDRS45'),(39,'ORAL-B','REP DENTAL','PEPP830813HMDCGV89'),(40,'SABRITON','ABARROTES','SOSB860423HDCFVB34'),(41,'BOTELLON','MISCELANEA','LOLC870730HFCVGB54'),(42,'ABRE LA CARTERA','CERRAJERIA','SOSB860423HDCFVB34'),(43,'REPOSITORIO','DULCERIA','DIDR950325HGDFFV39'),(44,'CREMERIA FELIZ','CREMERIA','HEHH860513HMCZPS34'),(45,'ZACATITO','CREMERIA','VEVH961227MFCVDR34'),(46,'QUITA-SARRO','REP DENTAL','RURC820430HDCVFD56'),(47,'FINAL','MAT PRIM','BOBH860623HVCDSD24'),(48,'LA LUZ','ABARROTES','SOSB860423HDCFVB34'),(49,'TOAD','CREMERIA','PEPP830813HMDCGV89'),(50,'PUNISHER','MISCELANEA','VEVH961227MFCVDR34');
/*!40000 ALTER TABLE `local` ENABLE KEYS */;
UNLOCK TABLES;

--
-- Table structure for table `lp`
--

DROP TABLE IF EXISTS `lp`;
/*!40101 SET @saved_cs_client     = @@character_set_client */;
/*!40101 SET character_set_client = utf8 */;
CREATE TABLE `lp` (
  `Producto_codigo` double NOT NULL,
  `Local_numero` int(11) NOT NULL,
  `Local_nombre` varchar(30) NOT NULL,
  `existencia` int(11) DEFAULT NULL,
  PRIMARY KEY (`Producto_codigo`,`Local_numero`,`Local_nombre`),
  KEY `Local_numero` (`Local_numero`,`Local_nombre`),
  CONSTRAINT `LP_ibfk_2` FOREIGN KEY (`Local_numero`, `Local_nombre`) REFERENCES `local` (`numero`, `nombre`) ON DELETE CASCADE ON UPDATE CASCADE,
  CONSTRAINT `lp_ibfk_1` FOREIGN KEY (`Producto_codigo`) REFERENCES `producto` (`codigo`) ON DELETE CASCADE ON UPDATE CASCADE
) ENGINE=InnoDB DEFAULT CHARSET=latin1;
/*!40101 SET character_set_client = @saved_cs_client */;

--
-- Dumping data for table `lp`
--

LOCK TABLES `lp` WRITE;
/*!40000 ALTER TABLE `lp` DISABLE KEYS */;
INSERT INTO `lp` VALUES (1,49,'TOAD',1),(3,26,'CHILE MEXICANO',10),(4,12,'CONO FELIZ',13),(5,2,'ABARROTES HERNANDEZ',42),(5,48,'LA LUZ',12),(8,3,'MISCELANEA HERNANDEZ',30),(8,27,'CEPILLO',6),(8,50,'PUNISHER',15),(10,1,'CREMERIA HERNANDEZ',10),(10,5,'PERFUMES HERNANDEZ',7),(10,25,'FRANCIA',3),(10,42,'ABRE LA CARTERA',13),(11,10,'FARMACIA CURITA',5),(20,43,'REPOSITORIO',26),(30,44,'CREMERIA FELIZ',41),(35,4,'REGALOS MARISKA',10),(40,19,'MIKADO',13),(46,28,'OPEN THIS',9),(46,37,'FULL CONDIMENT',15),(46,47,'FINAL',64),(48,39,'ORAL-B',10),(49,13,'LA VACA ALPURA',34),(50,20,'VOGUE',16),(50,45,'ZACATITO',23),(56,6,'CREMERIA SAHUAYO',15),(70,11,'CREMERIA MIGUEL',41),(75,38,'UNICEL',30),(80,21,'ILUMINADO',15),(80,46,'QUITA-SARRO',13),(96,14,'SEND GIFT',23),(106,22,'PLATO AZUL',1),(107,24,'CARIES',64),(140,2,'ABARROTES HERNANDEZ',20),(145,15,'DORILOCOS',15),(164,40,'SABRITON',7),(175,17,'LA BROKA',5),(185,8,'SAHUAYO',20),(199,18,'BOCA FELIZ',78),(207,23,'CORONA',3),(214,2,'ABARROTES HERNANDEZ',2),(216,33,'TAZON PROFUNDO',23),(230,7,'ABARROTES TECAMACHALCO',13),(234,9,'LA LLAVE FELIZ',26),(240,31,'CACEROLA',13),(246,30,'LACTEOS',15),(250,36,'ESTRAZA',1),(254,41,'BOTELLON',15),(256,16,'UNA MAS',1),(257,34,'SANTA CLAUS',22),(270,35,'LOLLIPOP',12),(286,32,'DON RAMON',17),(288,29,'SALCHICHON',10);
/*!40000 ALTER TABLE `lp` ENABLE KEYS */;
UNLOCK TABLES;

--
-- Table structure for table `merma`
--

DROP TABLE IF EXISTS `merma`;
/*!40101 SET @saved_cs_client     = @@character_set_client */;
/*!40101 SET character_set_client = utf8 */;
CREATE TABLE `merma` (
  `Producto_codigo` double NOT NULL,
  `cantidad` int(11) DEFAULT NULL,
  `proveedor` varchar(20) DEFAULT NULL,
  PRIMARY KEY (`Producto_codigo`),
  CONSTRAINT `merma_ibfk_1` FOREIGN KEY (`Producto_codigo`) REFERENCES `producto` (`codigo`) ON DELETE CASCADE ON UPDATE CASCADE
) ENGINE=InnoDB DEFAULT CHARSET=latin1;
/*!40101 SET character_set_client = @saved_cs_client */;

--
-- Dumping data for table `merma`
--

LOCK TABLES `merma` WRITE;
/*!40000 ALTER TABLE `merma` DISABLE KEYS */;
INSERT INTO `merma` VALUES (1,10,'CAHM950707'),(2,70,'TMHM560420'),(3,234,'CPEM561120'),(4,199,'PERM950129'),(5,8,'CGTM740113'),(6,230,'CTHM741013'),(7,175,'LAMM950229'),(8,30,'CAME820903'),(9,185,'CHRM561220'),(10,56,'CAJS740213'),(11,3,'PEHM560520'),(12,57,'CATM800210'),(13,35,'ALDM740813'),(16,10,'POEM740113'),(20,3,'LEIT650228'),(23,8,'POTM331201'),(26,16,'PERD800110'),(30,11,'PEHM560520'),(34,46,'DORM320417'),(35,3,'ALDM740813'),(40,3,'CAPT680929'),(46,3,'ALRM470701'),(48,3,'TYHM651117'),(49,3,'PQHM900330'),(50,3,'CIRM680429'),(56,3,'CAJS740213'),(57,3,'CATM800210'),(70,3,'TMHM560420'),(75,3,'CAPR321017'),(80,3,'PAHM681019'),(86,3,'UTMS800610'),(96,3,'URHM900730'),(106,3,'CAPR681219'),(107,3,'RTHM330419'),(140,3,'CFHM740613'),(145,3,'CPOE900330'),(164,3,'CAMR470701'),(170,3,'ZMMO800910'),(175,3,'LAMM950229'),(185,3,'CHRM561220'),(199,3,'PERM950129'),(207,3,'CFMM950819'),(216,3,'PERD800110'),(230,3,'CTHM741013'),(234,3,'CPEM561120'),(240,3,'CORL470410'),(246,3,'CTOP470801'),(250,3,'CPEM320317'),(254,3,'COSM650628'),(256,3,'LEMM900930'),(257,3,'CATM800210'),(270,3,'ZMMO800910'),(286,3,'UTMS800610'),(288,3,'CAMR470701');
/*!40000 ALTER TABLE `merma` ENABLE KEYS */;
UNLOCK TABLES;

--
-- Table structure for table `mostrador`
--

DROP TABLE IF EXISTS `mostrador`;
/*!40101 SET @saved_cs_client     = @@character_set_client */;
/*!40101 SET character_set_client = utf8 */;
CREATE TABLE `mostrador` (
  `Empleado_CURP` varchar(20) NOT NULL,
  `montocorte` double NOT NULL DEFAULT '500',
  `nolocalasignado` int(11) NOT NULL,
  `nombrelocal` varchar(45) NOT NULL,
  PRIMARY KEY (`Empleado_CURP`),
  CONSTRAINT `mostrador_ibfk_1` FOREIGN KEY (`Empleado_CURP`) REFERENCES `empleado` (`CURP`) ON DELETE CASCADE ON UPDATE CASCADE
) ENGINE=InnoDB DEFAULT CHARSET=latin1;
/*!40101 SET character_set_client = @saved_cs_client */;

--
-- Dumping data for table `mostrador`
--

LOCK TABLES `mostrador` WRITE;
/*!40000 ALTER TABLE `mostrador` DISABLE KEYS */;
INSERT INTO `mostrador` VALUES ('CACC910325HDCDFC56',500,7,'ABARROTES TECAMACHALCO'),('CACC950225HBGVCF67',500,35,'LOLLIPOP'),('CACN880424HDRFCD75',500,14,'SEND GIFT'),('CACS840310MDCFRE17',500,11,'CREMERIA MIGUEL'),('COCH940503HMCDVF89',500,2,'ABARROTES HERNANDEZ'),('EAMH950509MMCZPS45',500,1,'CREMERIA HERNANDEZ'),('HEGH910712MMCZPS32',500,3,'MISCELANEA HERNANDEZ'),('HEHH870923HBVGFD45',500,1,'CREMERIA HERNANDEZ'),('HEHH970327MFCVGT23',500,16,'UNA MAS'),('HEHL980323MHFGVB47',500,42,'ABRE LA CARTERA'),('HEHN930627MCFVBG32',500,45,'ZACATITO'),('HEHS860425MGFDCV56',500,23,'CORONA'),('LALP980425HFFVCF76',500,28,'OPEN THIS'),('LELN981134HMVBGF66',500,2,'ABARROTES HERNANDEZ'),('LOLC960715HMFCDR45',500,9,'LA LLAVE FELIZ'),('LOLF951124HGRTDF67',500,2,'ABARROTES HERNANDEZ'),('LOLG860624HDCFVB54',500,44,'CREMERIA FELIZ'),('LOLH920324HDCFVB35',500,36,'ESTRAZA'),('PAPH940226HCFVGB23',500,3,'MISCELANEA HERNANDEZ'),('PAPH970615HDERFC12',500,24,'CARIES'),('RARB920725MFCDRT56',500,30,'LACTEOS'),('RARC920518HDFCRF89',500,49,'TOAD'),('RARD941106HFCVDR56',500,15,'DORILOCOS'),('RARG830928HCDFVB32',500,33,'TAZON PROFUNDO'),('RARH830623HMVBNG45',500,27,'CEPILLO'),('RARL970425MFVCDR23',500,40,'SABRITON'),('RARP930714MVGBHN45',500,10,'FARMACIA CURITA'),('RORG950612HMCNVF32',500,4,'REGALOS MARISKA'),('RURC840628HMCDFV24',500,48,'LA LUZ'),('RURC960423HBGFVC34',500,4,'REGALOS MARISKA'),('RURD850826MRFTDC78',500,6,'CREMERIA SAHUAYO'),('RURL980507HMCZPS06',500,3,'MISCELANEA HERNANDEZ'),('RURN940623HDCFVF26',500,12,'CONO FELIZ'),('SASC830929HDFRTG34',500,32,'DON RAMON'),('VEVN960316MFDSVV18',500,38,'UNICEL'),('VIVC930530HNDCGV27',500,19,'MIKADO');
/*!40000 ALTER TABLE `mostrador` ENABLE KEYS */;
UNLOCK TABLES;

--
-- Table structure for table `pedido`
--

DROP TABLE IF EXISTS `pedido`;
/*!40101 SET @saved_cs_client     = @@character_set_client */;
/*!40101 SET character_set_client = utf8 */;
CREATE TABLE `pedido` (
  `idpedido` int(11) NOT NULL AUTO_INCREMENT,
  `montoTotal` double DEFAULT NULL,
  `noProductos` int(11) DEFAULT NULL,
  `fechaRealizacion` date DEFAULT NULL,
  `fechaEntrega` date DEFAULT NULL,
  `Proveedor_RFC` varchar(20) CHARACTER SET latin1 DEFAULT NULL,
  `Gerente_CURP` varchar(20) CHARACTER SET latin1 DEFAULT NULL,
  PRIMARY KEY (`idpedido`),
  KEY `Proveedor_RFC` (`Proveedor_RFC`),
  KEY `Gerente_CURP` (`Gerente_CURP`),
  CONSTRAINT `pedido_ibfk_1` FOREIGN KEY (`Proveedor_RFC`) REFERENCES `proveedor` (`RFC`) ON DELETE CASCADE ON UPDATE CASCADE,
  CONSTRAINT `pedido_ibfk_2` FOREIGN KEY (`Gerente_CURP`) REFERENCES `gerente` (`Empleado_CURP`) ON DELETE CASCADE ON UPDATE CASCADE
) ENGINE=InnoDB AUTO_INCREMENT=55 DEFAULT CHARSET=utf8;
/*!40101 SET character_set_client = @saved_cs_client */;

--
-- Dumping data for table `pedido`
--

LOCK TABLES `pedido` WRITE;
/*!40000 ALTER TABLE `pedido` DISABLE KEYS */;
INSERT INTO `pedido` VALUES (1,194.5,6,'2017-03-20','2017-03-21','CAHM950707','HEHH860513HMCZPS34'),(2,54,2,'2017-03-20','2017-03-20','CFHM740613','RARR910123HCFDRS45'),(3,39.5,1,'2017-03-21','2017-03-22','CGTM740113','CACF930216HCDFVT64'),(4,100,12,'2017-03-21','2017-03-25','ALDM740813','PEPP830813HMDCGV89'),(5,285.5,13,'2017-03-21','2017-03-23','POEM740113','CACF930216HCDFVT64'),(6,120,3,'2017-03-22','2017-03-22','CAJS740213','RURC820430HDCVFD56'),(7,56.5,1,'2017-03-22','2017-03-23','CTHM741013','MAMH870325MFDCVF14'),(8,98.5,5,'2017-03-22','2017-03-26','CHRM561220','DIDR950325HGDFFV39'),(9,134,8,'2017-03-28','2017-03-30','CPEM561120','RURC820430HDCVFD56'),(10,573,21,'2017-03-28','2017-03-28','PEHM560520','LALR980505HCDFVG24'),(11,1045,46,'2017-03-28','2017-04-01','TMHM560420','HEHH860513HMCZPS34'),(12,89.5,8,'2017-03-28','2017-03-29','WLHM950930','RARR910123HCFDRS45'),(13,98.5,5,'2017-03-30','2017-04-01','PQHM900330','BOBH860623HVCDSD24'),(14,213,17,'2017-03-30','2017-04-02','URHM900730','VEVH961227MFCVDR34'),(15,179,21,'2017-04-01','2017-04-05','CPOE900330','BOBH860623HVCDSD24'),(16,58,16,'2017-04-01','2017-04-01','LEMM900930','RURC820430HDCVFD56'),(17,10,1,'2017-04-01','2017-04-02','LAMM950229','BOBH860623HVCDSD24'),(18,38,1,'2017-04-02','2017-04-03','PERM950129','MAMH870325MFDCVF14'),(19,95.5,6,'2017-04-02','2017-04-02','CAPT680929','HEHH860513HMCZPS34'),(20,102,8,'2017-04-02','2017-04-04','CIRM680429','BOBH860623HVCDSD24'),(21,56,3,'2017-04-03','2017-04-03','PAHM681019','LOLD920719MDFRCV46'),(22,89,8,'2017-04-03','2017-04-04','CAPR681219','DIDR950325HGDFFV39'),(23,133.5,3,'2017-04-04','2017-04-05','CFMM950819','BOBH860623HVCDSD24'),(24,178,18,'2017-04-04','2017-04-04','RTHM330419','RARR910123HCFDRS45'),(25,90.5,10,'2017-04-04','2017-04-07','LAHM330619','HEHH860513HMCZPS34'),(26,21,1,'2017-04-05','2017-04-05','MERM331001','LALR980505HCDFVG24'),(27,54,3,'2017-04-10','2017-04-10','POTM331201','BOBH860623HVCDSD24'),(28,67,5,'2017-04-10','2017-04-12','ALRM470701','LOLD920719MDFRCV46'),(29,10.5,1,'2017-04-10','2017-04-11','CAMR470701','RURC820430HDCVFD56'),(30,677,32,'2017-04-12','2017-04-15','CTOP470801','HEHH860513HMCZPS34'),(31,24,1,'2017-04-12','2017-04-12','CORL470410','MAMH870325MFDCVF14'),(32,8,1,'2017-04-19','2017-04-20','UTMS800610','LOLD920719MDFRCV46'),(33,120,14,'2017-04-19','2017-04-19','PERD800110','DIDR950325HGDFFV39'),(34,32.5,6,'2017-04-19','2017-04-22','CATM800210','BOBH860623HVCDSD24'),(35,68,4,'2017-04-24','2017-04-24','ZMMO800910','HEHH860513HMCZPS34'),(36,100,5,'2017-04-24','2017-04-25','CPEM320317','LOLC870730HFCVGB54'),(37,230.5,14,'2017-04-24','2017-04-28','DORM320417','BOBH860623HVCDSD24'),(38,46,4,'2017-04-30','2017-05-01','CAPR321017','RARR910123HCFDRS45'),(39,87.5,10,'2017-04-30','2017-05-02','TYHM651117','PEPP830813HMDCGV89'),(40,12,1,'2017-05-02','2017-05-04','OEHM650928','SOSB860423HDCFVB34'),(41,43.5,3,'2017-05-02','2017-05-02','COSM650628','LOLC870730HFCVGB54'),(42,98,7,'2017-05-02','2017-05-03','CORE650328','SOSB860423HDCFVB34'),(43,43,8,'2017-05-04','2017-05-07','LEIT650228','DIDR950325HGDFFV39'),(44,132.5,12,'2017-05-04','2017-05-07','CAME820903','HEHH860513HMCZPS34'),(45,76,10,'2017-05-10','2017-05-11','CPEM820303','VEVH961227MFCVDR34'),(46,59.5,3,'2017-05-10','2017-05-10','LOHM820103','RURC820430HDCVFD56'),(47,20.5,1,'2017-05-10','2017-05-12','ROTM400709','BOBH860623HVCDSD24'),(48,43.5,6,'2017-05-15','2017-05-16','PORM400709','SOSB860423HDCFVB34'),(49,10,1,'2017-05-15','2017-05-15','ELRM400809','PEPP830813HMDCGV89'),(50,56.6,6,'2017-05-15','2017-05-19','CATI400407','VEVH961227MFCVDR34'),(51,75,2,'2017-08-01','2017-08-03','LOHM820103','RARR910123HCFDRS45 '),(53,404,2,'2017-05-24','2017-05-30','CPOE900330','RARR910123HCFDRS45 '),(54,231,2,'2017-01-02','2017-01-03','TYHM651117','RARR910123HCFDRS45 ');
/*!40000 ALTER TABLE `pedido` ENABLE KEYS */;
UNLOCK TABLES;

--
-- Table structure for table `pp`
--

DROP TABLE IF EXISTS `pp`;
/*!40101 SET @saved_cs_client     = @@character_set_client */;
/*!40101 SET character_set_client = utf8 */;
CREATE TABLE `pp` (
  `Proveedor_RFC` varchar(20) CHARACTER SET latin1 NOT NULL,
  `Producto_codigo` double NOT NULL,
  `precio` double DEFAULT NULL,
  PRIMARY KEY (`Proveedor_RFC`,`Producto_codigo`),
  KEY `Producto_codigo` (`Producto_codigo`),
  CONSTRAINT `pp_ibfk_1` FOREIGN KEY (`Producto_codigo`) REFERENCES `producto` (`codigo`) ON DELETE CASCADE ON UPDATE CASCADE,
  CONSTRAINT `pp_ibfk_2` FOREIGN KEY (`Proveedor_RFC`) REFERENCES `proveedor` (`RFC`) ON DELETE CASCADE ON UPDATE CASCADE
) ENGINE=InnoDB DEFAULT CHARSET=utf8;
/*!40101 SET character_set_client = @saved_cs_client */;

--
-- Dumping data for table `pp`
--

LOCK TABLES `pp` WRITE;
/*!40000 ALTER TABLE `pp` DISABLE KEYS */;
INSERT INTO `pp` VALUES ('ALDM740813',35,4),('ALRM470701',46,28),('CAHM950707',10,1),('CAJS740213',56,6),('CAME820903',30,44),('CAMR470701',288,29),('CAPR321017',75,38),('CAPR681219',106,22),('CAPT680929',40,19),('CATI400407',8,50),('CATM800210',257,34),('CFHM740613',140,2),('CFMM950819',207,23),('CGTM740113',8,3),('CHRM561220',185,8),('CIRM680429',50,20),('CORE650328',10,42),('CORL470410',240,31),('COSM650628',254,41),('CPEM320317',250,36),('CPEM561120',234,9),('CPEM820303',50,45),('CPOE900330',145,15),('CTHM741013',230,7),('CTOP470801',246,30),('DORM320417',46,37),('ELRM400809',1,49),('LAHM330619',10,25),('LAMM950229',175,17),('LEIT650228',20,43),('LEMM900930',256,16),('LOHM820103',80,46),('MERM331001',3,26),('OEHM650928',164,40),('PAHM681019',80,21),('PEHM560520',11,10),('PERD800110',216,33),('PERM950129',199,18),('POEM740113',10,5),('PORM400709',5,48),('POTM331201',8,27),('PQHM900330',49,13),('ROTM400709',46,47),('RTHM330419',107,24),('TMHM560420',70,11),('TYHM651117',48,39),('URHM900730',96,14),('UTMS800610',286,32),('WLHM950930',4,12),('ZMMO800910',270,35);
/*!40000 ALTER TABLE `pp` ENABLE KEYS */;
UNLOCK TABLES;

--
-- Table structure for table `ppe`
--

DROP TABLE IF EXISTS `ppe`;
/*!40101 SET @saved_cs_client     = @@character_set_client */;
/*!40101 SET character_set_client = utf8 */;
CREATE TABLE `ppe` (
  `idPedido` int(11) NOT NULL,
  `codigo` double NOT NULL,
  `cantidad` int(11) DEFAULT NULL,
  PRIMARY KEY (`idPedido`,`codigo`),
  KEY `codigo` (`codigo`),
  CONSTRAINT `ppe_ibfk_1` FOREIGN KEY (`idPedido`) REFERENCES `pedido` (`idpedido`) ON DELETE CASCADE ON UPDATE CASCADE,
  CONSTRAINT `ppe_ibfk_2` FOREIGN KEY (`codigo`) REFERENCES `producto` (`codigo`) ON DELETE CASCADE ON UPDATE CASCADE
) ENGINE=InnoDB DEFAULT CHARSET=utf8;
/*!40101 SET character_set_client = @saved_cs_client */;

--
-- Dumping data for table `ppe`
--

LOCK TABLES `ppe` WRITE;
/*!40000 ALTER TABLE `ppe` DISABLE KEYS */;
INSERT INTO `ppe` VALUES (6,24,7),(6,56,7),(6,132,7),(23,13,7),(23,231,7),(53,24,7),(53,247,7),(54,5,3),(54,214,7);
/*!40000 ALTER TABLE `ppe` ENABLE KEYS */;
UNLOCK TABLES;

--
-- Table structure for table `producto`
--

DROP TABLE IF EXISTS `producto`;
/*!40101 SET @saved_cs_client     = @@character_set_client */;
/*!40101 SET character_set_client = utf8 */;
CREATE TABLE `producto` (
  `codigo` double NOT NULL AUTO_INCREMENT,
  `nombre` varchar(50) DEFAULT NULL,
  `marca` varchar(15) DEFAULT NULL,
  `tipoVenta` varchar(3) DEFAULT NULL,
  `precio` double DEFAULT NULL,
  `limiteMin` double DEFAULT NULL,
  `limiteMax` double DEFAULT NULL,
  `tamañoCantidad` double DEFAULT NULL,
  `tamañoUnidad` varchar(5) DEFAULT NULL,
  `descuento` int(11) DEFAULT NULL,
  PRIMARY KEY (`codigo`)
) ENGINE=InnoDB AUTO_INCREMENT=289 DEFAULT CHARSET=latin1;
/*!40101 SET character_set_client = @saved_cs_client */;

--
-- Dumping data for table `producto`
--

LOCK TABLES `producto` WRITE;
/*!40000 ALTER TABLE `producto` DISABLE KEYS */;
INSERT INTO `producto` VALUES (1,'FUSSILLI','BARILLA','PZA',10,2,10,500,'GR',0),(2,'SPAGHETTI','BARILLA','PZA',5,10,2,500,'GR',0),(3,'FIDEO 0','LA MODERNA','PZA',5,10,40,200,'GR',0),(4,'FIDEO 2','LA MODERNA','PZA',5,5,20,200,'GR',0),(5,'MUNICION','LA MODERNA','PZA',5,5,20,200,'GR',0),(6,'TALLARÍN 1','LA MODERNA','PZA',5,5,20,200,'GR',0),(7,'PLUMA','LA MODERNA','PZA',5,5,20,200,'GR',0),(8,'TORNILLO','LA MODERNA','PZA',5,5,20,200,'GR',0),(9,'PAPEL HIGIÉNICO','VOGUE','PZA',25,5,20,650,'HOJAS',0),(10,'SOPA INSTANTÁNEA CAMARÓN','MARUCHAN','PZA',8,5,20,64,'GR',0),(11,'SOPA INSTANTÁNEA CAMARÓN CON CHILE PIQUÍN','MARUCHAN','PZA',8,5,20,64,'GR',0),(12,'SOPA INSTANTÁNEA CAMARÓN CON HABANERO','MARUCHAN','PZA',8,5,20,64,'GR',0),(13,'SOPA INSTANTÁNEA POLLO','MARUCHAN','PZA',8,5,20,64,'GR',0),(14,'SOPA INSTANTÁNEA CARNE','MARUCHAN','PZA',8,5,20,64,'GR',0),(15,'SERVILLETAS','ELITE','PZA',20,5,20,500,'HOJAS',0),(16,'SERVILLETAS','KIMLARK','PZA',20,5,20,500,'HOJAS',0),(17,'SERVILLETAS','NUEX','PZA',17,5,20,500,'HOJAS',0),(18,'CAFÉ MOLIDO','BLASÓN','PZA',50,1,5,500,'GR',0),(19,'CAFÉ MOLIDO','CAFÉ MEXICANO','PZA',90,1,5,750,'GR',0),(20,'AVENA','QUAKER OATS','PZA',25,1,5,200,'GR',0),(21,'CEREAL','FROOT LOOPS','PZA',25,1,3,1.23,'KG',0),(22,'CONCENTRADO DE HORCHATA','TUCÁN','PZA',16,1,5,500,'ML',0),(23,'CONCENTRADO DE HORCHATA','TUCÁN','PZA',28,1,5,1,'L',0),(24,'CONCENTRADO DE TAMARINDO','TUCÁN','PZA',28,1,5,1,'L',0),(25,'CONCENTRADO DE TAMARINDO','TUCÁN','PZA',16,1,5,500,'ML',0),(26,'CONCENTRADO DE JAMAICA','TUCÁN','PZA',16,1,5,500,'ML',0),(27,'CONCENTRADO DE JAMAICA','TUCÁN','PZA',28,1,5,1,'L',0),(28,'SALSA PICANTE','LA BOTANERA','PZA',20,1,5,1,'L',0),(29,'SALSA PICANTE','LA BOTANERA','PZA',10,1,5,500,'ML',0),(30,'ACEITE GIRASOL','CRISTAL','PZA',14,5,30,500,'ML',0),(31,'ACEITE GIRASOL','CRISTAL','PZA',26,3,15,1,'L',0),(32,'ACEITE GIRASOL','CRISTAL','PZA',32,2,10,1.5,'L',0),(33,'SALSA CATSUP','DEL MONTE','PZA',16,2,10,500,'ML',0),(34,'SALSA CATSUP','DEL MONTE','PZA',20,1,5,750,'ML',0),(35,'DESINFECTANTE DE VERDURAS','MICRODIN','PZA',12,5,20,15,'ML',0),(36,'ARROZ LARGO','SOS','PZA',18,3,10,1,'KG',0),(37,'ARROZ GRUESO','SOS','PZA',24,3,10,1,'KG',0),(38,'ARROZ INTEGRAL','SOS','PZA',28,2,5,1,'KG',0),(39,'FÉCULA DE MAÍZ','MAIZENA','PZA',15,2,5,250,'GR',0),(40,'FÉCULA DE MAÍZ','MAIZENA','PZA',22,1,3,500,'GR',0),(41,'LECHE ENTERA','ALPURA','PZA',19,5,30,1,'L',0),(42,'LECHE DESLACTOSADA','ALPURA','PZA',22,5,30,1,'L',0),(43,'LECHE SEMI','ALPURA','PZA',20,5,15,1,'L',0),(44,'LECHE LIGHT','ALPURA','PZA',20,5,15,1,'L',0),(45,'CAFÉ SOLUBLE','NESCAFÉ','PZA',90,1,3,225,'GR',0),(46,'CAFÉ SOLUBLE','NESCAFÉ','PZA',7,3,10,5,'GR',0),(47,'CAFÉ SOLUBLE','NESCAFÉ','PZA',300,1,2,1.2,'KG',0),(48,'CAFÉ SOLUBLE','NESCAFÉ','PZA',35,5,20,95,'GR',0),(49,'CALDO DE POLLO','KNOR','PZA',4.5,20,200,3,'GR',0),(50,'TÉ DE MANZANILLA','MCCORMICK','PZA',20,1,5,20,'SOBRE',0),(51,'TÉ DE LIMÓN','MCCORMICK','PZA',20,1,5,20,'SOBRE',0),(52,'TÉ DE HIERBABUENA','MCCORMICK','PZA',20,1,5,20,'SOBRE',0),(53,'TÉ VERDE','MCCORMICK','PZA',20,1,5,20,'SOBRE',0),(54,'TÉ DE ANÍS','MCCORMICK','PZA',20,1,5,20,'SOBRE',0),(55,'TÉ DE MANZANA CON CANELA','MCCORMICK','PZA',20,1,5,20,'SOBRE',0),(56,'TÉ DE MANZANA CON CANELA','LA PASTORA','PZA',22,1,5,20,'SOBRE',0),(57,'TÉ DE MANZANILLA','LA PASTORA','PZA',22,1,5,20,'SOBRE',0),(58,'SARDINA EN TOMATE','GUAYMEX','PZA',24,3,15,200,'GR',0),(59,'TOALLAS HÚMEDAS','FEEL FRESH','PZA',13,1,5,30,'PZS',0),(60,'SHAMPOO','CLEAR','PZA',12,1,5,100,'ML',0),(61,'CERA LÍQUIDA PARA ZAPATOS NEGRO','NUGGET','PZA',10,1,5,60,'ML',0),(62,'CERA LÍQUIDA PARA ZAPATOS CAFÉ','NUGGET','PZA',10,1,5,60,'ML',0),(63,'CERA LÍQUIDA PARA ZAPATOS BLANCO','NUGGET','PZA',10,1,5,60,'ML',0),(64,'GEL','EGO','PZA',10,1,5,200,'ML',0),(65,'GEL','XTREME','PZA',10,1,5,250,'GR',0),(66,'ACEITE PARA BEBÉ','MENNEN','PZA',15,1,5,100,'ML',0),(67,'CREMA PARA CABELLO CLIMA RESIST','SEDAL','PZA',28,1,5,300,'ML',0),(68,'CREMA PARA CABELLO LISO PERFECTO','SEDAL','PZA',28,1,5,300,'ML',0),(69,'CREMA PARA CABELLO RECONSTRUCCIÓN ESTRUCTURAL','SEDAL','PZA',28,1,5,300,'ML',0),(70,'COMIDA PARA GATOS SOBRE FILLETS RES','WHISKAS','PZA',7.5,2,7,85,'GR',0),(71,'COMIDA PARA GATOS SOBRE FILLETS ATUN','WHISKAS','PZA',7.5,2,7,85,'GR',0),(72,'COMIDA PARA GATOS SOBRE FILLETS PESCADO BLANCO','WHISKAS','PZA',7.5,2,7,85,'GR',0),(73,'COMIDA PARA GATOS SOBRE FILLETS BROCHETAS PARA RES','WHISKAS','PZA',7.5,2,7,85,'GR',0),(74,'COMIDA PARA GATOS SOBRE PARRILLADA MIXTA','WHISKAS','PZA',7.5,2,7,85,'GR',0),(75,'COMIDA PARA GATOS SOBRE POLLO','WHISKAS','PZA',7.5,2,7,85,'GR',0),(76,'COMIDA PARA GATOS SOBRE PAVO','WHISKAS','PZA',7.5,2,7,85,'GR',0),(77,'COMIDA PARA GATOS SOBRE SUPREME POLLO','WHISKAS','PZA',10,2,7,75,'GR',0),(78,'COMIDA PARA GATOS SOBRE SUPREME RES','WHISKAS','PZA',10,2,7,75,'GR',0),(79,'COMIDA PARA GATOS SOBRE SUPREME ATÚN','WHISKAS','PZA',10,2,7,75,'GR',0),(80,'COMIDA PARA GATOS SOBRE SUPREME SALMÓN','WHISKAS','PZA',10,2,7,75,'GR',0),(81,'COMIDA PARA GATOS LATA ATÚN','WHISKAS','PZA',13,2,5,156,'GR',0),(82,'COMIDA PARA GATOS LATA SALMÓN','WHISKAS','PZA',13,2,5,156,'GR',0),(83,'COMIDA PARA GATOS LATA CARNE DE RES','WHISKAS','PZA',13,2,5,156,'GR',0),(84,'COMIDA PARA GATOS LATA PAVO','WHISKAS','PZA',13,2,5,156,'GR',0),(85,'COMIDA PARA GATOS SOBRE CARNE EN SALSA','FELIX','PZA',13,2,5,85,'GR',0),(86,'COMIDA PARA GATOS SOBRE SALMÓN Y PAVO','FELIX','PZA',10,2,5,85,'GR',0),(87,'COMIDA PARA GATOS SOBRE PAVO Y MENUDENCIAS','FELIX','PZA',10,2,5,85,'GR',0),(88,'COMIDA PARA GATOS SOBRE ATÚN','FELIX','PZA',10,2,5,85,'GR',0),(89,'TOALLA FEMENINA PRINCESS','ALWAYS','PZA',16,1,5,6,'PZS',0),(90,'TOALLA FEMENINA ACTIVE','ALWAYS','PZA',22,1,5,14,'PZS',0),(91,'TOALLA FEMENINA','KOTEX','PZA',22,1,5,10,'PZS',0),(92,'TOALLA FEMENINA UNIKA','KOTEX','PZA',28,1,5,22,'PZS',0),(93,'TOALLA FEMENINA PLATINUM','ALWAYS','PZA',20,1,5,8,'PZS',0),(94,'TOALLA FEMENINA BUENAS NOCHES','SABA','PZA',18,1,5,8,'PZS',0),(95,'COMIDA PERRO SOBRE FESTIVAL DE POLLO ADULTO','DOG CHOW','PZA',10,2,8,100,'GR',0),(96,'COMIDA PERRO SOBRE PICNIC CORDERO ADULTO','DOG CHOW','PZA',10,2,8,100,'GR',0),(97,'COMIDA PERRO SOBRE TROZOS POLLO CACHORRO','DOG CHOW','PZA',10,2,8,100,'GR',0),(98,'COMIDA PERRO SOBRE CENA PAVO ADULTO','DOG CHOW','PZA',10,2,8,100,'GR',0),(99,'COMIDA PERRO SOBRE CENA CARNE ADULTO','DOG CHOW','PZA',10,2,8,100,'GR',0),(100,'COMIDA PERRO SOBRE BUFFET POLLO Y CARNE ADULTO','DOG CHOW','PZA',10,2,8,100,'GR',0),(101,'COMIDA PERRO SOBRE RES ADULTO','PEDIGREE','PZA',9,2,8,100,'GR',0),(102,'COMIDA PERRO SOBRE POLLO ADULTO','PEDIGREE','PZA',9,2,8,100,'GR',0),(103,'COMIDA PERRO SOBRE POLLO ESTILO CAMPIRANO ADULTO','PEDIGREE','PZA',9,2,8,100,'GR',0),(104,'COMIDA PERRO SOBRE RAZA PEQUEÑA RES','PEDIGREE','PZA',9,2,8,100,'GR',0),(105,'COMIDA PERRO SOBRE RAZA PEQUEÑA POLLO','PEDIGREE','PZA',9,2,8,100,'GR',0),(106,'COMIDA PERRO SOBRE CACHORRO POLLO','PEDIGREE','PZA',9,2,8,100,'GR',0),(107,'COMIDA PERRO SOBRE CACHORRO RES','PEDIGREE','PZA',9,2,8,100,'GR',0),(108,'COMIDA PERRO SOBRE RAZA PEQUEÑA','PEDIGREE','PZA',12,1,5,150,'GR',0),(109,'COMIDA PERRO SOBRE ADULTO','PEDIGREE','PZA',12,1,5,150,'GR',0),(110,'COMIDA PERRO SOBRE CACHORRO','PEDIGREE','PZA',12,1,5,150,'GR',0),(111,'PEPITA PELADA','LA HERRADURA','GRL',65,0.5,2,1,'KG',0),(112,'CIRUELA PASA SIN HUESO','LA HERRADURA','GRL',100,0.5,2,1,'KG',0),(113,'CIRUELA PASA','LA HERRADURA','GRL',80,0.5,2,1,'KG',0),(114,'PASAS','LA HERRADURA','GRL',60,0.5,2,1,'KG',0),(115,'CACAHUATE','LA HERRADURA','GRL',60,0.5,2,1,'KG',0),(116,'AJONJOLÍ','LA HERRADURA','GRL',60,0.5,2,1,'KG',0),(117,'CHILE PIQUÍN','LA HERRADURA','GRL',70,0.25,1,1,'KG',0),(118,'AMARANTO','LA HERRADURA','GRL',80,0.5,2,1,'KG',0),(119,'GIRASOL PELADO','LA HERRADURA','GRL',60,0.25,1,1,'KG',0),(120,'FOCO','PANASONIC','PZA',20,3,10,1,'PZS',0),(121,'NUEZ ENTERA','LA HERRADURA','GRL',250,0.5,2,1,'KG',0),(122,'NUEZ PARTIDA','LA HERRADURA','GRL',220,0.5,2,1,'KG',0),(123,'NUEZ PICADA','LA HERRADURA','GRL',240,0.5,2,1,'KG',0),(124,'ARÁNDANO','LA HERRADURA','GRL',80,0.5,2,1,'KG',0),(125,'ALMENDRA','LA HERRADURA','GRL',260,0.5,2,1,'KG',0),(126,'AVENA','LA HERRADURA','GRL',18,0.5,2,1,'KG',0),(127,'GRANOLA','LA HERRADURA','GRL',50,0.25,1,1,'KG',0),(128,'GELATINA LECHE CHOCOLATE','D GARI','PZA',8.5,3,10,140,'GR',0),(129,'GELATINA LECHE FRESA','D GARI','PZA',8.5,3,10,140,'GR',0),(130,'GELATINA LECHE VAINILLA','D GARI','PZA',8.5,3,10,140,'GR',0),(131,'GELATINA LECHE NUEZ','D GARI','PZA',8.5,3,10,140,'GR',0),(132,'GELATINA LECHE PISTACHE','D GARI','PZA',8.5,3,10,140,'GR',0),(133,'GELATINA LECHE COCO','D GARI','PZA',8.5,3,10,140,'GR',0),(134,'GELATINA LECHE ROMPOPE','D GARI','PZA',8.5,3,10,140,'GR',0),(135,'GELATINA ANIS','D GARI','PZA',8.5,3,10,140,'GR',0),(136,'GELATINA FRAMBUESA','D GARI','PZA',8.5,3,10,140,'GR',0),(137,'GELATINA GROSELLA','D GARI','PZA',8.5,3,10,140,'GR',0),(138,'GELATINA JEREZ','D GARI','PZA',8.5,3,10,140,'GR',0),(139,'GELATINA LIMÓN','D GARI','PZA',8.5,3,10,140,'GR',0),(140,'GELATINA MANDARINA','D GARI','PZA',8.5,3,10,140,'GR',0),(141,'GELATINA MANGO','D GARI','PZA',8.5,3,10,140,'GR',0),(142,'GELATINA MANZANA','D GARI','PZA',8.5,3,10,140,'GR',0),(143,'GELATINA MELÓN','D GARI','PZA',8.5,3,10,140,'GR',0),(144,'GELATINA MORA AZUL','D GARI','PZA',8.5,3,10,140,'GR',0),(145,'GELATINA NARANJA','D GARI','PZA',8.5,3,10,140,'GR',0),(146,'GELATINA PIÑA','D GARI','PZA',8.5,3,10,140,'GR',0),(147,'GELATINA UVA','D GARI','PZA',8.5,3,10,140,'GR',0),(148,'GELATINA CEREZA','D GARI','PZA',8.5,3,10,140,'GR',0),(149,'GELATINA LIMA','D GARI','PZA',8.5,3,10,140,'GR',0),(150,'GELATINA FRESA','D GARI','PZA',8.5,3,10,140,'GR',0),(151,'GELATINA DURAZNO','D GARI','PZA',8.5,3,10,140,'GR',0),(152,'GELATINA LIGHT LIMÓN','D GARI','PZA',10,3,10,20,'GR',0),(153,'GELATINA LIGHT JEREZ','D GARI','PZA',10,3,10,20,'GR',0),(154,'GELATINA LIGHT UVA','D GARI','PZA',10,3,10,20,'GR',0),(155,'FLAN','JELLO','PZA',9,3,10,85,'GR',0),(156,'FLAN','PRONTO','PZA',10,3,10,136,'GR',0),(157,'FLAN','D GARI','PZA',9,1,5,140,'GR',0),(158,'SHAMPOO','CAPRICE','PZA',14,1,5,220,'ML',0),(159,'PAÑO MICRO FIBRA','SCOTCH-BRITE','PZA',15,1,3,1,'PZS',0),(160,'FIBRA VERDE GIGANTE','SCOTCH-BRITE','PZA',15,1,3,1,'PZS',0),(161,'FIBRA VERDE POPULAR','SCOTCH-BRITE','PZA',10,1,3,1,'PZS',0),(162,'FIBRA ESPONJA MEDIANA','SCOTCH-BRITE','PZA',13,1,3,1,'PZS',0),(163,'DESODORANTE','SPEED STICK','PZA',10,3,10,30,'ML',0),(164,'DESODORANTE','LADY STICK','PZA',10,3,10,30,'ML',0),(165,'RASTRILLO EXACTA 2','SHICK','PZA',7,3,10,1,'PZS',0),(166,'ACONDICIONADOR','VO5','PZA',25,1,5,800,'ML',0),(167,'PASTA DENTAL TRIPLE ACCIÓN','COLGATE','PZA',16,1,5,150,'ML',0),(168,'PASTA DENTAL LUMINOUS WHITE','COLGATE','PZA',7,1,5,22,'ML',0),(169,'PASTA DENTAL PRO-SAÚDE','ORAL-B','PZA',10,1,5,70,'ML',0),(170,'PASTA DENTAL 50ML + CEPILLO','CREST','PZA',22,1,5,1,'PZS',0),(171,'PASTA DENTAL 70GR + CEPILLO','ORAL-B','PZA',35,1,5,1,'PZS',0),(172,'SHAMPOO MIEL Y MANZANILLA','MENNEN','PZA',17,1,5,220,'ML',0),(173,'AGUA OXIGENADA','ZUUM','PZA',10,1,5,420,'ML',0),(174,'JABÓN BARRA','ZOTE','PZA',14,3,10,400,'GR',0),(175,'JABÓN BARRA','ZOTE','PZA',7,3,10,250,'GR',0),(176,'JABÓN BARRA','ZOTE','PZA',4,3,10,100,'GR',0),(177,'JABÓN BARRA','VIVA','PZA',13,2,5,350,'GR',0),(178,'JABÓN BARRA','TEPEYAC','PZA',15,2,5,400,'GR',0),(179,'JABÓN TOCADOR ORIGINAL','DOVE','PZA',18,1,5,135,'GR',0),(180,'JABÓN PARA BEBÉ','MENNEN','PZA',16,1,5,110,'GR',0),(181,'PASTILLA PARA INODORO FRESCO AMANECER','LOS PATITOS','PZA',13,1,5,70,'GR',0),(182,'PASTILLA PARA INODORO FLORAL','LOS PATITOS','PZA',13,1,5,70,'GR',0),(183,'PASTILLA PARA INODORO PINO','LOS PATITOS','PZA',13,1,5,70,'GR',0),(184,'PASTILLA PARA INODORO CON CANASTILLA AZUL','HARPIC','PZA',13,1,5,1,'PZS',0),(185,'PASTILLA PARA INODORO CON CANASTILLA FLORAL','HARPIC','PZA',13,1,5,1,'PZS',0),(186,'INSECTICIDA EN TABLETAS CON ZAPORIZADOR','H24','PZA',25,1,5,1,'PZS',0),(187,'JABÓN PARA TRASTES LÍQUIDO','AXION','PZA',3.5,1,5,50,'ML',0),(188,'MOUSSÉ','TRESEMMÉ','PZA',42,1,3,200,'ML',0),(189,'MOUSSÉ','CAPRICE','PZA',38,1,3,190,'ML',0),(190,'MULTILIMPIADOR','PINOL','PZA',18,3,15,828,'ML',0),(191,'MULTILIMPIADOR AROMAS','PINOL','PZA',18,3,15,828,'ML',0),(192,'MULTILIMPIADOR','FABULOSO','PZA',18,3,15,1,'L',0),(193,'DETERGENTE LÍQUIDO','123','PZA',14,2,6,415,'ML',0),(194,'DETERGENTE LÍQUIDO EXTRA HIGIENE','VANISH','PZA',22,2,6,600,'ML',0),(195,'DETERGENTE LÍQUIDO WHITE','VANISH','PZA',22,2,6,600,'ML',0),(196,'DETERGENTE LÍQUIDO MULTIUSOS','VANISH','PZA',22,2,6,600,'ML',0),(197,'DETERGENTE LÍQUIDO','VIVA','PZA',14,1,5,415,'ML',0),(198,'DETERGENTE LÍQUIDO','VIVA','PZA',14,1,5,415,'ML',0),(199,'DETERGENTE LÍQUIDO COLOR','PERSIL','PZA',18,1,5,415,'ML',0),(200,'DETERGENTE LÍQUIDO','PERSIL','PZA',18,1,5,415,'ML',0),(201,'DETERGENTE LÍQUIDO','MAS COLOR','PZA',16,1,5,415,'ML',0),(202,'DETERGENTE LÍQUIDO DELICADA','MAS COLOR','PZA',16,1,5,415,'ML',0),(203,'DETERGENTE LÍQUIDO NEGRO','MAS COLOR','PZA',16,1,5,415,'ML',0),(204,'SUAVIZANTE ROPA ADIÓS AL PLANCHADO','SUAVITEL','PZA',18,3,18,850,'ML',0),(205,'SUAVIZANTE ROPA','SUAVITEL','PZA',16,3,18,850,'ML',0),(206,'SUAVIZANTE ROPA','DOWNY','PZA',18,3,18,850,'ML',0),(207,'SUAVIZANTE ROPA','CARISMA','PZA',16,2,14,1,'L',0),(208,'SUAVIZANTE ROPA','ENSUEÑO','PZA',15,2,14,850,'ML',0),(209,'BLANQUEADOR','LOS PATITOS','PZA',9,3,15,1,'L',0),(210,'BLANQUEADOR','LOS PATITOS','PZA',5,3,15,500,'ML',0),(211,'BLANQUEADOR','CLOROX','PZA',10,2,10,1,'L',0),(212,'BLANQUEADOR','CLORALEX','PZA',10,2,10,1,'L',0),(213,'BLANQUEADOR','CLORALEX','PZA',6,3,15,500,'ML',0),(214,'JABÓN PARA TRASTES LÍQUIDO','AXION','PZA',28,3,15,900,'ML',0),(215,'JABÓN PARA TRASTES LÍQUIDO','AXION','PZA',15,3,15,400,'ML',0),(216,'JABÓN PARA TRASTES LÍQUIDO','AXION','PZA',10,2,10,280,'ML',0),(217,'JABÓN PARA TRASTES LÍQUIDO','SALVO','PZA',10,2,10,300,'ML',0),(218,'VINAGRE DE CAÑA BLANCO','BARRILITO','PZA',5,2,10,375,'ML',0),(219,'VINAGRE DE CAÑA OSCURO','BARRILITO','PZA',5,2,10,375,'ML',0),(220,'VINAGRE DE MANZANA','BARRILITO','PZA',7,2,10,375,'ML',0),(221,'VINAGRE DE CAÑA BLANCO','BARRILITO','PZA',9,2,10,750,'ML',0),(222,'VINAGRE DE CAÑA OSCURO','BARRILITO','PZA',9,2,10,750,'ML',0),(223,'VINAGRE DE MANZANA','BARRILITO','PZA',12,2,10,750,'ML',0),(224,'SALSA PICANTE AMARILLA','VALENTINA','PZA',18,1,3,1,'L',0),(225,'SALSA PICANTE NEGRA','VALENTINA','PZA',20,1,3,1,'L',0),(226,'SALSA PICANTE NEGRA','VALENTINA','PZA',9,2,5,370,'ML',0),(227,'SALSA PICANTE AMARILLA','VALENTINA','PZA',8,3,10,370,'ML',0),(228,'VELADORA ECOLÓGICA QUINCENAL','LA ROSA','PZA',38,2,5,1,'PZS',0),(229,'VELADORA ECOLÓGICA SEMANAL','LA ROSA','PZA',24,3,8,1,'PZS',0),(230,'VELADORA ECOLÓGICA 5 DÍAS','LA ROSA','PZA',14,3,8,1,'PZS',0),(231,'VELADORA ECOLÓGICA 5 DÍAS','LA ROSA','PZA',14,3,8,1,'PZS',0),(232,'VELADORA PAPEL GRANDE SAN JUDAS','LA ROSA','PZA',12,1,5,1,'PZS',0),(233,'VELADORA PAPEL MEDIANA ÁRAMO','LA ROSA','PZA',12,1,5,1,'PZS',0),(234,'VELADORA PAPEL GRANDE','24HRS','PZA',12,1,5,1,'PZS',0),(235,'VELADORA PAPEL CHICA SAN JUDAS','LA ROSA','PZA',6,2,6,1,'PZS',0),(236,'VELADORA PAPEL CHICA SAN FELIPE','LA ROSA','PZA',6,2,6,1,'PZS',0),(237,'PAN MOLIDO','COMERCIAL','GRL',20,3,25,1,'KG',0),(238,'PAN MOLIDO','WONDER','GRL',40,1,5,1,'KG',0),(239,'PAN MOLIDO','KELLOGS','GRL',50,1,5,1,'KG',0),(240,'PAN MOLIDO','KNORR','GRL',50,1,5,1,'KG',0),(241,'GALLETA MOLIDA','CUÉTARA','GRL',8,3,25,1,'KG',0),(242,'BICARBONATO','LA HERRADURA','GRL',30,1,5,1,'KG',0),(243,'PEPITA COMPUESTA','LA HERRADURA','GRL',100,0.5,2,1,'KG',0),(244,'PEPITA VERDE','LA HERRADURA','GRL',80,0.5,2,1,'KG',0),(245,'PIMIENTA BLANCA MOLIDA','LA HERRADURA','GRL',150,0.25,1,1,'KG',0),(246,'PIMIENTA NEGRA MOLIDA','LA HERRADURA','GRL',150,0.25,1,1,'KG',0),(247,'CHICHARRÓN RUEDA','LA HERRADURA','GRL',40,0.25,1,1,'KG',0),(248,'CHICHARRÓN ARITO','LA HERRADURA','GRL',40,0.25,1,1,'KG',0),(249,'CHICHARRÓN LÁGRIMA','LA HERRADURA','GRL',40,0.25,1,1,'KG',0),(250,'CHICHARRÓN PLANO','LA HERRADURA','GRL',40,0.25,1,1,'KG',0),(251,'CEBOLLA MOLIDA','LA HERRADURA','GRL',30,0.25,1,1,'KG',0),(252,'JABÓN POLVO','ACE','PZA',24,3,15,1,'KG',0),(253,'JABÓN POLVO NATURALS','ACE','PZA',24,3,15,1,'KG',0),(254,'JABÓN POLVO','ROMA','PZA',25,5,20,1,'KG',0),(255,'JABÓN POLVO','ARIEL','PZA',30,3,15,1,'KG',0),(256,'JABÓN POLVO','BOLD','PZA',20,3,15,900,'GR',0),(257,'ARROZ QUEBRADO','LA HERRADURA','GRL',10,0.5,5,1,'KG',0),(258,'ORÉGANO','LA HERRADURA','GRL',120,0.25,1,1,'KG',0),(259,'CHILE SECO GUAJILLO','BARRÓN','GRL',120,0.5,5,1,'KG',0),(260,'CHILE SECO PASILLA','BARRÓN','GRL',140,0.5,2,1,'KG',0),(261,'CHILE SECO PUYA','BARRÓN','GRL',160,0.5,2,1,'KG',0),(262,'CHILE SECO ANCHO','BARRÓN','GRL',150,0.5,2,1,'KG',0),(263,'CHILE SECO ÁRBOL SIN COLA','BARRÓN','GRL',100,0.5,3,1,'KG',0),(264,'CHILE SECO ÁRBOL CON COLA','BARRÓN','GRL',100,0.5,3,1,'KG',0),(265,'HABA','BARRÓN','GRL',50,0.5,2,1,'KG',0),(266,'LENTEJA GRANDE','BARRÓN','GRL',24,0.5,2,1,'KG',0),(267,'LENTEJA CHICA','BARRÓN','GRL',20,1,7,1,'KG',0),(268,'ARROZ CHICO','BARRÓN','GRL',12,4,15,1,'KG',0),(269,'ARROZ GRANDE','BARRÓN','GRL',18,4,15,1,'KG',0),(270,'FRIJOL NEGRO','BARRÓN','GRL',20,5,30,1,'KG',0),(271,'FRIJOL PINTO','BARRÓN','GRL',18,5,20,1,'KG',0),(272,'FRIJOL PERUANO','BARRÓN','GRL',28,5,20,1,'KG',0),(273,'FRIJOL FLOR DE MAYO','BARRÓN','GRL',20,5,20,1,'KG',0),(274,'TOSTADA POZOLERA','DOÑA CANDE','PZA',22,5,20,1,'PZS',0),(275,'TOSTADA CASERA','DOÑA CANDE','PZA',22,5,20,1,'PZS',0),(276,'TOSTADA','DEL REAL','PZA',13,10,30,1,'PZS',0),(277,'TOSTADA','EMPERADOR','PZA',20,3,10,1,'PZS',0),(278,'TOSTADA LIGHT','EMPERADOR','PZA',19,5,20,1,'PZS',0),(279,'TOSTADA','SHERYN','PZA',12,5,25,1,'PZS',0),(280,'CEREAL','ZUCARITAS','PZA',90,1,3,1.19,'KG',0),(281,'CEREAL','EXTRA','PZA',70,1,3,710,'GR',0),(282,'CEREAL CHOCOCRISPIS','KELLOGS','PZA',75,1,3,730,'GR',0),(283,'CEREAL CHOCOCRISPIS','KELLOGS','PZA',35,1,3,260,'GR',0),(284,'QUESO OAXACA','LA HOLANDESA','PZA',88,10,50,1,'KG',0),(285,'QUESO BLANCO','CHILCHOTA','PZA',116,8,25,1,'KG',0),(286,'QUESO DOBLE CREMA','CHILCHOTA','PZA',116,4,16,1,'KG',0),(287,'QUESO RALLADO','CHILCHOTA','PZA',116,4,20,1,'KG',0),(288,'QUESO DURANGO','CHILCHOTA','PZA',116,3,10,1,'KG',0);
/*!40000 ALTER TABLE `producto` ENABLE KEYS */;
UNLOCK TABLES;

--
-- Table structure for table `promocionpedido`
--

DROP TABLE IF EXISTS `promocionpedido`;
/*!40101 SET @saved_cs_client     = @@character_set_client */;
/*!40101 SET character_set_client = utf8 */;
CREATE TABLE `promocionpedido` (
  `promocion` varchar(100) NOT NULL,
  `Pedido_idPedido` int(11) NOT NULL,
  PRIMARY KEY (`promocion`,`Pedido_idPedido`),
  KEY `Pedido_idPedido` (`Pedido_idPedido`),
  CONSTRAINT `promocionpedido_ibfk_1` FOREIGN KEY (`Pedido_idPedido`) REFERENCES `pedido` (`idpedido`) ON DELETE CASCADE ON UPDATE CASCADE
) ENGINE=InnoDB DEFAULT CHARSET=utf8;
/*!40101 SET character_set_client = @saved_cs_client */;

--
-- Dumping data for table `promocionpedido`
--

LOCK TABLES `promocionpedido` WRITE;
/*!40000 ALTER TABLE `promocionpedido` DISABLE KEYS */;
INSERT INTO `promocionpedido` VALUES ('10% de descuento',1),('2x1 en Garrafón de 18l',1),('2x1 en Refresco',1),('3x2 en lata de conserva',1),('5% de descuento',1),('Botella de 1l a $25',1),('Caja extra de agua',1),('Cupón de $500 por compra',1),('Mini Juicy a $3.2',1),('Salchicha Swan a $19.7',1),('4x3 en paquete de Salchicha Cheero',2),('Paquete promocional a $35',4),('5% de descuento',5),('10% de descuento',6),('Leche fresca a $9.8',7),('Salchicha Cocktail a $28.7',8),('5% de descuento',10),('Cloro de 1l extra en la compra de caja de 12',11),('15% de descuento',12),('3x2 en lata de conserva',12),('5% de descuento',12),('Mini lata gratis en la compra de 3 paquetes',12),('Cupón de $500 por compra',13),('Paquete promocional a $35',13),('Cloro de 1l extra en la compra de caja de 12',15),('15% de descuento',16),('Margarina a $6.3',16),('Botella de 1l a $25',17),('3x2 en bolsa de cereal',18),('2x1 en Garrafón de 18l',19),('5% de descuento',19),('Caja extra de agua en la compra de 10 paquetes',21),('Botella de 1l a $25',23),('2x1 en Refresco',24),('Leche fresca a $9.8',24),('5% de descuento',25),('4x3 en paquete de Salchicha Cheero',27),('5% de descuento',30),('3x2 en bolsa de cereal',31),('5% de descuento',31),('10% de descuento',33),('15% de descuento',34),('10% de descuento',35),('3x2 en lata de conserva',36),('Concentrado de tamarindo de regalo',40),('2x1 en Refresco',41),('Mini lata gratis en la compra de 3 paquetes',41),('Pinol de 1l extra en la compra de caja de 12',46),('10% de descuento',50),('5% de descuento',50),('2x1 Concentrado',53),('10% Descuento Jsbón',54),('2x1 Sopa Moderna',54);
/*!40000 ALTER TABLE `promocionpedido` ENABLE KEYS */;
UNLOCK TABLES;

--
-- Table structure for table `proveedor`
--

DROP TABLE IF EXISTS `proveedor`;
/*!40101 SET @saved_cs_client     = @@character_set_client */;
/*!40101 SET character_set_client = utf8 */;
CREATE TABLE `proveedor` (
  `RFC` varchar(20) NOT NULL,
  `nombre` varchar(20) DEFAULT NULL,
  `apPaterno` varchar(20) DEFAULT NULL,
  `apMaterno` varchar(20) DEFAULT NULL,
  `compañia` varchar(20) DEFAULT NULL,
  `email` varchar(45) DEFAULT NULL,
  `calle` varchar(45) DEFAULT NULL,
  `colonia` varchar(20) DEFAULT NULL,
  `cp` int(11) DEFAULT NULL,
  `estado` varchar(20) DEFAULT NULL,
  PRIMARY KEY (`RFC`)
) ENGINE=InnoDB DEFAULT CHARSET=latin1;
/*!40101 SET character_set_client = @saved_cs_client */;

--
-- Dumping data for table `proveedor`
--

LOCK TABLES `proveedor` WRITE;
/*!40000 ALTER TABLE `proveedor` DISABLE KEYS */;
INSERT INTO `proveedor` VALUES ('ALDM740813','LUIS','PUGA','LOPEZ','BIMBO','luis@bimbo.mx','Felix Parra','Bahia Copal',54196,'CDMX'),('ALRM470701','ENRIQUE','ZEPEDA','GARCIA','DEL MONTE','enrique@delmonteconsabor.mx','Miguel Hidalgo','Barrio Coltongo',2630,'CDMX'),('CAHM950707','MANUEL','CALVA','HERNANDEZ','BARCEL','manuel_7795@barcel.com','Miguel Angel de Quevedo','Acatitla',55813,'CDMX'),('CAJS740213','MIGUEL','PEREZ','CASTRO','MARINELA','miguel@marinela.com','Miguel Hidalgo','Abraham Gonzalez',1170,'CDMX'),('CAME820903','MARIA FERNANDA','LARA','SERRANO','CHILCHOTA','mafer@chilchota.com','Martin Carrera','Bandijal',9450,'CDMX'),('CAMR470701','JESUS','ESPIRITUSANTO','LOPEZ','MIKADO','jesus@mikado.com','Cuahutemoc','Aguilera',2900,'CDMX'),('CAPR321017','GONZALO','ZEPEDA','CANTU','LA MORENA','gonzalo@lamorena.com','Porfirio Diaz','Acozac',56585,'CDMX'),('CAPR681219','TAYDE','ZEPEDA','MARAVILLA','ALPURA','tayde@alpura.mx','Miguel Hidalgo','Abraham Gonzalez',1170,'CDMX'),('CAPT680929','GUSTAVO','MUÑOZ','TORRES','CUETARA','gustavo@cuetara.com','Matias Romero','Bahia Copal',54196,'CDMX'),('CATI400407','JACOB','RUIZ','ZEPEDA','BARCEL','jacob@barcel.com','Cuahutemoc','Aguilera',2900,'CDMX'),('CATM800210','OSCAR','RICO','ZEPEDA','BIMBO','oscar@bimbo.mx','Matias Romero','Bahia Copal',54196,'CDMX'),('CFHM740613','ROMAN','HERNANDEZ','OLIVARES','FUD','roman@fud.com.mx','Porfirio Diaz','Acozac',56585,'CDMX'),('CFMM950819','MARLENE','BORJA','TORRES','QUALA','marlene@quala.com.mx','Matias Romero','Barrio Coltongo',2630,'CDMX'),('CGTM740113','TOMAS','FERNANDEZ','LARA','CHILCHOTA','tomas@chilchota.com','Miguel Hidalgo','Abraham Gonzalez',1170,'CDMX'),('CHRM561220','MANUEL','BORJA','HERNANDEZ','ALPURA','manuel@alpura.mx','Aldama','Actipan',3230,'CDMX'),('CIRM680429','MARISA','HERNANDEZ','HERNANDEZ','DEL MONTE','marisa@delmonteconsabor.mx','Porfirio Diaz','Actipan',3230,'CDMX'),('CORE650328','MARGARITA','OLIVARES','LARA','MARINELA','margarita@marinela.com','Felix Parra','Actipan',3230,'CDMX'),('CORL470410','HERNAN','DE LA ROSA','HERNANDEZ','JARRITOS','hernan@jarritos.com.mx','Cuahutemoc','Aguilera',2900,'CDMX'),('COSM650628','GRECIA','BELTRAN','CASTRO','SABRITAS','grecia@sabritas.com','Matias Romero','Bahia Copal',54196,'CDMX'),('CPEM320317','ALEJANDRO','TORRES','PUGA','FUD','alejandro@fud.com.mx','Aldama','Tlalnepantla',54000,'CDMX'),('CPEM561120','DAMIAN','LARA','OLIVARES','LA COSTEÑA','damian@costeña.com.mx','Felix Parra','Bahia Copal',54196,'CDMX'),('CPEM820303','LUZ','RICO','BELTRAN','BIMBO','luz@bimbo.mx','Victoria','Bahia Copal',54196,'CDMX'),('CPOE900330','JOSE','CHACON','PEREZ','BIMBO','jose@bimbo.mx','Martin Carrera','Banjidal',9450,'CDMX'),('CTHM741013','LUIS','DOMINGUEZ','MUÑOZ','QUALA','luis@quala.com.mx','Matias Romero','Barrio Coltongo',2630,'CDMX'),('CTOP470801','JULIAN','FERNANDEZ','PAREDES','BONAFINA','julian@bonafina.com','Porfirio Diaz','Acozac',56585,'CDMX'),('DORM320417','JOEL','OLIVARES','CANTU','BONAFINA','joel@bonafina.com','Miguel Hidalgo','Aguilera',2900,'CDMX'),('ELRM400809','JOB','DE LA ROSA','CASTRO','COCA COLA','job@cocacolacompany.com','Matias Romero','Bahia Copal',54196,'CDMX'),('LAHM330619','MANUEL','MUÑOZ','MILTON','FUD','manuel@fud.com.mx','Porfirio Diaz','Acozac',56585,'CDMX'),('LAMM950229','EULER','BAUTISTA','TORRES','LALA','euler@lala.com','Victoria','Agricultura',11360,'CDMX'),('LEIT650228','MARIA JOSE','LARA','SANTIS','MIKADO','majo@mikado.com','Miguel Hidalgo','Abraham Gonzalez',1170,'CDMX'),('LEMM900930','JUAN','OLIVARES','DE LA ROSA','FUD','juan@fud.com.mx','Aldama','Actipan',3230,'CDMX'),('LOHM820103','IGNACIO','GARCIA','CHACON','JARRITOS','ignacio@jarritos.com.mx','Felix Parra','Bahia Copal',54196,'CDMX'),('MERM331001','DANIEL','CEJA','PEREZ','LA COSTEÑA','daniel@costeña.com.mx','Felix Parra','Banjidal',9450,'CDMX'),('OEHM650928','ZYANYA','HERNANDEZ','SANTIS','LA COSTEÑA','zyanya@costeña.com.mx','Aldama','Actipan',3230,'CDMX'),('PAHM681019','JESSICA','GARCIA','DOJAQUEZ','KELLOGS','jessica@kellogs.com','Feliz Parra','Abraham Gonzalez',1170,'CDMX'),('PEHM560520','PEDRO','RICO','DOMINGUEZ','FUD','pedro@fud.com.mx','Martin Carrera','Banjidal',9450,'CDMX'),('PERD800110','OMAR','PEREZ','BAUTISTA','SABRITAS','omar@sabritas.com','Aldama','Actipan',3230,'CDMX'),('PERM950129','ALAN','SERRANO','FERNANDEZ','COCA COLA','alan@cocacolacompany.com','Aldama','Actipan',3230,'CDMX'),('POEM740113','DANIEL','LOPEZ','MARAVILLA','CUETARA','daniel@cuetara.com','Martin Carrera','Banjidal',9450,'CDMX'),('PORM400709','SUSANA','SERRANO','RUIZ','MARINELA','susana@marinela.com','Porfirio Diaz','Bahia Copal',54196,'CDMX'),('POTM331201','RUFINO','RUIZ','MILTON','BIMBO','rufino@bimbo.mx','Martin Carrera','Banjidal',9450,'CDMX'),('PQHM900330','BRYAN','RUIZ','MUÑOZ','JARRITOS','bryan@jarritos.com.mx','Martin Carrera','Banjidal',9450,'CDMX'),('ROTM400709','TOMAS','PEREZ','CHACON','BARCEL','tomas@barcel.com','Cuahutemoc','Barrio Coltongo',2630,'CDMX'),('RTHM330419','SOFIA','MANRIQUEZ','CEJA','FUD','sofia@fud.com.mx','Francisco Villa','Tlalnepantla',54000,'CDMX'),('TMHM560420','TIMOTI','PEREZ','CHACON','ALPURA','timoti@alpura.mx','Porfirio Diaz','Acozac',56585,'CDMX'),('TYHM651117','VICTOR','MARAVILLA','PAREDES','KELLOGS','victor@kellogs.com','Martin Carrera','Banjidal',9450,'CDMX'),('URHM900730','BRUNO','RICO','SERRANO','LALA','bruno@lala.com','Cuahutemoc','Aguilera',2900,'CDMX'),('UTMS800610','TED','GARCIA','RICO','FUD','ted@fud.com.mx','Martin Carrera','Banjidal',9450,'CDMX'),('WLHM950930','MIKE','PUGA','CHACON','LA MORENA','mike@lamorena.com','Aldama','Actipan',3230,'CDMX'),('ZMMO800910','JOSE','LOPEZ','PAREDES','COCA COLA','jose@cocacolacompany.com','Matias Romero','Bahia Copal',54196,'CDMX');
/*!40000 ALTER TABLE `proveedor` ENABLE KEYS */;
UNLOCK TABLES;

--
-- Table structure for table `pv`
--

DROP TABLE IF EXISTS `pv`;
/*!40101 SET @saved_cs_client     = @@character_set_client */;
/*!40101 SET character_set_client = utf8 */;
CREATE TABLE `pv` (
  `idVenta` int(11) NOT NULL,
  `codigo` double NOT NULL,
  `cantidad` int(11) DEFAULT NULL,
  PRIMARY KEY (`idVenta`,`codigo`),
  KEY `codigo` (`codigo`),
  CONSTRAINT `pv_ibfk_1` FOREIGN KEY (`idVenta`) REFERENCES `venta` (`idVenta`) ON DELETE CASCADE ON UPDATE CASCADE,
  CONSTRAINT `pv_ibfk_2` FOREIGN KEY (`codigo`) REFERENCES `producto` (`codigo`) ON DELETE CASCADE ON UPDATE CASCADE
) ENGINE=InnoDB DEFAULT CHARSET=utf8;
/*!40101 SET character_set_client = @saved_cs_client */;

--
-- Dumping data for table `pv`
--

LOCK TABLES `pv` WRITE;
/*!40000 ALTER TABLE `pv` DISABLE KEYS */;
INSERT INTO `pv` VALUES (5,24,1),(5,72,3),(5,178,3),(37,1,1),(37,13,8),(37,99,3),(52,3,4),(52,17,4),(53,1,3),(53,5,3),(54,24,3),(54,245,3);
/*!40000 ALTER TABLE `pv` ENABLE KEYS */;
UNLOCK TABLES;

--
-- Table structure for table `refrigerador`
--

DROP TABLE IF EXISTS `refrigerador`;
/*!40101 SET @saved_cs_client     = @@character_set_client */;
/*!40101 SET character_set_client = utf8 */;
CREATE TABLE `refrigerador` (
  `Local_numero` int(11) NOT NULL,
  `Local_nombre` varchar(30) NOT NULL,
  `modelo` varchar(45) DEFAULT NULL,
  `compañia` varchar(45) DEFAULT NULL,
  `fechaLlegada` date DEFAULT NULL,
  PRIMARY KEY (`Local_numero`,`Local_nombre`),
  CONSTRAINT `Refrigerador_ibfk_1` FOREIGN KEY (`Local_numero`, `Local_nombre`) REFERENCES `local` (`numero`, `nombre`) ON DELETE CASCADE ON UPDATE CASCADE
) ENGINE=InnoDB DEFAULT CHARSET=latin1;
/*!40101 SET character_set_client = @saved_cs_client */;

--
-- Dumping data for table `refrigerador`
--

LOCK TABLES `refrigerador` WRITE;
/*!40000 ALTER TABLE `refrigerador` DISABLE KEYS */;
INSERT INTO `refrigerador` VALUES (1,'CREMERIA HERNANDEZ','24FM08','FUD','2008-05-25'),(2,'ABARROTES HERNANDEZ','24FM20','LG','2004-04-20'),(4,'REGALOS MARISKA','94ÑS08','FUD','2010-04-26'),(6,'CREMERIA SAHUAYO','24WE20','LG','2005-03-25'),(7,'ABARROTES TECAMACHALCO','94ÑT08','MABERICK','2001-04-25'),(8,'SAHUAYO','30FM18','FREEZE','2015-04-25'),(10,'FARMACIA CURITA','94HJ72','MABERICK','2005-04-02'),(11,'CREMERIA MIGUEL','45PR71','GYGA','2010-03-30'),(16,'UNA MAS','45QM71','GYGA','2015-08-08'),(18,'BOCA FELIZ','73FM20','MABE','2010-01-25'),(19,'MIKADO','73FM20','MABE','2015-05-12'),(20,'VOGUE','24YU48','FREEZE','2048-11-30'),(22,'PLATO AZUL','24RO48','FREEZE','2009-12-25'),(25,'FRANCIA','45YZ08','EL TORO','2011-10-10'),(28,'OPEN THIS','24SM71','AFRAID','2004-01-26'),(29,'SALCHICHON','71YJ48','JOGGO','2010-05-31'),(30,'LACTEOS','94OR08','VAIO','2012-03-20'),(31,'CACEROLA','94PS08','VAIO','2008-08-27'),(32,'DON RAMON','24FM48','VAIO','2013-09-26'),(35,'LOLLIPOP','73LU08','MABE','2003-06-15'),(37,'FULL CONDIMENT','71FM08','JOGGO','2002-08-07'),(38,'UNICEL','719008','JOGGO','2002-06-25'),(39,'ORAL-B','24QJ08','AFRAID','2008-06-20'),(40,'SABRITON','24CW28','JUICY','2016-04-30'),(42,'ABRE LA CARTERA','24PM28','POTUS','2013-12-02'),(46,'QUITA-SARRO','73OP08','MABE','2004-08-17'),(48,'LA LUZ','24FM28','JUICY','2007-10-01'),(49,'TOAD','94FM08','FUD','2010-01-15'),(50,'PUNISHER','94SY72','MABERICK','2004-06-05');
/*!40000 ALTER TABLE `refrigerador` ENABLE KEYS */;
UNLOCK TABLES;

--
-- Table structure for table `telefonoempleado`
--

DROP TABLE IF EXISTS `telefonoempleado`;
/*!40101 SET @saved_cs_client     = @@character_set_client */;
/*!40101 SET character_set_client = utf8 */;
CREATE TABLE `telefonoempleado` (
  `telefono` double NOT NULL,
  `Empleado_CURP` varchar(20) NOT NULL,
  PRIMARY KEY (`telefono`,`Empleado_CURP`),
  KEY `Empleado_CURP` (`Empleado_CURP`),
  CONSTRAINT `telefonoEmpleado_ibfk_1` FOREIGN KEY (`Empleado_CURP`) REFERENCES `empleado` (`CURP`) ON DELETE CASCADE ON UPDATE CASCADE
) ENGINE=InnoDB DEFAULT CHARSET=latin1;
/*!40101 SET character_set_client = @saved_cs_client */;

--
-- Dumping data for table `telefonoempleado`
--

LOCK TABLES `telefonoempleado` WRITE;
/*!40000 ALTER TABLE `telefonoempleado` DISABLE KEYS */;
INSERT INTO `telefonoempleado` VALUES (5565454334,'BOBH860623HVCDSD24'),(5556435645,'CACC910325HDCDFC56'),(5556438232,'CACC950225HBGVCF67'),(5578654321,'CACF930216HCDFVT64'),(5590987634,'CACN880424HDRFCD75'),(5567432356,'CACS840310MDCFRE17'),(5564537478,'COCH940503HMCDVF89'),(5578675667,'DIDR950325HGDFFV39'),(5523456734,'EAMH950509MMCZPS45'),(5554642345,'HEGH910712MMCZPS32'),(5545896834,'HEHH860513HMCZPS34'),(5576457890,'HEHH870923HBVGFD45'),(5565436789,'HEHH970327MFCVGT23'),(5587656756,'HEHL980323MHFGVB47'),(5578563446,'HEHN930627MCFVBG32'),(5567432356,'HEHS860425MGFDCV56'),(5578906745,'LALP980425HFFVCF76'),(5587435623,'LALR980505HCDFVG24'),(5546953215,'LELN981134HMVBGF66'),(5564785609,'LOLC870730HFCVGB54'),(5575643567,'LOLC960715HMFCDR45'),(5578654323,'LOLD920719MDFRCV46'),(5578345623,'LOLF951124HGRTDF67'),(5554345434,'LOLG860624HDCFVB54'),(5523456578,'LOLH920324HDCFVB35'),(5545246987,'MAMH870325MFDCVF14'),(5587675654,'PAPH940226HCFVGB23'),(5587675654,'PAPH970615HDERFC12'),(5589345678,'PEPP830813HMDCGV89'),(5554672346,'RARB920725MFCDRT56'),(5589457632,'RARC920518HDFCRF89'),(5576899876,'RARD941106HFCVDR56'),(5534564398,'RARG830928HCDFVB32'),(5586549283,'RARH830623HMVBNG45'),(5513465978,'RARL970425MFVCDR23'),(5567898765,'RARP930714MVGBHN45'),(5578643526,'RARR910123HCFDRS45'),(5515234689,'RORG950612HMCNVF32'),(5545897867,'RURC820430HDCVFD56'),(5523456545,'RURC840628HMCDFV24'),(5545234534,'RURC960423HBGFVC34'),(5523985734,'RURD850826MRFTDC78'),(5261549478,'RURL980507HMCZPS06'),(5564736273,'RURN940623HDCFVF26'),(5545763423,'SASC830929HDFRTG34'),(5165948754,'SOSB860423HDCFVB34'),(5590875643,'VEVH961227MFCVDR34'),(5534568908,'VEVN960316MFDSVV18'),(5553425356,'VIVC930530HNDCGV27');
/*!40000 ALTER TABLE `telefonoempleado` ENABLE KEYS */;
UNLOCK TABLES;

--
-- Table structure for table `telefonoproveedor`
--

DROP TABLE IF EXISTS `telefonoproveedor`;
/*!40101 SET @saved_cs_client     = @@character_set_client */;
/*!40101 SET character_set_client = utf8 */;
CREATE TABLE `telefonoproveedor` (
  `telefono` double NOT NULL,
  `Proveedor_RFC` varchar(20) NOT NULL,
  PRIMARY KEY (`telefono`,`Proveedor_RFC`)
) ENGINE=InnoDB DEFAULT CHARSET=latin1;
/*!40101 SET character_set_client = @saved_cs_client */;

--
-- Dumping data for table `telefonoproveedor`
--

LOCK TABLES `telefonoproveedor` WRITE;
/*!40000 ALTER TABLE `telefonoproveedor` DISABLE KEYS */;
INSERT INTO `telefonoproveedor` VALUES (5512876589,'TMHM560420'),(5513465978,'UTMS800610'),(5515234689,'CORL470410'),(5516594875,'CATM800210'),(5521549478,'DORM320417'),(5523456545,'CPEM820303'),(5523456578,'ZMMO800910'),(5523456734,'CAHM950707'),(5523985734,'POEM740113'),(5534564398,'PAHM681019'),(5534568908,'LOHM820103'),(5545234534,'ELRM400809'),(5545298745,'PERD800110'),(5545763423,'WLHM950930'),(5545896834,'CFHM740613'),(5545897867,'LAHM330619'),(5546953215,'CAMR470701'),(5553425356,'CAME820903'),(5554345434,'OEHM650928'),(5554642345,'CGTM740113'),(5554672346,'CTHM741013'),(5556378232,'POTM331201'),(5556435645,'PERM950129'),(5564537478,'CORE650328'),(5564736273,'CPEM320317'),(5564785609,'CAPR681219'),(5565436789,'MERM331001'),(5565454334,'CATI400407'),(5567432356,'LEMM900930'),(5567432356,'URHM900730'),(5567898765,'CAPR321017'),(5575643567,'CIRM680429'),(5576457890,'RTHM330419'),(5576899876,'CFMM950819'),(5578345623,'ALDM740813'),(5578563446,'PORM400709'),(5578643526,'CAJS740213'),(5578654321,'PQHM900330'),(5578654323,'CPOE900330'),(5578675667,'ROTM400709'),(5578906745,'COSM650628'),(5586549283,'ALRM470701'),(5587435623,'TYHM651117'),(5587656756,'LEIT650228'),(5587675654,'CAPT680929'),(5587675654,'LAMM950229'),(5589345678,'CHRM561220'),(5589457632,'CPEM561120'),(5590875643,'CTOP470801'),(5590987634,'PEHM560520');
/*!40000 ALTER TABLE `telefonoproveedor` ENABLE KEYS */;
UNLOCK TABLES;

--
-- Table structure for table `venta`
--

DROP TABLE IF EXISTS `venta`;
/*!40101 SET @saved_cs_client     = @@character_set_client */;
/*!40101 SET character_set_client = utf8 */;
CREATE TABLE `venta` (
  `idVenta` int(11) NOT NULL AUTO_INCREMENT,
  `montoTotal` double DEFAULT NULL,
  `noProductos` int(11) DEFAULT NULL,
  `fechaVenta` date DEFAULT NULL,
  `promocion` int(11) DEFAULT '0',
  `Mostrador_CURP` varchar(20) CHARACTER SET latin1 NOT NULL,
  `Cliente_idCliente` int(11) DEFAULT NULL,
  `descuento` double DEFAULT '0',
  PRIMARY KEY (`idVenta`),
  KEY `Cliente_idCliente` (`Cliente_idCliente`),
  KEY `Mostrador_CURP` (`Mostrador_CURP`),
  CONSTRAINT `venta_ibfk_2` FOREIGN KEY (`Cliente_idCliente`) REFERENCES `cliente` (`idCliente`) ON DELETE CASCADE ON UPDATE CASCADE,
  CONSTRAINT `venta_ibfk_3` FOREIGN KEY (`Mostrador_CURP`) REFERENCES `mostrador` (`Empleado_CURP`) ON DELETE CASCADE ON UPDATE CASCADE
) ENGINE=InnoDB AUTO_INCREMENT=60 DEFAULT CHARSET=utf8;
/*!40101 SET character_set_client = @saved_cs_client */;

--
-- Dumping data for table `venta`
--

LOCK TABLES `venta` WRITE;
/*!40000 ALTER TABLE `venta` DISABLE KEYS */;
INSERT INTO `venta` VALUES (1,194.5,6,'2017-03-20',0,'EAMH950509MMCZPS45',NULL,0),(2,54,2,'2017-03-20',0,'HEGH910712MMCZPS32',50,0),(3,39.5,1,'2017-03-21',0,'LOLF951124HGRTDF67',NULL,0),(4,100,12,'2017-03-21',0,'RURD850826MRFTDC78',28,0),(5,285.5,3,'2017-03-21',0,'RARB920725MFCDRT56',8,0),(6,120,17,'2017-03-22',10,'RARC920518HDFCRF89',NULL,0),(7,56.5,1,'2017-03-22',0,'CACN880424HDRFCD75',NULL,0),(9,134,8,'2017-03-28',0,'SASC830929HDFRTG34',8,0),(10,573,21,'2017-03-28',0,'CACS840310MDCFRE17',8,0),(11,1045,46,'2017-03-28',0,'HEHS860425MGFDCV56',NULL,0),(12,89.5,8,'2017-03-28',0,'PAPH940226HCFVGB23',8,0),(13,98.5,5,'2017-03-30',0,'CACC910325HDCDFC56',8,0),(14,213,17,'2017-03-30',100,'PAPH970615HDERFC12',NULL,0),(15,179,21,'2017-04-01',0,'LOLC960715HMFCDR45',8,0),(16,58,16,'2017-04-01',0,'RARG830928HCDFVB32',8,0),(17,10,1,'2017-04-01',20,'RARD941106HFCVDR56',NULL,0),(18,38,1,'2017-04-02',0,'HEHH870923HBVGFD45',NULL,0),(19,95.5,6,'2017-04-02',0,'HEHH970327MFCVGT23',8,0),(20,102,8,'2017-04-02',0,'CACC950225HBGVCF67',8,0),(21,56,3,'2017-04-03',0,'RARH830623HMVBNG45',8,0),(22,89,8,'2017-04-03',0,'LELN981134HMVBGF66',8,0),(23,133.5,13,'2017-04-04',0,'RORG950612HMCNVF32',8,0),(24,178,18,'2017-04-04',0,'RARL970425MFVCDR23',8,0),(25,90.5,10,'2017-04-04',30,'LOLH920324HDCFVB35',NULL,0),(26,21,1,'2017-04-05',0,'RURN940623HDCFVF26',8,0),(27,54,3,'2017-04-10',0,'RURL980507HMCZPS06',8,0),(28,67,5,'2017-04-10',10,'RARP930714MVGBHN45',NULL,0),(29,10.5,1,'2017-04-10',0,'LOLG860624HDCFVB54',8,0),(30,677,32,'2017-04-12',0,'LALP980425HFFVCF76',8,0),(31,24,1,'2017-04-12',5,'COCH940503HMCDVF89',NULL,0),(32,8,1,'2017-04-19',0,'HEHL980323MHFGVB47',NULL,0),(33,120,14,'2017-04-19',0,'VIVC930530HNDCGV27',8,0),(34,32.5,6,'2017-04-19',0,'RURC840628HMCDFV24',8,0),(35,68,4,'2017-04-24',0,'VEVN960316MFDSVV18',NULL,0),(36,100,5,'2017-04-24',0,'HEHN930627MCFVBG32',8,0),(37,230.5,3,'2017-04-24',0,'RURC960423HBGFVC34',8,0),(38,46,4,'2017-04-30',0,'CACS840310MDCFRE17',8,0),(39,87.5,10,'2017-04-30',10,'SASC830929HDFRTG34',NULL,0),(40,12,1,'2017-05-02',0,'LOLF951124HGRTDF67',8,0),(41,43.5,3,'2017-05-02',0,'EAMH950509MMCZPS45',NULL,0),(42,98,7,'2017-05-02',0,'CACS840310MDCFRE17',8,0),(43,43,8,'2017-05-04',10,'LOLF951124HGRTDF67',NULL,0),(44,132.5,12,'2017-05-04',0,'RURL980507HMCZPS06',8,0),(45,76,10,'2017-05-10',0,'HEHL980323MHFGVB47',8,0),(46,59.5,3,'2017-05-10',5,'LOLH920324HDCFVB35',NULL,0),(47,20.5,1,'2017-05-10',0,'VEVN960316MFDSVV18',8,0),(48,43.5,6,'2017-05-15',0,'LOLF951124HGRTDF67',NULL,0),(49,10,1,'2017-05-15',5,'RURL980507HMCZPS06',NULL,0),(50,56.6,6,'2017-05-15',0,'CACN880424HDRFCD75',8,0),(52,88,2,'2017-07-24',NULL,'COCH940503HMCDVF89 ',6,15),(53,34.425,2,'2017-12-24',0,'COCH940503HMCDVF89 ',6,15),(54,443.19,2,'2017-07-30',0,'COCH940503HMCDVF89 ',6,15);
/*!40000 ALTER TABLE `venta` ENABLE KEYS */;
UNLOCK TABLES;
/*!40103 SET TIME_ZONE=@OLD_TIME_ZONE */;

/*!40101 SET SQL_MODE=@OLD_SQL_MODE */;
/*!40014 SET FOREIGN_KEY_CHECKS=@OLD_FOREIGN_KEY_CHECKS */;
/*!40014 SET UNIQUE_CHECKS=@OLD_UNIQUE_CHECKS */;
/*!40101 SET CHARACTER_SET_CLIENT=@OLD_CHARACTER_SET_CLIENT */;
/*!40101 SET CHARACTER_SET_RESULTS=@OLD_CHARACTER_SET_RESULTS */;
/*!40101 SET COLLATION_CONNECTION=@OLD_COLLATION_CONNECTION */;
/*!40111 SET SQL_NOTES=@OLD_SQL_NOTES */;

-- Dump completed on 2017-12-06 20:23:41
