-- MySQL dump 10.13  Distrib 5.1.51, for Win32 (ia32)
--
-- Host: localhost    Database: homedepot
-- ------------------------------------------------------
-- Server version	5.1.51-community

/*!40101 SET @OLD_CHARACTER_SET_CLIENT=@@CHARACTER_SET_CLIENT */;
/*!40101 SET @OLD_CHARACTER_SET_RESULTS=@@CHARACTER_SET_RESULTS */;
/*!40101 SET @OLD_COLLATION_CONNECTION=@@COLLATION_CONNECTION */;
/*!40101 SET NAMES utf8 */;
/*!40103 SET @OLD_TIME_ZONE=@@TIME_ZONE */;
/*!40103 SET TIME_ZONE='+00:00' */;
/*!40014 SET @OLD_UNIQUE_CHECKS=@@UNIQUE_CHECKS, UNIQUE_CHECKS=0 */;
/*!40014 SET @OLD_FOREIGN_KEY_CHECKS=@@FOREIGN_KEY_CHECKS, FOREIGN_KEY_CHECKS=0 */;
/*!40101 SET @OLD_SQL_MODE=@@SQL_MODE, SQL_MODE='NO_AUTO_VALUE_ON_ZERO' */;
/*!40111 SET @OLD_SQL_NOTES=@@SQL_NOTES, SQL_NOTES=0 */;

--
-- Table structure for table `asociado`
--

DROP TABLE IF EXISTS `asociado`;
/*!40101 SET @saved_cs_client     = @@character_set_client */;
/*!40101 SET character_set_client = utf8 */;
CREATE TABLE `asociado` (
  `idAsociado` varchar(20) NOT NULL,
  `HomeDepot_idHD` varchar(20) NOT NULL,
  `nombre` varchar(50) DEFAULT NULL,
  `tel` varchar(30) DEFAULT NULL,
  `sexo` varchar(30) DEFAULT NULL,
  PRIMARY KEY (`idAsociado`),
  KEY `EmpleadoMixUp_FKIndex1` (`HomeDepot_idHD`),
  KEY `HomeDepot_idHD` (`HomeDepot_idHD`),
  CONSTRAINT `asociado_ibfk_1` FOREIGN KEY (`HomeDepot_idHD`) REFERENCES `homedepot` (`idHD`) ON DELETE CASCADE ON UPDATE CASCADE
) ENGINE=InnoDB DEFAULT CHARSET=latin1;
/*!40101 SET character_set_client = @saved_cs_client */;

--
-- Dumping data for table `asociado`
--

LOCK TABLES `asociado` WRITE;
/*!40000 ALTER TABLE `asociado` DISABLE KEYS */;
INSERT INTO `asociado` VALUES ('A001','HD014','AGUIRRE MARTINEZ ISRAEL','01(55)51-22-33-00','MASCULINO'),('A002','HD015','BARUCH BALDERRAMA ANGEL','01(55)51-22-33-00','MASCULINO'),('A003','HD016','DIAZ GUTIERREZ PEDRO','01(55)51-22-33-00','MASCULINO'),('A004','HD017','FERNANDEZ BENITEZ ELIZABETH','01(55)51-22-33-00','FEMENINO'),('A005','HD018','GONZALEZ LOPEZ ALAN','01(55)51-22-33-00','MASCULINO'),('A006','HD019','LARA CARDENAS URIEL MAURICIO','01(55)51-22-33-00','MASCULINO'),('A007','HD020','LOPEZ GARCIA JAVIER','01(55)51-22-33-00','MASCULINO'),('A008','HD014','LOPEZ PADILLA DIEGO GERARDO','01(55)51-22-33-00','MASCULINO'),('A009','HD015','MORANTE TORRECILLAS JARITH ALY','01(55)51-22-33-00','MASCULINO'),('A010','HD016','OCHOA GARCIA HECTOR GABRIEL','01(55)51-22-33-00','MASCULINO'),('A011','HD017','RONQUILLO GIL MIGUEL ANGEL','01(55)51-22-33-00','MASCULINO'),('A012','HD018','RUIZ CARBAJAL JOSE LUIS','01(55)51-22-33-00','MASCULINO'),('A013','HD019','RUIZ VICTORIA HUGO IVAN','01(55)51-22-33-00','MASCULINO'),('A014','HD020','VAZQUEZ PEREZ FERMIN TEUCTZINTLI','01(55)51-22-33-00','MASCULINO'),('A015','HD014','ZUNIGA SANCHEZ GERARDO','01(55)51-22-33-00','MASCULINO'),('A150','HD001','BLANCO CONSUELO ANGEL GABRIEL','01(55)55-56-58-59','MASCULINO'),('A151','HD002','CARRASCO CORONA ERIKA','01(55)55-56-58-60','FEMENINO'),('A152','HD003','CASTRO DAMIAN AKETZALI','01(55)55-56-58-61','MASCULINO'),('A153','HD004','CHACON ARENAS LUIS ANTONIO','01(55)55-56-58-62','MASCULINO'),('A154','HD005','FUENTES GARCIA DIEGO ALEJANDRO','01(55)55-56-58-63','MASCULINO'),('A155','HD006','GARCIA CUAHUTLE KEVIN BRANDO','01(55)55-56-58-64','MASCULINO'),('A156','HD007','GOMEZ HERNANDEZ OMAR JESUS','01(55)55-56-58-65','MASCULINO'),('A157','HD008','GUZMAN GALAN ARTURO','01(55)55-56-58-66','MASCULINO'),('A158','HD009','HERRERA VALENCIA EDUARDO','01(55)55-56-58-67','MASCULINO'),('A159','HD010','HERRERA VILLAGRAN JOSE DANIEL','01(55)55-56-58-68','MASCULINO'),('A160','HD011','JIMENEZ GONZALEZ GERARDO','01(55)55-56-58-69','MASCULINO'),('A161','HD012','LOBATO RUIZ GABRIEL','01(55)55-56-58-70','MASCULINO'),('A162','HD013','LOPEZ MARRON RICARDO NESTOR','01(55)55-56-58-71','MASCULINO'),('A163','HD014','LOPEZ RIVAS CARLOS ESTEBAN','01(55)55-56-58-72','MASCULINO'),('A164','HD015','MORALES ROJAS ROBERTO IRVING','01(55)55-56-58-73','MASCULINO'),('A165','HD016','ORTIZ AVILA DAFNE BAAL','01(55)55-56-58-74','FEMENINO'),('A166','HD017','PEREZ CASAS THELMA DANIELA','01(55)55-56-58-75','FEMENINO'),('A167','HD018','RODRIGUEZ GONZALEZ FERNANDO','01(55)55-56-58-76','MASCULINO'),('A168','HD019','TRIGUEROS PEREZ GABRIEL','01(55)55-56-58-77','MASCULINO'),('A169','HD020','VARGAS GODINEZ ANGEL','01(55)55-56-58-78','MASCULINO'),('A170','HD021','VEGA ARELLANO JAIME PAOLO','01(55)55-56-58-79','MASCULINO'),('A171','HD022','VILLALBA VALDEZ JORGE ANTONIO','01(55)55-56-58-80','MASCULINO'),('A172','HD023','BLANCO ALVAREZ BRENDA','01(55)55-56-58-81','FEMENINO'),('A173','HD024','HERNANDEZ GUERRERO JAVIER IRVING','01(55)55-56-58-82','MASCULINO'),('A174','HD025','SANCHEZ RAMIREZ GUSTAVO','01(55)55-56-58-83','MASCULINO'),('A175','HD026','RAMIREZ BARQUIN MIGUEL ANGEL','01(55)55-56-58-84','MASCULINO'),('A176','HD027','MEJIA PEREZ ADOLFO ISAAC','01(55)55-56-58-85','MASCULINO'),('A177','HD028','MEDINA GALICIA GABRIEL','01(55)55-56-58-86','MASCULINO'),('A178','HD029','LAREDO RAZA DAVID','01(55)55-56-58-87','MASCULINO'),('A179','HD030','PEREZ ROJAS JESUS ENRIQUE','01(55)55-56-58-88','MASCULINO'),('A180','HD031','ZAUCO GARCIA OSCAR EDUARDO','01(55)55-56-58-89','MASCULINO'),('A181','HD032','GONZALEZ MARCOS MONSERRAT','01(55)55-56-58-90','FEMENINO'),('A182','HD033','FLORES SALAS ANAYELI YADIRA','01(55)55-56-58-91','FEMENINO'),('A183','HD034','GOMEZ MENESES FERNANDO','01(55)55-56-58-92','MASCULINO');
/*!40000 ALTER TABLE `asociado` ENABLE KEYS */;
UNLOCK TABLES;

--
-- Table structure for table `depto`
--

DROP TABLE IF EXISTS `depto`;
/*!40101 SET @saved_cs_client     = @@character_set_client */;
/*!40101 SET character_set_client = utf8 */;
CREATE TABLE `depto` (
  `idDepto` varchar(20) NOT NULL,
  `nombre` varchar(50) DEFAULT NULL,
  PRIMARY KEY (`idDepto`)
) ENGINE=InnoDB DEFAULT CHARSET=latin1;
/*!40101 SET character_set_client = @saved_cs_client */;

--
-- Dumping data for table `depto`
--

LOCK TABLES `depto` WRITE;
/*!40000 ALTER TABLE `depto` DISABLE KEYS */;
INSERT INTO `depto` VALUES ('D001','BAiNOS'),('D002','DECORACION'),('D003','PUERTAS Y VENTANAS'),('D004','COCINAS'),('D005','ILUMINACION'),('D006','PISOS'),('D007','HERRAMIENTAS'),('D008','PINTURAS'),('D009','PLOMERIA'),('D010','TECHOS'),('D011','ELECTRICO'),('D012','ELECTRONICA'),('D013','LINEA BLANCA');
/*!40000 ALTER TABLE `depto` ENABLE KEYS */;
UNLOCK TABLES;

--
-- Table structure for table `hddepto`
--

DROP TABLE IF EXISTS `hddepto`;
/*!40101 SET @saved_cs_client     = @@character_set_client */;
/*!40101 SET character_set_client = utf8 */;
CREATE TABLE `hddepto` (
  `HomeDepot_idHD` varchar(20) NOT NULL,
  `Depto_idDepto` varchar(20) NOT NULL,
  PRIMARY KEY (`HomeDepot_idHD`,`Depto_idDepto`),
  KEY `MixUp_has_Producciones_FKIndex1` (`HomeDepot_idHD`),
  KEY `MixUp_has_Producciones_FKIndex2` (`Depto_idDepto`),
  KEY `Depto_idDepto` (`Depto_idDepto`),
  CONSTRAINT `hddepto_ibfk_2` FOREIGN KEY (`Depto_idDepto`) REFERENCES `depto` (`idDepto`) ON DELETE CASCADE ON UPDATE CASCADE,
  CONSTRAINT `hddepto_ibfk_1` FOREIGN KEY (`HomeDepot_idHD`) REFERENCES `homedepot` (`idHD`) ON DELETE CASCADE ON UPDATE CASCADE
) ENGINE=InnoDB DEFAULT CHARSET=latin1;
/*!40101 SET character_set_client = @saved_cs_client */;

--
-- Dumping data for table `hddepto`
--

LOCK TABLES `hddepto` WRITE;
/*!40000 ALTER TABLE `hddepto` DISABLE KEYS */;
INSERT INTO `hddepto` VALUES ('HD001','D001'),('HD001','D003'),('HD001','D007'),('HD002','D001'),('HD002','D006'),('HD002','D009'),('HD003','D001'),('HD003','D003'),('HD003','D005'),('HD004','D005'),('HD004','D009'),('HD004','D010'),('HD005','D010'),('HD005','D011'),('HD005','D012'),('HD005','D013'),('HD006','D001'),('HD006','D005'),('HD006','D008'),('HD007','D004'),('HD007','D007'),('HD007','D012'),('HD008','D001'),('HD008','D007'),('HD009','D003'),('HD009','D006'),('HD009','D009'),('HD019','D009'),('HD019','D010'),('HD019','D013'),('HD020','D002'),('HD020','D007'),('HD020','D009'),('HD021','D006'),('HD021','D007'),('HD021','D009'),('HD021','D010'),('HD021','D011'),('HD021','D012'),('HD022','D002'),('HD022','D003'),('HD022','D005'),('HD023','D010'),('HD023','D012'),('HD023','D013'),('HD024','D001'),('HD024','D002'),('HD024','D003'),('HD025','D003'),('HD025','D004'),('HD025','D005'),('HD026','D005'),('HD026','D007'),('HD026','D008'),('HD026','D009'),('HD027','D003'),('HD027','D004'),('HD027','D005'),('HD028','D004'),('HD028','D005'),('HD028','D007'),('HD029','D007'),('HD029','D009'),('HD029','D010'),('HD029','D011'),('HD030','D011'),('HD030','D012'),('HD030','D013'),('HD031','D001'),('HD031','D002'),('HD031','D003'),('HD032','D003'),('HD032','D004'),('HD032','D005'),('HD033','D005'),('HD033','D006'),('HD033','D007'),('HD034','D007'),('HD034','D008'),('HD034','D009'),('HD035','D010'),('HD035','D011'),('HD035','D012'),('HD036','D012'),('HD036','D013'),('HD037','D001'),('HD037','D005'),('HD037','D009'),('HD037','D010'),('HD038','D010'),('HD038','D011'),('HD038','D012'),('HD039','D012'),('HD039','D013'),('HD040','D001'),('HD040','D004'),('HD040','D007'),('HD041','D007'),('HD041','D008'),('HD041','D009'),('HD042','D010'),('HD042','D011'),('HD042','D013'),('HD043','D001'),('HD043','D002'),('HD043','D003'),('HD044','D003'),('HD044','D006'),('HD044','D008'),('HD045','D008'),('HD045','D009'),('HD045','D010'),('HD046','D010'),('HD046','D011'),('HD047','D011'),('HD047','D012'),('HD048','D002'),('HD048','D006'),('HD049','D006'),('HD049','D009'),('HD060','D003'),('HD060','D010'),('HD060','D011'),('HD061','D001'),('HD061','D007'),('HD061','D013'),('HD062','D004'),('HD062','D007'),('HD062','D009'),('HD063','D003'),('HD063','D011'),('HD063','D013');
/*!40000 ALTER TABLE `hddepto` ENABLE KEYS */;
UNLOCK TABLES;

--
-- Table structure for table `hdsocio`
--

DROP TABLE IF EXISTS `hdsocio`;
/*!40101 SET @saved_cs_client     = @@character_set_client */;
/*!40101 SET character_set_client = utf8 */;
CREATE TABLE `hdsocio` (
  `Socio_idSocio` varchar(20) NOT NULL,
  `HomeDepot_idHD` varchar(20) NOT NULL,
  PRIMARY KEY (`Socio_idSocio`,`HomeDepot_idHD`),
  KEY `MixUp_has_Socio_FKIndex1` (`HomeDepot_idHD`),
  KEY `MixUp_has_Socio_FKIndex2` (`Socio_idSocio`),
  KEY `HomeDepot_idHD` (`HomeDepot_idHD`),
  CONSTRAINT `hdsocio_ibfk_2` FOREIGN KEY (`HomeDepot_idHD`) REFERENCES `homedepot` (`idHD`) ON DELETE CASCADE ON UPDATE CASCADE,
  CONSTRAINT `hdsocio_ibfk_1` FOREIGN KEY (`Socio_idSocio`) REFERENCES `socio` (`idSocio`) ON DELETE CASCADE ON UPDATE CASCADE
) ENGINE=InnoDB DEFAULT CHARSET=latin1;
/*!40101 SET character_set_client = @saved_cs_client */;

--
-- Dumping data for table `hdsocio`
--

LOCK TABLES `hdsocio` WRITE;
/*!40000 ALTER TABLE `hdsocio` DISABLE KEYS */;
INSERT INTO `hdsocio` VALUES ('S0001','HD001'),('S2007630521','HD001'),('S2011630009','HD001'),('S0002','HD002'),('S0003','HD002'),('S2011630018','HD002'),('S2011630557','HD002'),('S0004','HD003'),('S0005','HD003'),('S2007630396','HD003'),('S2011630023','HD003'),('S0006','HD004'),('S0007','HD004'),('S0008','HD004'),('S0009','HD004'),('S2010300690','HD004'),('S2011630058','HD004'),('S0009','HD005'),('S0010','HD005'),('S2010630569','HD005'),('S2011630066','HD005'),('S0010','HD006'),('S2010630438','HD006'),('S2011630080','HD006'),('S0011','HD007'),('S0012','HD007'),('S0016','HD007'),('S2011630081','HD007'),('S2011630542','HD007'),('S0013','HD008'),('S0014','HD008'),('S0015','HD008'),('S0017','HD008'),('S0018','HD008'),('S2011630090','HD008'),('S2011636666','HD008'),('S0019','HD009'),('S0020','HD009'),('S0021','HD009'),('S2010630277','HD009'),('S0022','HD010'),('S0023','HD010'),('S0024','HD010'),('S2011630117','HD010'),('S0025','HD011'),('S0026','HD011'),('S0027','HD011'),('S2011630120','HD011'),('S0028','HD012'),('S0029','HD012'),('S2011630127','HD012'),('S0030','HD013'),('S0031','HD013'),('S2010630079','HD013'),('S0031','HD014'),('S0032','HD014'),('S0033','HD014'),('S2011630130','HD014'),('S0034','HD015'),('S2011630425','HD015'),('S0035','HD016'),('S0036','HD016'),('S0037','HD016'),('S0038','HD016'),('S0039','HD016'),('S2010310687','HD016'),('S2011630156','HD017'),('S0039','HD018'),('S0040','HD018'),('S2011630472','HD018'),('S0041','HD019'),('S0042','HD019'),('S2011630177','HD019'),('S0043','HD020'),('S0044','HD020'),('S2011630183','HD020'),('S0044','HD021'),('S0045','HD021'),('S2011630189','HD021'),('S0046','HD022'),('S0047','HD022'),('S2011630477','HD022'),('S0048','HD023'),('S0049','HD023'),('S0050','HD023'),('S2011630503','HD023'),('S0051','HD024'),('S0052','HD024'),('S0053','HD024'),('S2011630211','HD024'),('S0054','HD025'),('S0055','HD025'),('S0056','HD025'),('S2011630225','HD025'),('S0057','HD026'),('S0058','HD026'),('S2011630244','HD026'),('S0059','HD027'),('S0060','HD027'),('S0061','HD027'),('S2011630552','HD027'),('S0061','HD028'),('S0062','HD028'),('S0063','HD028'),('S2011630263','HD028'),('S0064','HD029'),('S0065','HD029'),('S2011630276','HD029'),('S0066','HD030'),('S0067','HD030'),('S0068','HD030'),('S2010630416','HD030'),('S0069','HD031'),('S0070','HD031'),('S2011630311','HD031'),('S0071','HD032'),('S0072','HD032'),('S2009630063','HD032'),('S0073','HD033'),('S0074','HD033'),('S0075','HD033'),('S2011630452','HD033'),('S0076','HD034'),('S2011630176','HD034'),('S0077','HD035'),('S2009630277','HD035'),('S0078','HD036'),('S2011630494','HD036'),('S0079','HD037'),('S0080','HD037'),('S2010600113','HD037'),('S0081','HD038'),('S0082','HD038'),('S2010602628','HD038'),('S0083','HD039'),('S2010630437','HD039'),('S0084','HD040'),('S0085','HD040'),('S0086','HD040'),('S2010300637','HD040'),('S0087','HD041'),('S0088','HD041'),('S2011630021','HD041'),('S0089','HD042'),('S0090','HD042'),('S0091','HD042'),('S0092','HD042'),('S2011630049','HD042'),('S0092','HD043'),('S0093','HD043'),('S2011630367','HD043'),('S0094','HD044'),('S2010630519','HD044'),('S0094','HD045'),('S0095','HD045'),('S2011630075','HD045'),('S0096','HD046'),('S0097','HD046'),('S2011630390','HD046'),('S0098','HD047'),('S0099','HD047'),('S0100','HD047'),('S2011630116','HD047'),('S0101','HD048'),('S2011630412','HD048'),('S0102','HD049'),('S2011630430','HD049'),('S0103','HD050'),('S2010630098','HD050'),('S0104','HD051'),('S2007630224','HD051'),('S0104','HD052'),('S0105','HD052'),('S2010630545','HD052'),('S0106','HD053'),('S2011630180','HD053'),('S0106','HD054'),('S0107','HD054'),('S2011630479','HD054'),('S0108','HD055'),('S2010630449','HD055'),('S0109','HD056'),('S2011630489','HD056'),('S0110','HD057'),('S2011630495','HD057'),('S0111','HD058'),('S0112','HD058'),('S2010630495','HD058'),('S0113','HD059'),('S2006630366','HD059'),('S0114','HD060'),('S2011630220','HD060'),('S0115','HD061'),('S2011630223','HD061'),('S0116','HD062'),('S0117','HD062'),('S2010630170','HD062'),('S0118','HD063'),('S2011630547','HD063');
/*!40000 ALTER TABLE `hdsocio` ENABLE KEYS */;
UNLOCK TABLES;

--
-- Table structure for table `homedepot`
--

DROP TABLE IF EXISTS `homedepot`;
/*!40101 SET @saved_cs_client     = @@character_set_client */;
/*!40101 SET character_set_client = utf8 */;
CREATE TABLE `homedepot` (
  `idHD` varchar(20) NOT NULL,
  `nombre` varchar(60) DEFAULT NULL,
  `direccion` varchar(200) DEFAULT NULL,
  `tel` varchar(30) DEFAULT NULL,
  `estado` varchar(40) DEFAULT NULL,
  PRIMARY KEY (`idHD`)
) ENGINE=InnoDB DEFAULT CHARSET=latin1;
/*!40101 SET character_set_client = @saved_cs_client */;

--
-- Dumping data for table `homedepot`
--

LOCK TABLES `homedepot` WRITE;
/*!40000 ALTER TABLE `homedepot` DISABLE KEYS */;
INSERT INTO `homedepot` VALUES ('HD001','Aguascalientes','Blvd. Zacatecas No. 112 Nte Fracc. Comercial Galerias 2 Seccion Aguascalientes, Ags CP 20120','01(449) 910-8900','Aguascalientes'),('HD002','Ensenada','Av. Pedro de Loyola #397 Esq. Calle Hierro Lote 94 Manzana 54 Col. Carlos Pacheco Ensenada, BC CP 22897','01(646) 152-2300','Baja California'),('HD003','Mexicali','Blvd. Benito Juárez #2398 Col. Sánchez Taboada Mexicali, BC CP 21370','01(686) 906-8000','Baja California'),('HD004','Tijuana','Via Rapida #14631 Pte. Esq. con Blvd. Lázaro Cárdenas Col. Los Santos Tijuana, BC CP 22430','01(664) 608-8000','Baja California'),('HD005','Los Cabos','Carretera Transpeninsular Km. 6.5 Fracc. Cabo Bello Cabo San Lucas, BCS CP 23410','01(624) 105-8600','Baja California Sur'),('HD006','Tuxtla Gutierrez','LIBRAMIENTO SUR PTE. #2991 COL. TERAN TUXTLA GUTIERREZ, CHIAPAS C.P. 29060','','Chiapas'),('HD007','Chihuahua','Periferico de la Juventud #6100 Sector 35 Col. Hacienda del Valle Cd. Chihuahua, Chih. CP 31216','01(614) 439-8200','Chihuahua'),('HD008','Constitucion','Constitucion #850 Col. Barrial Cd. Juarez, Chih. CP 32040','01(656) 615-4849','Chihuahua'),('HD009','Henequen','Av. Henequen #1181 Col. Salvacar Cd. Juarez, Chih. CP 32690','01(656) 637-4700','Chihuahua'),('HD010','Lopez Mateos','Av. Lopez Mateos #1365 Col. Melchor Ocampo Cd. Juarez, Chih. CP 32380','01(656) 686-1000','Chihuahua'),('HD011','Tecnologico','Calle Rancho San Valentín #7109 En Avenida Tecnologico y Ejercito Nacional Col. Pradera Dorada Cd. Juárez, Chih. CP 32610','01(656) 227-0000','Chihuahua'),('HD012','Saltillo',' Blvd. Nazario S. Ortiz Garza #1951  Saltillo, Coah. CP 25279','01(844) 438-5400','Coahuila'),('HD013','Torreon','Diagonal Reforma #2200 Col. Abastos Torreon Coah. CP 27029','01(871) 747-4500','Coahuila'),('HD014','Centro','Av. Del Taller #370 Col. 24 de Abril Del. Venustiano Carranza Mexico DF CP 15980','01(55) 5036-1100','DF'),('HD015','Coapa','Calz del Hueso #670 Col. Los Robles Delegacion Coyoacan  Mexico DF CP 04870','01(55) 5624-1400','DF'),('HD016','Coapa_2','Av. Canal de Miramontes #2053 Col. De los Girasoles Del. Coyoacan Mexico DF CP 04920','01(55) 5483-3900','DF'),('HD017','Iztapalapa','Periferico Oriente #2141 Col. Ejercito Constitucionalista Mexico DF CP 09219','01(55) 5804-1200','DF'),('HD018','Mixcoac','Av. Central y Sta. Lucia Col. Alfonso XIII Del. Alvaro Obregon Mexico DF CP 01460','01(55) 5278-0800','DF'),('HD019','San Jeronimo','Av. San Jeronimo #630 Col. La Otra Banda Del. Alvaro Obregon Mexico DF CP 01090','01(55) 5377-0900','DF'),('HD020','Tlatilco','Av. Jardin #245 Barrio de San Francisco Xocotitla Col. Tlatilco, Mexico DF CP 02860','01(55) 5354-5400','DF'),('HD021','Durango','Blvd. Domingo Arrieta #601 esq. Teresa de Calcuta Col. El Refugio Durango, Dgo CP 34170','01(618) 827-2200','Durango'),('HD022','Coacalco','Via Lopez portillo #105 Esq. Blvd. Coacalco Col. Zacuautla Coacalco, Edo. de México CP 55700','01(55) 5898-9800','Estado de Mexico'),('HD023','Cuautitlan','Carr. Mexico-Queretaro esq. Av. Chalma Col. Jardines de la Hacienda Cuautitlán Izcalli, Edo. de México CP 54720','01(55) 5864-2300','Estado de Mexico'),('HD024','Interlomas','Av. Magno Centro #35 Col. Parques de la Herradura Huixquilucan, Edo. de México CP 52760','01(55) 5246-3300','Estado de Mexico'),('HD025','Lomas Verdes','Av. Lomas Verdes Esq. Periferico Nte. #904 Naucalpan, Edo de México CP 53150','01(55) 5371-0400','Estado de Mexico'),('HD026','Metepec','Via Metepec esq. Paseo San Isidro No. 2 Nte Col. Sta. Cruz Metepec, Edo Mx CP 52140','01(722) 275-7100','Estado de Mexico'),('HD027','Naucalpan','Calle Tres #40 Col. San Francisco Cuautlalpan, Edo. de México CP 53569','01(55) 2122-7400','Estado de Mexico'),('HD028','Perinorte','Cto. Hda. De Xalpa #1 Centro Comercial Perinorte Cuautitlan Izcalli, Edo. de México CP 54769','01(55) 5864-1900','Estado de Mexico'),('HD029','Tlalnepantla','Autopista México-Querétaro #3000 Col. Los Pirules. Tlalnepantla Edo. de México CP 78045','01(55) 1940-1800','Estado de Mexico'),('HD030','Celaya','Av. Tecnologico No. 698-D Col. Ciudad Industrial Celaya, Gto CP 38010','01(461) 598-7300','Guanajuato'),('HD031','Irapuato','Prolongacion Lázaro Cárdenas No. 4977 Col. San Miguelito Irapuato, Gto CP 36557','01(462) 635-8600','Guanajuato'),('HD032','Leon','Blvd. Manuel J. Clouthier #304 Col. Cerro Gordo Leon, Gto. CP 37150','01(477) 788-5800','Guanajuato'),('HD033','León Centro Max','Centro Max Bajio Blvd. Adolfo López Mateos # 2518 Col. Jardines del Jerez Leon, Gto. CP 37530','01(477) 710-0100','Guanajuato'),('HD034','Acapulco','Av. Cuauhtemoc #1303 Esq. Av. del Tanque Col. Hornos Insurgentes Acapulco, Gro. CP 39350','01(744) 469-1600','Guerrero'),('HD035','Pachuca','Blvd. Nvo. Hidalgo No. 208 Fracc. Puerta de Hierro Pachuca, Hgo. CP 42080','01(771) 717-5700','Hidalgo'),('HD036','Cordilleras','Desierto #4797 Col. El Borrego Zapopan, Jal. CP 45035','01(33) 1002-0200','Jalisco'),('HD037','Guadalajara','Av. Camino al Iteso #8952 Esq. Lopez Mateos Col. Nueva Santa Maria Tlaquepaque Jal. CP 45530','01(33) 3884-8000','Jalisco'),('HD038','Acueducto','AVENIDA ACUEDUTCO #6050 UNIDAD PRIVATIVA 2, LOMAS DEL BOSQUE C.P. 45110 ZAPOPAN, JALISCO','','Jalisco'),('HD039','Morelia','Calz. La Huerta #3000 Col: Ex Hacienda La Huerta Morelia, Mich. CP 58149','01(443) 322-4500','Michoacan'),('HD040','Cuernavaca','Vicente Guerrero #1210 Col. Lomas del Cortez Cuernavaca, Morelos CP 62240','01(777) 101-0700','Morelos'),('HD041','Miguel Aleman','Av. Miguel Aleman Esq. Av. Las Torres Col. Miguel Aleman San Nicolas de los Garza, NL CP 66447','01(81) 8131-0900','Nuevo Leon'),('HD042','Cumbres','Paseo de los Triunfadores #3200 Cumbres 8avo sector Monterrey, NL CP 64610','01(81) 8158-8000','Nuevo Leon'),('HD043','Brisas','Av. Lazaro Cardenas #999 Col. Las Brisas Monterrey, NL CP 64780','01(81) 8155-3800 ','Nuevo Leon'),('HD044','San Nicolás/Nogalar','Av. Nogalar Sur #130 Col. Cuauhtemoc San Nicolas de los Garza NL CP 66452','01(81) 8305-4800','Nuevo Leon'),('HD045','Revolucion','Ave. Revolucion #2096 Col. Estadio Monterrey, NL CP 64830','01(81) 8369-4400','Nuevo Leon'),('HD046','Torres','Ave. Lazaro Cardenas #2800-B Col. Balcones del Mirador Monterrey, NL CP 64790','01(81) 8328-4800','Nuevo Leon'),('HD047','Puebla','Via Atlixcayotl #5317 Col. Unidad Territorial Puebla, Pue. CP 72400','01(222) 303-8800','Puebla'),('HD048','Puebla Norte','Heroes del 5 de Mayo No. 3007 Col. Nueva Aurora Popular Puebla, Pue. CP 72070','01(222) 303-1700','Puebla'),('HD049','Queretaro','Prolongación Ezequiel Montes # 8 Col. San Pablo TecnologicoQueretaro, Qro. CP 76130','01(442) 192-7000','Queretaro'),('HD050','Cancun','Super Manzana #8 Lte 2 Mza. 1 Super Centro Urbano Cancun Quintana Roo CP 77500','01(998) 881-5700','Quintana Roo'),('HD051','Colinas Del Parque','Av. Chapultepec #210-Sur Fraccionamiento Colinas Del Parque San Luis Potosi, SLP CP 78000','01(444) 834-3800','San Luis Potosi'),('HD052','Culiacan','Blvd. Emiliano Zapata #2546 Pte. Col. El ValladoCuliacan, Sin. CP 80110','01(667) 758-8000','Sinaloa'),('HD053','Los Mochis','Blvd. Antonio Rosales #1280 Sur Col. CentroLos Mochis, Sinaloa CP 81271','01(668) 816-1900','Sinaloa'),('HD054','Mazatlan','Av. Rafael Buelna No. 600 Col. Alameda Mazatlan, Sin CP 82123','01(669) 989-9900','Sinaloa'),('HD055','Hermosillo','Blvd. Solidaridad #990-Sur Col. Proyecto Rio Sonora Hermosillo, Son. CP 83280','01(66) 2259-8500','Sonora'),('HD056','Cd. Obregon','Calle Lago Superior No. 1065 Nte.Fracc. Comercial Zona Norte Cd. Obregon, Son. CP 85010','01(644) 410-9300','Sonora'),('HD057','Villahermosa','Av. Quintana Arauz #501 Frac. Desarrollo Urbano Villahermosa, Tab. CP 86100','01(993) 313-6900','Tabasco'),('HD058','Tampico','Av. Hidalgo #6000 Col. Lomas de Chariel Tampico, Tamps CP 89360','01(833) 230-2800','Tamaulipas'),('HD059','Reynosa','Fuente de Diana 200 Sur Col. Las Fuentes Reynosa, Tamps. CP 88710','01(899) 909-2000','Tamaulipas'),('HD060','Ciudad Victoria','BLVD. TAMAULIPAS NO. 3520 ESQ LIB. NACIONES UNIDAS CD. VICTORIA TAMAULIPAS C.P. 87027','','Tamaulipas'),('HD061','Veracruz','Ejercito Mexicano Poniente esq. Haiti Col. Las Antillas Veracruz, Ver CP 91936','01(229) 923-6900','Veracruz'),('HD062','Xalapa','Carretera Xalapa-Veracruz No. 71 Col. El Apero Xalapa, Ver CP 91190','01(228) 141-0100','Veracruz'),('HD063','Merida','Calle 35 #470 Frac. Gonzalo Guerrero Merida, Yucatán CP 97118','01(999) 942-0500','Yucatan');
/*!40000 ALTER TABLE `homedepot` ENABLE KEYS */;
UNLOCK TABLES;

--
-- Table structure for table `socio`
--

DROP TABLE IF EXISTS `socio`;
/*!40101 SET @saved_cs_client     = @@character_set_client */;
/*!40101 SET character_set_client = utf8 */;
CREATE TABLE `socio` (
  `idSocio` varchar(20) NOT NULL,
  `nombre` varchar(50) DEFAULT NULL,
  `direccion` varchar(200) DEFAULT NULL,
  `tel` varchar(30) DEFAULT NULL,
  `email` varchar(40) DEFAULT NULL,
  `credito` int(10) unsigned DEFAULT NULL,
  PRIMARY KEY (`idSocio`)
) ENGINE=InnoDB DEFAULT CHARSET=latin1;
/*!40101 SET character_set_client = @saved_cs_client */;

--
-- Dumping data for table `socio`
--

LOCK TABLES `socio` WRITE;
/*!40000 ALTER TABLE `socio` DISABLE KEYS */;
INSERT INTO `socio` VALUES ('S0001','ANGELES DE LA CRUZ ANDREE MICHEL IRVING','ESCOM','01(55)51-22-33-00','escom@escom.ipn.mx',8000),('S0002','AÑORVE MORALES ANTONIO CESAR','ESCOM','01(55)51-22-33-00','escom@escom.ipn.mx',6000),('S0003','ARMENDARIZ CRUZ OCTAVIO ARTURO','ESCOM','01(55)51-22-33-00','escom@escom.ipn.mx',5000),('S0004','ARROYO MEJIA ISAAC HUSAI','ESCOM','01(55)51-22-33-00','escom@escom.ipn.mx',3000),('S0005','BUENDIA LOPEZ ENRIQUE OMAR','ESCOM','01(55)51-22-33-00','escom@escom.ipn.mx',8000),('S0006','BUSTOS GUERRERO SERGIO MANUEL','ESCOM','01(55)51-22-33-00','escom@escom.ipn.mx',6000),('S0007','CAMACHO MONTOYA RICARDO','ESCOM','01(55)51-22-33-00','escom@escom.ipn.mx',5000),('S0008','CARACHEO EVANGELISTA IVAN','ESCOM','01(55)51-22-33-00','escom@escom.ipn.mx',3000),('S0009','CARBAJAL NUÑEZ NOE DANIEL','ESCOM','01(55)51-22-33-00','escom@escom.ipn.mx',8000),('S0010','CARVAJAL MURILLO ANA VICTORIA','ESCOM','01(55)51-22-33-00','escom@escom.ipn.mx',6000),('S0011','CASTAÑEDA GONZALEZ LEONARDO MAURICIO','ESCOM','01(55)51-22-33-00','escom@escom.ipn.mx',5000),('S0012','CASTILLO GARCIA ZURIEL JAVIER','ESCOM','01(55)51-22-33-00','escom@escom.ipn.mx',3000),('S0013','CASTILLO GONZALEZ IVAN','ESCOM','01(55)51-22-33-00','escom@escom.ipn.mx',8000),('S0014','CASTREJON SUAREZ LUIS','ESCOM','01(55)51-22-33-00','escom@escom.ipn.mx',6000),('S0015','CAUICH MARTINEZ JORGE IVAN','ESCOM','01(55)51-22-33-00','escom@escom.ipn.mx',5000),('S0016','CORTEZ ORTIZ ARTURO','ESCOM','01(55)51-22-33-00','escom@escom.ipn.mx',3000),('S0017','CRUZ CHAVEZ EDGAR DANIEL','ESCOM','01(55)51-22-33-00','escom@escom.ipn.mx',8000),('S0018','DIAZ ANGUIANO JOSE EDUARDO','ESCOM','01(55)51-22-33-00','escom@escom.ipn.mx',6000),('S0019','ESPINOZA GIL ADALID','ESCOM','01(55)51-22-33-00','escom@escom.ipn.mx',5000),('S0020','FLORES GALICIA OMAR ISAIAS','ESCOM','01(55)51-22-33-00','escom@escom.ipn.mx',3000),('S0021','FLORES MORA DIANA ANGELICA','ESCOM','01(55)51-22-33-00','escom@escom.ipn.mx',8000),('S0022','FRAIRE GONZALEZ JESUS','ESCOM','01(55)51-22-33-00','escom@escom.ipn.mx',6000),('S0023','FUENTES PAREDES YAZMIN ADRIANA','ESCOM','01(55)51-22-33-00','escom@escom.ipn.mx',5000),('S0024','GALLARDO MEDINA ADRIAN FERNANDO','ESCOM','01(55)51-22-33-00','escom@escom.ipn.mx',3000),('S0025','GAMA SEVERIANO ANDRES','ESCOM','01(55)51-22-33-00','escom@escom.ipn.mx',8000),('S0026','GARCIA CERVANTES ANEL','ESCOM','01(55)51-22-33-00','escom@escom.ipn.mx',6000),('S0027','GARCIA MORA OSVALDO','ESCOM','01(55)51-22-33-00','escom@escom.ipn.mx',5000),('S0028','GARCIA VAZQUEZ NANCI MARGARITA','ESCOM','01(55)51-22-33-00','escom@escom.ipn.mx',3000),('S0029','GARCIA VELASCO VICTOR HUGO','ESCOM','01(55)51-22-33-00','escom@escom.ipn.mx',8000),('S0030','GARDUÑO SANCHEZ LUIS ALBERTO','ESCOM','01(55)51-22-33-00','escom@escom.ipn.mx',6000),('S0031','GASTELUM SARO VICTOR MANUEL','ESCOM','01(55)51-22-33-00','escom@escom.ipn.mx',5000),('S0032','GOMEZ TETLALMATZI JESSICA','ESCOM','01(55)51-22-33-00','escom@escom.ipn.mx',3000),('S0033','GONZALEZ REYES JOSE AUGUSTO','ESCOM','01(55)51-22-33-00','escom@escom.ipn.mx',8000),('S0034','GONZALEZ ZAVALA HUGO CESAR','ESCOM','01(55)51-22-33-00','escom@escom.ipn.mx',6000),('S0035','GUERRERO MUNGUIA OMAR','ESCOM','01(55)51-22-33-00','escom@escom.ipn.mx',3000),('S0036','GUTIERREZ GARCIA ROBERTO','ESCOM','01(55)51-22-33-00','escom@escom.ipn.mx',8000),('S0037','GUTIERREZ RESENDIZ ROBERTO','ESCOM','01(55)51-22-33-00','escom@escom.ipn.mx',6000),('S0038','GUZMAN RIOS RAFAEL ANGEL','ESCOM','01(55)51-22-33-00','escom@escom.ipn.mx',5000),('S0039','HERNANDEZ ESTRADA ALAN YESSAHIR','ESCOM','01(55)51-22-33-00','escom@escom.ipn.mx',3000),('S0040','HERNANDEZ ROSAS DANIEL ALEJANDRO','ESCOM','01(55)51-22-33-00','escom@escom.ipn.mx',8000),('S0041','HERRERA AGUILAR ALEJANDRO DANIEL','ESCOM','01(55)51-22-33-00','escom@escom.ipn.mx',6000),('S0042','JIMENEZ MANDUJANO JORGE ALBERTO','ESCOM','01(55)51-22-33-00','escom@escom.ipn.mx',5000),('S0043','LAGOS CAXNAJOY EDGAR JACOBO','ESCOM','01(55)51-22-33-00','escom@escom.ipn.mx',3000),('S0044','LEON OROZCO DANIEL','ESCOM','01(55)51-22-33-00','escom@escom.ipn.mx',8000),('S0045','LOPEZ CABAÑAS KARINA','ESCOM','01(55)51-22-33-00','escom@escom.ipn.mx',6000),('S0046','LOPEZ ESCOBAR JONATHAN','ESCOM','01(55)51-22-33-00','escom@escom.ipn.mx',5000),('S0047','LOPEZ HERNANDEZ YAZMIN SARAHI','ESCOM','01(55)51-22-33-00','escom@escom.ipn.mx',3000),('S0048','LOPEZ MOSQUEDA ARTURO','ESCOM','01(55)51-22-33-00','escom@escom.ipn.mx',8000),('S0049','LOPEZ OBREGON ERIKA LISSETTE','ESCOM','01(55)51-22-33-00','escom@escom.ipn.mx',6000),('S0050','LOPEZ RUIZ IVAN','ESCOM','01(55)51-22-33-00','escom@escom.ipn.mx',5000),('S0051','LOPEZ TORRES IVAN','ESCOM','01(55)51-22-33-00','escom@escom.ipn.mx',3000),('S0052','MACEDO BARONA ADUER JANIEL','ESCOM','01(55)51-22-33-00','escom@escom.ipn.mx',8000),('S0053','MARIN MENDOZA BENIGNO','ESCOM','01(55)51-22-33-00','escom@escom.ipn.mx',6000),('S0054','MARTINEZ MARSILLI SERGIO','ESCOM','01(55)51-22-33-00','escom@escom.ipn.mx',5000),('S0055','MARTINEZ MEZA SAUL','ESCOM','01(55)51-22-33-00','escom@escom.ipn.mx',3000),('S0056','MARTINEZ VALDELAMAR EMMANUEL IVAN','ESCOM','01(55)51-22-33-00','escom@escom.ipn.mx',8000),('S0057','MARTINEZ VALDOVINOS FERNANDO RA','ESCOM','01(55)51-22-33-00','escom@escom.ipn.mx',6000),('S0058','MARTINEZ VALLADARES PEDRO','ESCOM','01(55)51-22-33-00','escom@escom.ipn.mx',3000),('S0059','MARTINEZ VAZQUEZ LUIS DANIEL','ESCOM','01(55)51-22-33-00','escom@escom.ipn.mx',8000),('S0060','MEDINA MARTINEZ JOSE GUADALUPE','ESCOM','01(55)51-22-33-00','escom@escom.ipn.mx',6000),('S0061','MENDEZ DELGADO FRANCISCO LEVI','ESCOM','01(55)51-22-33-00','escom@escom.ipn.mx',5000),('S0062','MONROY MORAN SERGIO ISRAEL','ESCOM','01(55)51-22-33-00','escom@escom.ipn.mx',3000),('S0063','MONTALVO LEZAMA RICARDO','ESCOM','01(55)51-22-33-00','escom@escom.ipn.mx',8000),('S0064','MONTANTES VELASCO WALTER ALEJANDRO','ESCOM','01(55)51-22-33-00','escom@escom.ipn.mx',6000),('S0065','MONTAÑO ORDAZ JESUS ADRIAN','ESCOM','01(55)51-22-33-00','escom@escom.ipn.mx',5000),('S0066','MONTIEL MORAN FRANCISCO JAVIER','ESCOM','01(55)51-22-33-00','escom@escom.ipn.mx',3000),('S0067','MORALES LOPEZ ALBERTO','ESCOM','01(55)51-22-33-00','escom@escom.ipn.mx',8000),('S0068','MORANTE TORRECILLAS JARITH ALY','ESCOM','01(55)51-22-33-00','escom@escom.ipn.mx',6000),('S0069','NAJER GONZALEZ LESSLYE ALY','ESCOM','01(55)51-22-33-00','escom@escom.ipn.mx',5000),('S0070','NIETO LOPEZ EDUARDO','ESCOM','01(55)51-22-33-00','escom@escom.ipn.mx',3000),('S0071','OCOTITLA HERNANDEZ CESAR OCTAVIO','ESCOM','01(55)51-22-33-00','escom@escom.ipn.mx',8000),('S0072','OCTAVIANO BETANZOS MAYRA ELIZABETH','ESCOM','01(55)51-22-33-00','escom@escom.ipn.mx',6000),('S0073','OLVERA FRAGOSO EDGAR','ESCOM','01(55)51-22-33-00','escom@escom.ipn.mx',5000),('S0074','ORTA PEREZ ALEXANDRO','ESCOM','01(55)51-22-33-00','escom@escom.ipn.mx',3000),('S0075','ORTEGA RIVERA RUBEN EFREN','ESCOM','01(55)51-22-33-00','escom@escom.ipn.mx',8000),('S0076','OVIEDO ESPINOZA JOSAFAT','ESCOM','01(55)51-22-33-00','escom@escom.ipn.mx',6000),('S0077','PARRA CASTILLON ANGEL ULISES','ESCOM','01(55)51-22-33-00','escom@escom.ipn.mx',5000),('S0078','PEREZ MORALES MARCELA','ESCOM','01(55)51-22-33-00','escom@escom.ipn.mx',3000),('S0079','PIMENTEL MARTINEZ WALDO','ESCOM','01(55)51-22-33-00','escom@escom.ipn.mx',8000),('S0080','PORTILLO BRAVO MARIA DEL ROCIO','ESCOM','01(55)51-22-33-00','escom@escom.ipn.mx',6000),('S0081','QUEBRADO CANEDA OSCAR JAVIER','ESCOM','01(55)51-22-33-00','escom@escom.ipn.mx',5000),('S0082','RAMIREZ JIMENEZ ALLAN CESAR','ESCOM','01(55)51-22-33-00','escom@escom.ipn.mx',3000),('S0083','RAMIREZ MARTINEZ ERICK DANIEL','ESCOM','01(55)51-22-33-00','escom@escom.ipn.mx',8000),('S0084','RAMIREZ ZARRAGA OSCAR','ESCOM','01(55)51-22-33-00','escom@escom.ipn.mx',6000),('S0085','REYES REYES DONOVAN','ESCOM','01(55)51-22-33-00','escom@escom.ipn.mx',5000),('S0086','REYNOSO RAMIREZ EDUARDO ALFREDO','ESCOM','01(55)51-22-33-00','escom@escom.ipn.mx',3000),('S0087','RIOS GASPAR IZCHEL NAYELI','ESCOM','01(55)51-22-33-00','escom@escom.ipn.mx',8000),('S0088','RIVERA GONZALEZ ERNESTO','ESCOM','01(55)51-22-33-00','escom@escom.ipn.mx',6000),('S0089','ROBLERO TORRES ERIK','ESCOM','01(55)51-22-33-00','escom@escom.ipn.mx',5000),('S0090','RODRIGUEZ BARCENAS MARCO ANTONIO','ESCOM','01(55)51-22-33-00','escom@escom.ipn.mx',3000),('S0091','RODRIGUEZ MARTINEZ ARTURO','ESCOM','01(55)51-22-33-00','escom@escom.ipn.mx',8000),('S0092','ROMERO GALVAN LUIS ROBERTO','ESCOM','01(55)51-22-33-00','escom@escom.ipn.mx',6000),('S0093','RUIZ MENDEZ LUIS ANGEL','ESCOM','01(55)51-22-33-00','escom@escom.ipn.mx',5000),('S0094','SALVADOR CHAVEZ JONATHAN','ESCOM','01(55)51-22-33-00','escom@escom.ipn.mx',3000),('S0095','SANCHEZ MONROY OMAR ISRAEL','ESCOM','01(55)51-22-33-00','escom@escom.ipn.mx',8000),('S0096','SANTOS HERNANDEZ DULCE MARIEL','ESCOM','01(55)51-22-33-00','escom@escom.ipn.mx',6000),('S0097','SILVA ARANDA DAGOBERTO ISRAEL','ESCOM','01(55)51-22-33-00','escom@escom.ipn.mx',5000),('S0098','SILVA PEREZ JAVIER','ESCOM','01(55)51-22-33-00','escom@escom.ipn.mx',3000),('S0099','SOLIS GONZALEZ MARIA EUGENIA','ESCOM','01(55)51-22-33-00','escom@escom.ipn.mx',8000),('S0100','SORIA HIDALGO MANUEL ALEJANDRO','ESCOM','01(55)51-22-33-00','escom@escom.ipn.mx',6000),('S0101','SOTO JUAREZ ENRIQUE','ESCOM','01(55)51-22-33-00','escom@escom.ipn.mx',5000),('S0102','SUAREZ MENDEZ RICARDO','ESCOM','01(55)51-22-33-00','escom@escom.ipn.mx',3000),('S0103','TENORIO JIMENEZ ALEJANDRO','ESCOM','01(55)51-22-33-00','escom@escom.ipn.mx',8000),('S0104','TORRES HURTADO OMAR','ESCOM','01(55)51-22-33-00','escom@escom.ipn.mx',6000),('S0105','TORRES RAMIREZ CUAUHTEMOC','ESCOM','01(55)51-22-33-00','escom@escom.ipn.mx',5000),('S0106','TORRES RIVERA LOURDES MARICELA','ESCOM','01(55)51-22-33-00','escom@escom.ipn.mx',3000),('S0107','TREJO SANDOVAL SERGIO ALBERTO','ESCOM','01(55)51-22-33-00','escom@escom.ipn.mx',8000),('S0108','VALENCIA GORDILLO CECILIA','ESCOM','01(55)51-22-33-00','escom@escom.ipn.mx',6000),('S0109','VARGAS BECERRIL EUGENIO ISAIAS','ESCOM','01(55)51-22-33-00','escom@escom.ipn.mx',5000),('S0110','VAZQUEZ CARAVANTES EDUARDO','ESCOM','01(55)51-22-33-00','escom@escom.ipn.mx',3000),('S0111','VELASQUEZ CRUZ ANGELICA','ESCOM','01(55)51-22-33-00','escom@escom.ipn.mx',8000),('S0112','VILLA RUSSELL JUAN PABLO','ESCOM','01(55)51-22-33-00','escom@escom.ipn.mx',6000),('S0113','VILLARREAL MEINECKE JORGE','ESCOM','01(55)51-22-33-00','escom@escom.ipn.mx',5000),('S0114','VILLEGAS SANCHEZ TANIA GISSELLE','ESCOM','01(55)51-22-33-00','escom@escom.ipn.mx',3000),('S0115','ZAMORA SOLIS FRANCISCO','ESCOM','01(55)51-22-33-00','escom@escom.ipn.mx',8000),('S0116','ZARAGOZA ORTEGA VICTOR','ESCOM','01(55)51-22-33-00','escom@escom.ipn.mx',6000),('S0117','ZENDEJAS RODRIGUEZ GABRIELA','ESCOM','01(55)51-22-33-00','escom@escom.ipn.mx',5000),('S0118','ZUÑIGA GARCIA GUSTAVO ALBERTO','ESCOM','01(55)51-22-33-00','escom@escom.ipn.mx',3000),('S2006630366','OSORIO CRUZ ROBERTO','DESCONOCIDA','01(55)55-58-69-69','escom@escom.ipn.mx',9850),('S2007630224','LOPEZ LABASTIDA CARLOS ALEJANDRO','DESCONOCIDA','01(55)55-58-69-61','escom@escom.ipn.mx',8650),('S2007630396','VAZQUEZ JUAREZ JORGE EMYR','DESCONOCIDA','01(55)55-58-69-76','escom@escom.ipn.mx',10900),('S2007630521','SALAZAR PERALTA PABLO ALBERTO','DESCONOCIDA','01(55)55-58-69-74','escom@escom.ipn.mx',10600),('S2009630063','ENRIQUEZ VELASCO JUAN','DESCONOCIDA','01(55)55-58-69-42','escom@escom.ipn.mx',11920),('S2009630277','SANTIAGO RIVERA ALEJANDRO','DESCONOCIDA','01(55)55-58-69-45','escom@escom.ipn.mx',12880),('S2010300637','TOPETE TELLEZ JACQUELIN RIHAN','DESCONOCIDA','01(55)55-58-69-50','escom@escom.ipn.mx',7000),('S2010300690','ZALDIVAR GUILLEN RAFAEL URIEL','DESCONOCIDA','01(55)55-58-69-77','escom@escom.ipn.mx',11050),('S2010310687','JUAREZ AZUARA LUIS CARLOS','DESCONOCIDA','01(55)55-58-69-26','escom@escom.ipn.mx',6800),('S2010600113','CA¥EDO MARTINEZ LAURA','DESCONOCIDA','01(55)55-58-69-47','escom@escom.ipn.mx',13520),('S2010602628','SANCHEZ ALVAREZ JONATAN HAZEL','DESCONOCIDA','01(55)55-58-69-48','escom@escom.ipn.mx',13840),('S2010630079','GONZALEZ RUIZ JUAN JOSE','DESCONOCIDA','01(55)55-58-69-23','escom@escom.ipn.mx',6800),('S2010630098','JUAREZ GARCIA VICTOR DANIEL','DESCONOCIDA','01(55)55-58-69-60','escom@escom.ipn.mx',8500),('S2010630170','RESENDIZ GARCIA JOSE MIGUEL','DESCONOCIDA','01(55)55-58-69-72','escom@escom.ipn.mx',10300),('S2010630277','GARCIA HERNANDEZ OSVALDO','DESCONOCIDA','01(55)55-58-69-19','escom@escom.ipn.mx',5600),('S2010630416','VELAZQUEZ RAMOS ISAAC','DESCONOCIDA','01(55)55-58-69-40','escom@escom.ipn.mx',11280),('S2010630437','GONZALEZ CRUZ ISMAEL ALEJANDRO','DESCONOCIDA','01(55)55-58-69-49','escom@escom.ipn.mx',14160),('S2010630438','GUTIERREZ DIAZ LIZANIA SARAI','DESCONOCIDA','01(55)55-58-69-79','escom@escom.ipn.mx',11350),('S2010630449','MEJIA PLACIDO ROSA ISELA','DESCONOCIDA','01(55)55-58-69-65','escom@escom.ipn.mx',9250),('S2010630495','NAVA BAEZ MUCIO ARTURO','DESCONOCIDA','01(55)55-58-69-68','escom@escom.ipn.mx',9700),('S2010630519','CORSI REGALADO MARGARITA CONCEPCION','DESCONOCIDA','01(55)55-58-69-54','escom@escom.ipn.mx',7600),('S2010630545','MARTINEZ ACOSTA EDGAR','DESCONOCIDA','01(55)55-58-69-62','escom@escom.ipn.mx',8800),('S2010630569','MENDOZA CORREA RODRIGO ALBERTO','DESCONOCIDA','01(55)55-58-69-78','escom@escom.ipn.mx',11200),('S2011630009','ANGELES CAMACHO JESUS EMMANUEL','DESCONOCIDA','01(55)55-58-69-11','escom@escom.ipn.mx',3200),('S2011630018','BARRADAS SPEZZIA ALBERTO','DESCONOCIDA','01(55)55-58-69-12','escom@escom.ipn.mx',3500),('S2011630021','BECERRA BECERRA JUAN','DESCONOCIDA','01(55)55-58-69-51','escom@escom.ipn.mx',7150),('S2011630023','BERMUDEZ SALAZAR JOSE OMAR','DESCONOCIDA','01(55)55-58-69-13','escom@escom.ipn.mx',3800),('S2011630049','CIENFUEGOS NAJERA ALAN RAZIEL','DESCONOCIDA','01(55)55-58-69-52','escom@escom.ipn.mx',7300),('S2011630058','CORTES SANTIAGO LUIS ALBERTO','DESCONOCIDA','01(55)55-58-69-14','escom@escom.ipn.mx',4100),('S2011630066','CRUZ PEREZ FRANCISCO JAVIER','DESCONOCIDA','01(55)55-58-69-15','escom@escom.ipn.mx',4400),('S2011630075','DIAZ PINEDA BRANDON','DESCONOCIDA','01(55)55-58-69-55','escom@escom.ipn.mx',7750),('S2011630080','DOMINGUEZ RIOS RANFERI EMMANUELLE','DESCONOCIDA','01(55)55-58-69-16','escom@escom.ipn.mx',4700),('S2011630081','DURAN PINEDA MARIO ANGEL','DESCONOCIDA','01(55)55-58-69-17','escom@escom.ipn.mx',5000),('S2011630090','ESQUIVEL HERRERA DANIEL','DESCONOCIDA','01(55)55-58-69-18','escom@escom.ipn.mx',5300),('S2011630116','GARCIA MARTINEZ LUIS ALBERTO','DESCONOCIDA','01(55)55-58-69-57','escom@escom.ipn.mx',8050),('S2011630117','GARCIA MEDRANO ANDRES NOE','DESCONOCIDA','01(55)55-58-69-20','escom@escom.ipn.mx',5900),('S2011630120','GOMEZ MARBAN ISRAEL','DESCONOCIDA','01(55)55-58-69-21','escom@escom.ipn.mx',6200),('S2011630127','GONZALEZ MARQUEZ OSCAR','DESCONOCIDA','01(55)55-58-69-22','escom@escom.ipn.mx',6500),('S2011630130','GUERRA SANCHEZ MARIO ALBERTO','DESCONOCIDA','01(55)55-58-69-24','escom@escom.ipn.mx',7100),('S2011630156','JUAREZ JUAREZ DANIEL','DESCONOCIDA','01(55)55-58-69-27','escom@escom.ipn.mx',7120),('S2011630176','MANCERA SOSA FRANCISCO EMMANUEL','DESCONOCIDA','01(55)55-58-69-44','escom@escom.ipn.mx',12560),('S2011630177','MANZANO LEON JANSEL','DESCONOCIDA','01(55)55-58-69-29','escom@escom.ipn.mx',7760),('S2011630180','MARTINEZ CRUZ MARITZA','DESCONOCIDA','01(55)55-58-69-63','escom@escom.ipn.mx',8950),('S2011630183','MARTINEZ JIMENEZ JUAN MIGUEL','DESCONOCIDA','01(55)55-58-69-30','escom@escom.ipn.mx',8080),('S2011630189','MARTINEZ RIVERA EDUARDO','DESCONOCIDA','01(55)55-58-69-31','escom@escom.ipn.mx',8400),('S2011630211','MORENO SOTELO MIGUELANGEL','DESCONOCIDA','01(55)55-58-69-34','escom@escom.ipn.mx',9360),('S2011630220','PAREDES ESTRADA JAIR MICHELE','DESCONOCIDA','01(55)55-58-69-70','escom@escom.ipn.mx',10000),('S2011630223','PEREZ CORONA NAYELLI VALERIA','DESCONOCIDA','01(55)55-58-69-71','escom@escom.ipn.mx',10150),('S2011630225','PEREZ MUELLER GONZALO IVAN','DESCONOCIDA','01(55)55-58-69-35','escom@escom.ipn.mx',9680),('S2011630244','REYES ORTEGA LAURA','DESCONOCIDA','01(55)55-58-69-36','escom@escom.ipn.mx',10000),('S2011630263','SANCHEZ DORANTES ANDRES ARTURO','DESCONOCIDA','01(55)55-58-69-38','escom@escom.ipn.mx',10640),('S2011630276','SILVA REYES RAFAEL ANTONIO','DESCONOCIDA','01(55)55-58-69-39','escom@escom.ipn.mx',10960),('S2011630311','ZAMUDIO LOPEZ IRVIN','DESCONOCIDA','01(55)55-58-69-41','escom@escom.ipn.mx',11600),('S2011630367','CORONA BERMUDEZ URIEL','DESCONOCIDA','01(55)55-58-69-53','escom@escom.ipn.mx',7450),('S2011630390','FUENTES HERRERA JOSE MANUEL','DESCONOCIDA','01(55)55-58-69-56','escom@escom.ipn.mx',7900),('S2011630412','GONZALEZ ESPINOSA VICTORIA','DESCONOCIDA','01(55)55-58-69-58','escom@escom.ipn.mx',8200),('S2011630425','GUILLEN GARCIA JOSE JAIR','DESCONOCIDA','01(55)55-58-69-25','escom@escom.ipn.mx',7400),('S2011630430','HERNANDEZ COLIN DANIEL GILBERTO','DESCONOCIDA','01(55)55-58-69-59','escom@escom.ipn.mx',8350),('S2011630452','LAMAS PEïREZ DANIEL','DESCONOCIDA','01(55)55-58-69-43','escom@escom.ipn.mx',12240),('S2011630472','MACIAS RODRIGUEZ DAVID','DESCONOCIDA','01(55)55-58-69-28','escom@escom.ipn.mx',7440),('S2011630477','MARTINEZ SANCHEZ VICTOR','DESCONOCIDA','01(55)55-58-69-32','escom@escom.ipn.mx',8720),('S2011630479','MAYA GONZALEZ CARLOS CRISTIAN','DESCONOCIDA','01(55)55-58-69-64','escom@escom.ipn.mx',9100),('S2011630489','MEZA CARRASCO GONZALO ALEJANDRO','DESCONOCIDA','01(55)55-58-69-66','escom@escom.ipn.mx',9400),('S2011630494','MONTALVO GONZALEZ FRANCISCO XAVIER','DESCONOCIDA','01(55)55-58-69-46','escom@escom.ipn.mx',13200),('S2011630495','MONTES DE OCA PONCE LUIS ERNESTO','DESCONOCIDA','01(55)55-58-69-67','escom@escom.ipn.mx',9550),('S2011630503','MORENO SANCHEZ GREEN KELVIN','DESCONOCIDA','01(55)55-58-69-33','escom@escom.ipn.mx',9040),('S2011630542','MIRANDA NAJERA CECILIA MIROSLAVA','DESCONOCIDA','01(55)55-58-69-80','escom@escom.ipn.mx',11500),('S2011630547','ROJAS GARCIA RAUL OMAR','DESCONOCIDA','01(55)55-58-69-73','escom@escom.ipn.mx',10450),('S2011630552','ROMERO REYES SERGIO','DESCONOCIDA','01(55)55-58-69-37','escom@escom.ipn.mx',10320),('S2011630557','SALAZAR VELAZQUEZ DIANA HORTENCIA','DESCONOCIDA','01(55)55-58-69-75','escom@escom.ipn.mx',10750),('S2011636666','ACA CRUZ JONATHAN VLADIMIR','DESCONOCIDA','01(55)55-58-69-81','escom@escom.ipn.mx',11650);
/*!40000 ALTER TABLE `socio` ENABLE KEYS */;
UNLOCK TABLES;

--
-- Table structure for table `tarjeta`
--

DROP TABLE IF EXISTS `tarjeta`;
/*!40101 SET @saved_cs_client     = @@character_set_client */;
/*!40101 SET character_set_client = utf8 */;
CREATE TABLE `tarjeta` (
  `idTarjeta` varchar(20) NOT NULL,
  `Socio_idSocio` varchar(20) NOT NULL,
  `nombre` varchar(50) DEFAULT NULL,
  PRIMARY KEY (`idTarjeta`),
  KEY `Tarjeta_FKIndex1` (`Socio_idSocio`),
  KEY `Socio_idSocio` (`Socio_idSocio`),
  CONSTRAINT `tarjeta_ibfk_1` FOREIGN KEY (`Socio_idSocio`) REFERENCES `socio` (`idSocio`) ON DELETE CASCADE ON UPDATE CASCADE
) ENGINE=InnoDB DEFAULT CHARSET=latin1;
/*!40101 SET character_set_client = @saved_cs_client */;

--
-- Dumping data for table `tarjeta`
--

LOCK TABLES `tarjeta` WRITE;
/*!40000 ALTER TABLE `tarjeta` DISABLE KEYS */;
INSERT INTO `tarjeta` VALUES ('T001','S0001','DECORE'),('T002','S0001','CREDITO'),('T003','S0001','PAGOS FIJOS'),('T004','S0002','PAGOS FIJOS'),('T005','S0003','PAGOS FIJOS'),('T006','S0003','CREDITO'),('T007','S0004','CREDITO'),('T008','S0005','CREDITO'),('T009','S0006','CREDITO'),('T010','S0006','DECORE'),('T011','S0007','DECORE'),('T012','S0007','PAGOS FIJOS'),('T013','S0008','PAGOS FIJOS'),('T014','S0009','PAGOS FIJOS'),('T016','S0010','PAGOS FIJOS'),('T017','S0011','PAGOS FIJOS'),('T018','S0012','PAGOS FIJOS'),('T019','S0013','PAGOS FIJOS'),('T020','S0013','CREDITO'),('T021','S0014','CREDITO'),('T022','S0015','CREDITO'),('T023','S0016','CREDITO'),('T024','S0017','CREDITO'),('T025','S0028','PAGOS FIJOS'),('T026','S0029','PAGOS FIJOS'),('T027','S0030','PAGOS FIJOS'),('T028','S0031','PAGOS FIJOS'),('T029','S0037','PAGOS FIJOS'),('T030','S0038','PAGOS FIJOS'),('T031','S0040','PAGOS FIJOS'),('T032','S0041','PAGOS FIJOS'),('T033','S0043','PAGOS FIJOS'),('T034','S0044','CREDITO'),('T035','S0048','CREDITO'),('T036','S0060','CREDITO'),('T037','S0063','CREDITO'),('T038','S0064','CREDITO'),('T039','S0080','CREDITO'),('T040','S0082','CREDITO'),('T041','S0084','CREDITO'),('T042','S0089','CREDITO'),('T043','S0093','CREDITO'),('T044','S0099','CREDITO'),('T045','S0100','CREDITO'),('T046','S0101','CREDITO'),('T047','S0105','CREDITO'),('T049','S0106','DECORE'),('T050','S0118','DECORE');
/*!40000 ALTER TABLE `tarjeta` ENABLE KEYS */;
UNLOCK TABLES;
/*!40103 SET TIME_ZONE=@OLD_TIME_ZONE */;

/*!40101 SET SQL_MODE=@OLD_SQL_MODE */;
/*!40014 SET FOREIGN_KEY_CHECKS=@OLD_FOREIGN_KEY_CHECKS */;
/*!40014 SET UNIQUE_CHECKS=@OLD_UNIQUE_CHECKS */;
/*!40101 SET CHARACTER_SET_CLIENT=@OLD_CHARACTER_SET_CLIENT */;
/*!40101 SET CHARACTER_SET_RESULTS=@OLD_CHARACTER_SET_RESULTS */;
/*!40101 SET COLLATION_CONNECTION=@OLD_COLLATION_CONNECTION */;
/*!40111 SET SQL_NOTES=@OLD_SQL_NOTES */;

-- Dump completed on 2011-10-15 18:12:06
