-- MySQL dump 10.13  Distrib 5.1.51, for Win32 (ia32)
--
-- Host: localhost    Database: trabajoterminal
-- ------------------------------------------------------
-- Server version	5.1.51-community

/*!40101 SET @OLD_CHARACTER_SET_CLIENT=@@CHARACTER_SET_CLIENT */;
/*!40101 SET @OLD_CHARACTER_SET_RESULTS=@@CHARACTER_SET_RESULTS */;
/*!40101 SET @OLD_COLLATION_CONNECTION=@@COLLATION_CONNECTION */;
/*!40101 SET NAMES utf8 */;
/*!40103 SET @OLD_TIME_ZONE=@@TIME_ZONE */;
/*!40103 SET TIME_ZONE='+00:00' */;
/*!40014 SET @OLD_UNIQUE_CHECKS=@@UNIQUE_CHECKS, UNIQUE_CHECKS=0 */;
/*!40014 SET @OLD_FOREIGN_KEY_CHECKS=@@FOREIGN_KEY_CHECKS, FOREIGN_KEY_CHECKS=0 */;
/*!40101 SET @OLD_SQL_MODE=@@SQL_MODE, SQL_MODE='NO_AUTO_VALUE_ON_ZERO' */;
/*!40111 SET @OLD_SQL_NOTES=@@SQL_NOTES, SQL_NOTES=0 */;

--
-- Table structure for table `alumno`
--

DROP TABLE IF EXISTS `alumno`;
/*!40101 SET @saved_cs_client     = @@character_set_client */;
/*!40101 SET character_set_client = utf8 */;
CREATE TABLE `alumno` (
  `noBoleta` int(11) NOT NULL,
  `nombre` varchar(50) DEFAULT NULL,
  `apPaterno` varchar(50) DEFAULT NULL,
  `apMaterno` varchar(50) DEFAULT NULL,
  PRIMARY KEY (`noBoleta`)
) ENGINE=InnoDB DEFAULT CHARSET=latin1;
/*!40101 SET character_set_client = @saved_cs_client */;

--
-- Dumping data for table `alumno`
--

LOCK TABLES `alumno` WRITE;
/*!40000 ALTER TABLE `alumno` DISABLE KEYS */;
INSERT INTO `alumno` VALUES (1,'NURIA DEL CARMEN','AVILA','COLIN'),(2,'BRENDA','BLANCO','ALVAREZ'),(3,'ERICK','COLIN','CRUZ'),(4,'PEDRO','CRUZ','CABALLERO'),(5,'YAMIL OMAR','DELGADO','GONZALEZ'),(6,'BLANCA LISET','FLORES','RAMIREZ'),(7,'LINDA ISABEL','FUENTES','ANGELES'),(8,'DAVID JORGE','GOMEZ','GONZALEZ'),(9,'HECTOR ALBERTO','GUTIERREZ','ALVAREZ'),(10,'EDUARDO','GUTIERREZ','ORTINEZ'),(11,'ABIGAIN ELISA','HERNANDEZ','SANCHEZ'),(12,'PEDRO EVERARDO','HERNANDEZ','SANTOS'),(13,'DANIEL','JIMENEZ','ORTEGA'),(14,'JOSE ROBERTO','LEON','REYNOSO'),(15,'ELIZABETH DEL CARMEN','MEJIA','URBINA'),(16,'CRISTHIAN OMAR','MORENO','AGUILLON'),(17,'JULIO CESAR','NAVARRO','CRUZ'),(18,'LIZBETH','NIETO','CASTILLO'),(19,'VICTOR IVAN','OLVERA','PADILLA'),(20,'ARTURO','PACHECO','ANTONIO'),(21,'RAFAEL','PEREZ','NICOLAS'),(22,'JOSE GUADALUPE','RAMIREZ','AGUILAR'),(23,'JORGE','ROQUE','MORALES'),(24,'FERNANDO','SALAZAR','PESQUERA'),(25,'ABRAHAM','SOLORIO','BAUTISTA'),(26,'GUSTAVO DANIEL','VALDES','HERNANDEZ'),(27,'KAREN MARISOL','VAZQUEZ','GUTIERREZ'),(28,'MIGUEL ANGEL','VAZQUEZ','HERNANDEZ'),(29,'ALDO HIGINIO','ZARZA','PEREZ'),(30,'JULIO CESAR','ZEPEDA','ALVAREZ'),(31,'FERNANDO','GOMEZ','MENESES'),(32,'AGUSTIN URIEL','ARVIZU','MENDOZA'),(33,'EDGAR','BRAVO','ALVAREZ'),(34,'JOSE ALEJANDRO','CRUZ','HERNANDEZ'),(35,'IVAN FRANCISCO','CRUZ','SANCHEZ'),(36,'HECTOR','DE HARO','CASTILLO'),(37,'ALEJANDRO','FRANCO','ROJAS'),(38,'ANA LAURA','GIL','MALDONADO'),(39,'KAREN ADRIANA','HERMOSILLO','GARCIA'),(40,'JOSE ROGELIO','HERNANDEZ','LOPEZ'),(41,'JESUS ALEJANDRO','HERNANDEZ','MEJIA'),(42,'LUIS CARLOS','HERNANDEZ','MEJIA'),(43,'OSCAR','JIMENEZ','GALLEGOS'),(44,'JOSE DOMINGO','JOAQUIN','SANDOVAL'),(45,'MAURICIO','LANDERO','REYES'),(46,'JUAN ANTONIO','LINARES','CERON'),(47,'NICOLAS','MARTINEZ','LUNA'),(48,'JESUS ADRIAN','MARTINEZ','PE¥A'),(49,'MARIO EDUARDO','MORA','REYES'),(50,'ADRIANA','MORALES','MACEDA'),(51,'ABRAHAM','ORTEGA','GARCIA'),(52,'JAIME','PACHECO','ESPINOSA'),(53,'FRANCISCO XAVIER','PALMA','BELTRAN'),(54,'RODRIGO ISRAEL','PEREZ','GONZALEZ'),(55,'MIGUEL ANGEL','PIEDRAS','CARRILLO'),(56,'JUAN ALFREDO','REYES','HERNANDEZ'),(57,'LUIS EDUARDO','SALCEDO','VAZQUEZ'),(58,'OLIVER CARLOS','STREVEL','PEREZ'),(59,'OMAR','VARGAS','BONILLA'),(60,'JORGE AARON','VAZQUEZ','FLORES'),(61,'DANIEL AUGUSTO','VAZQUEZ','NIEVES'),(62,'JOSE EDUARDO','ACEVES','RESENDIZ'),(63,'ALEJANDRO','ACOSTA','GOMEZ'),(64,'LUIS ALBERTO','BAUTISTA','MORA'),(65,'FRANCISCO JAVIER','DIAZ','HERNANDEZ'),(66,'JOSE ANTONIO','ESTRADA','PAVIA'),(67,'HUGO MICHELLE','FLORES','MONDRAGON'),(68,'JOSE EDUARDO','FRAGOSO','COLIN'),(69,'MIGUEL SHAMID','GALVAN','ARCE'),(70,'ELIAS ENRIQUE','GARCIA','SOTO'),(71,'GUSTAVO','GARFIAS','QUIROZ'),(72,'HAZAEL','GAYTAN','ARCACIA'),(73,'OMAR JESUS','GOMEZ','HERNANDEZ'),(74,'JORGE','GOMEZ','ROBLES'),(75,'JESSICA MONSERRAT','GONZALEZ','GUTIERREZ'),(76,'SAMUEL','GONZALEZ','HERNANDEZ'),(77,'EDGAR','GONZALEZ','NU¥EZ'),(78,'FERNANDO','GUERRERO','VAZQUEZ'),(79,'MAURICIO FRANCISCO','HERNANDEZ','OYARZABAL'),(80,'GERARDO','JIMENEZ','GONZALEZ'),(81,'FAUSTO NOE','LIMA','RODRIGUEZ'),(82,'IVAN','MARTINEZ','GUTIERREZ'),(83,'LUIS MIGUEL','MARTINEZ','LEDESMA'),(84,'EDGAR ANUAR','MORALES','RAMIREZ'),(85,'JESSICA LIZBETH','MU¥OZ','MENDOZA'),(86,'JOSE ROGELIO','NAVARRO','CERVANTES'),(87,'BRAULIO','ROSAS','ROJAS'),(88,'LUIS DAVID','RUIZ','WENCE'),(89,'YULIANA TERESA','TORRES','FERNANDEZ'),(90,'DARIO','VALLE','BERNABE'),(91,'JAIME PAOLO','VEGA','ARELLANO'),(92,'OSCAR','CRUZ','BIBIANO'),(93,'GANDHI','AGUIRRE','ENCISO'),(94,'MARIANA','ANGELES','GONZALEZ'),(95,'DANIEL','ARROYO','MENDOZA'),(96,'YAEL','BASURTO','ESQUIVEL'),(97,'GABRIELA','BASURTO','SEGOVIA'),(98,'ALBERTO','BERNAL','SALGADO'),(99,'ANDREA','BURGOS','MADRIGAL'),(100,'DANIEL','DIAZ','CORTES'),(101,'ALFREDO','FLORES','VEGA'),(102,'RODOLFO','HERRERA','PEREZ'),(103,'RICARDO NESTOR','LOPEZ','MARRON'),(104,'JONATHAN','LOPEZ','MARTINEZ'),(105,'AURA JESSID','MARQUEZ','MALPICA'),(106,'YOSHIO ALEXIS','MARTINEZ','LOPEZ'),(107,'OMAR','MARTINEZ','PALMA'),(108,'PABLO ALFONSO','MARTINEZ','RODRIGUEZ'),(109,'MIGUEL ANGEL','MORALES','PEDRAZA'),(110,'ROBERTO','MORENO','ENRIQUEZ'),(111,'JOSE ALBERTO','MORENO','SANCHEZ'),(112,'KIRK ALBERTO','OLGUIN','ARTEAGA'),(113,'HUGO ALBERTO','RAMIREZ','RAMIREZ'),(114,'GUILLERMO','RESENDIZ','ORTEGA'),(115,'ARTURO','ROA','GARCIA'),(116,'CYNTHIA','RODRIGUEZ','MENDEZ'),(117,'CHRISTIAN','SANCHEZ','GOMEZ'),(118,'RICARDO ISRAEL','TORRES','CARRILLO'),(119,'ANGEL','VARGAS','GODINEZ'),(120,'JORGE EDUARDO','VENCES','GUTIERREZ'),(121,'JORGE ANTONIO','VILLALBA','VALDEZ'),(122,'MISAEL ANTONIO','ZAVALA','CORONA'),(123,'MAURICIO','ALONSO','MARES'),(124,'ARTURO','BLANCO','GONZALEZ'),(125,'JESUS','BRIZUELA','ALQUICIRA'),(126,'GUSTAVO','CALDERON','JUAREZ'),(127,'PASTOR ESTEBAN','CAMARGO','IGLESIAS'),(128,'IRMA ADAN','CARRILLO','ROSAS'),(129,'JUAN CARLOS','CASTRO','MORALES'),(130,'OMAR','CORTES','LANDEROS'),(131,'FERNANDO','CRUZ','OJEDA'),(132,'JOEL','CRUZ','VELASCO'),(133,'ANGEL OMAR','ESCARCEGA','JAIME'),(134,'DANIEL','FIERRO','GUTIERREZ'),(135,'NADIA LUCERO','FLORES','HERNANDEZ'),(136,'KARINA JANET','GARCIA','BARRIENTOS'),(137,'FERNANDO SALATIEL','JIMENEZ','VAZQUEZ'),(138,'KAREN ALEJANDRA','JUAREZ','VAZQUEZ'),(139,'RUTH HEIDI','LOPEZ','ALDERETE'),(140,'MARCO ANTONIO','MARTINEZ','BEDOLLA'),(141,'GABRIEL ERNESTO','MARTINEZ','ESCOBAR'),(142,'FERNANDO MANUEL','MONTES','OLVERA'),(143,'CHRISTIAN RICARDO','MORALES','CAYETANO'),(144,'BENITO','PERDOMO','VERGARA'),(145,'JAHAZIEL','PEREZ','GONZALEZ'),(146,'PEDRO HAKIM','PEREZ','HERNANDEZ'),(147,'JUAN MANUEL','PEREZ','SANTOS'),(148,'DANIEL ARTURO','RAMOS','GARCIA'),(149,'GRISSEL XHARENY','ROCHA','GONZALEZ'),(150,'YAVE','RODRIGUEZ','JUAREZ'),(151,'DAVID','SANCHEZ','CORTES'),(152,'ALEJANDRO','SERRANO','TAPIA'),(153,'JORGE BENJAMIN','SILVA','GONZALEZ'),(154,'MIGUEL ANGEL','TORRES','GOVEA'),(155,'ALFONSO','TORRES','SOSA'),(156,'JORGE','VARELA','ROSAS'),(157,'DAYANA MARISOL','VAZQUEZ','RESENDIZ'),(158,'CRISTHIAN HECTOR','VAZQUEZ','RODRIGUEZ'),(159,'RICARDO','VILLANUEVA','MARTINEZ'),(160,'VICTOR ADRIAN','SOSA','HERNANDEZ'),(161,'ALMANZA','ARAUJO','AMAURY'),(162,'CARRERA','GONZALEZ','LAURA AZALIA'),(163,'CHACON','ARENAS','LUIS ANTONIO'),(164,'DOMINGUEZ','ESPINOZA','MIGUEL ANGEL'),(165,'GALEANA','CHAVEZ','MARIA DEL ROSARIO'),(166,'GARCIA','VILLALOBOS','CARLOS ALBERTO'),(167,'GOMEZ','URIBE','MARCO URIEL'),(168,'HERNANDEZ','CRUZ','DULCE'),(169,'HERRERA','VALENCIA','EDUARDO'),(170,'LORA','ROSAS','YONATHAN GABRIEL'),(171,'LUNA','VALVERDE','DANIEL'),(172,'MANDUJANO','VILLARREAL','HECTOR ALEJANDRO'),(173,'MENDEZ','MARTINEZ','KAREN'),(174,'MIRANDA','GUTIERREZ','KARLA TERESA'),(175,'NU¥EZ','FLORES','GERARDO DE JESUS'),(176,'ORTIZ','AVILA','DAFNE BAAL'),(177,'PADILLA','CRUZ','EDUARDO'),(178,'ROJAS','LOPEZ','DANIEL'),(179,'RUEDA','TORRES','DULCE CAROLINA'),(180,'VEGA','HIDALGO','ANDREA'),(181,'VALENCIA','MARES','JAVIER'),(182,'MARTINEZ','DORANTES','ANTONIO ALEJANDRO'),(183,'MORALES','BACQUERIE','LUIS ALEJANDRO'),(184,'MORFIN','MONTES','FRANCISCO JESUS'),(185,'ORTIZ','DE LA CRUZ','ROBERTO'),(186,'PADILLA','LOZA','JOSE LUIS'),(187,'PEREZ','HERNANDEZ','ALEXANDRA'),(188,'RIVAS','BONILLA','JESUS MARIO'),(189,'BELTRAN','LEAL','JOSE LUIS'),(190,'HERNANDEZ','GUERRERO','JAVIER IRVING'),(191,'JIMENEZ','CASTRO','OLGA ELIZABETH'),(192,'JUAREZ','MENDEZ','ANA BELEM'),(193,'LOPEZ','MONTES DE OCA','NASYELI'),(194,'MARTINEZ','JUAREZ','MARIANA'),(195,'RAMOS','SEGURA','RAUL'),(196,'SANCHEZ','RAMIREZ','GUSTAVO RAFAEL'),(197,'ANDRADE','OLIVARES','FRANK'),(198,'BERNAL','LUNA','SAUL'),(199,'FUENTES','HERRERA','JOSE MANUEL'),(200,'HINOJOSA','JIMENEZ','HUMBERTO'),(201,'LOYO','GOMEZ','GUILLERMO DAVID'),(202,'MARTINEZ','SANCHEZ','VICTOR MANUEL'),(203,'MENDOZA','CORREA','RODRIGO ALBERTO'),(204,'OJEDA','ANDABLO','JENNY ALEJANDRA'),(205,'PEDRAZA','GUERRERO','LUIS FERNANDO'),(206,'PINEDA','REYES','GABRIELA IVONNE'),(207,'SANCHEZ','MADRIGAL','HUGO ENRIQUE'),(208,'SANCHEZ','MADRIGAL','MIGUEL ANGEL'),(209,'RODRIGUEZ','BOY','DIEGO'),(210,'GALLARDO','TORRES','MICHELL IVAN'),(211,'GARCIA','VALERIO','ALEJANDRA'),(212,'GARIBAY','RAMIREZ','YESSICA GEORGINA'),(213,'MANRIQUE','PLASCENCIA','ERIKA ADRIANA'),(214,'MU¥OZ','PAVIA','ISRAEL'),(215,'QUIROZ','CRUZ','EDGAR'),(216,'RAMOS','REYNA','DIEGO ARMANDO'),(217,'CASTRO','AVILA','EDGAR ALLAN'),(218,'MALDONADO','HERNANDEZ','JUAN RAFAEL'),(219,'RODRIGUEZ','OCHOA','JUAN'),(220,'ANGELES','CAMACHO','JESUS EMMANUEL'),(221,'BARRADAS','SPEZZIA','ALBERTO'),(222,'BERMUDEZ','SALAZAR','JOSE OMAR'),(223,'CORTES','SANTIAGO','LUIS ALBERTO'),(224,'CRUZ','PEREZ','FRANCISCO JAVIER'),(225,'DOMINGUEZ','RIOS','RANFERI EMMANUELLE'),(226,'DURAN','PINEDA','MARIO ANGEL'),(227,'ESQUIVEL','HERRERA','DANIEL'),(228,'GARCIA','HERNANDEZ','OSVALDO'),(229,'GARCIA','MEDRANO','ANDRES NOE'),(230,'GOMEZ','MARBAN','ISRAEL'),(231,'GONZALEZ','MARQUEZ','OSCAR'),(232,'GONZALEZ','RUIZ','JUAN JOSE'),(233,'GUERRA','SANCHEZ','MARIO ALBERTO'),(234,'GUILLEN','GARCIA','JOSE JAIR'),(235,'JUAREZ','AZUARA','LUIS CARLOS'),(236,'JUAREZ','JUAREZ','DANIEL'),(237,'MACIAS','RODRIGUEZ','DAVID'),(238,'MANZANO','LEON','JANSEL'),(239,'MARTINEZ','JIMENEZ','JUAN MIGUEL'),(240,'MARTINEZ','RIVERA','EDUARDO'),(241,'MARTINEZ','SANCHEZ','VICTOR'),(242,'MORENO','SANCHEZ','GREEN KELVIN'),(243,'MORENO','SOTELO','MIGUELANGEL'),(244,'PEREZ','MUELLER','GONZALO IVAN'),(245,'REYES','ORTEGA','LAURA'),(246,'ROMERO','REYES','SERGIO'),(247,'SANCHEZ','DORANTES','ANDRES ARTURO'),(248,'SILVA','REYES','RAFAEL ANTONIO'),(249,'VELAZQUEZ','RAMOS','ISAAC'),(250,'ZAMUDIO','LOPEZ','IRVIN'),(251,'ENRIQUEZ','VELASCO','JUAN'),(252,'LAMAS','PEïREZ','DANIEL'),(253,'MANCERA','SOSA','FRANCISCO EMMANUEL'),(254,'SANTIAGO','RIVERA','ALEJANDRO'),(255,'MONTALVO','GONZALEZ','FRANCISCO XAVIER'),(256,'CA¥EDO','MARTINEZ','LAURA'),(257,'SANCHEZ','ALVAREZ','JONATAN HAZEL'),(258,'GONZALEZ','CRUZ','ISMAEL ALEJANDRO'),(259,'BECERRA','BECERRA','JUAN'),(260,'CIENFUEGOS','NAJERA','ALAN RAZIEL'),(261,'CORONA','BERMUDEZ','URIEL'),(262,'CORSI','REGALADO','MARGARITA CONCEPCION'),(263,'DIAZ','PINEDA','BRANDON'),(264,'GARCIA','MARTINEZ','LUIS ALBERTO'),(265,'GONZALEZ','ESPINOSA','VICTORIA'),(266,'HERNANDEZ','COLIN','DANIEL GILBERTO'),(267,'JUAREZ','GARCIA','VICTOR DANIEL'),(268,'LOPEZ','LABASTIDA','CARLOS ALEJANDRO'),(269,'MARTINEZ','ACOSTA','EDGAR'),(270,'MARTINEZ','CRUZ','MARITZA'),(271,'MAYA','GONZALEZ','CARLOS CRISTIAN'),(272,'MEJIA','PLACIDO','ROSA ISELA'),(273,'MEZA','CARRASCO','GONZALO ALEJANDRO'),(274,'MONTES DE OCA','PONCE','LUIS ERNESTO'),(275,'NAVA','BAEZ','MUCIO ARTURO'),(276,'OSORIO','CRUZ','ROBERTO'),(277,'PAREDES','ESTRADA','JAIR MICHELE'),(278,'PEREZ','CORONA','NAYELLI VALERIA'),(279,'RESENDIZ','GARCIA','JOSE MIGUEL'),(280,'ROJAS','GARCIA','RAUL OMAR'),(281,'SALAZAR','PERALTA','PABLO ALBERTO'),(282,'SALAZAR','VELAZQUEZ','DIANA HORTENCIA'),(283,'VAZQUEZ','JUAREZ','JORGE EMYR'),(284,'ZALDIVAR','GUILLEN','RAFAEL URIEL'),(285,'ACA','CRUZ','JONATHAN VLADIMIR'),(286,'LOPEZ','GARCIA','RAMIRO EDUARDO'),(287,'BLANCO','CONSUELO','ANGEL GABRIEL'),(288,'CARRASCO','CORONA','ERIKA'),(289,'CASTRO','DAMIAN','AKETZALI'),(290,'FUENTES','GARCIA','DIEGO ALEJANDRO'),(291,'GARCIA','CUAHUTLE','KEVIN BRANDO'),(292,'GUZMAN','GALAN','ARTURO'),(293,'HERRERA','VILLAGRAN','JOSE DANIEL'),(294,'LOBATO','RUIZ','GABRIEL'),(295,'LOPEZ','RIVAS','CARLOS ESTEBAN'),(296,'MORALES','ROJAS','ROBERTO IRVING'),(297,'PEREZ','CASAS','THELMA DANIELA'),(298,'RODRIGUEZ','GONZALEZ','FERNANDO'),(299,'TRIGUEROS','PEREZ','GABRIEL'),(300,'RAMIREZ','BARQUIN','MIGUEL ANGEL'),(301,'MEJIA','PEREZ','ADOLFO ISAAC'),(302,'MEDINA','GALICIA','GABRIEL'),(303,'LAREDO','RAZA','DAVID'),(304,'ZAUCO','GARCIA','OSCAR EDUARDO'),(305,'GONZALEZ','MARCOS','MONSERRAT'),(306,'FLORES','SALAS','ANAYELI YADIRA'),(307,'CANCHOLA','SANCHEZ','VALERIA'),(308,'CRUZ','ARENAS','ALFREDO'),(309,'FRAGOSO','LLAMAS','YOLTIC QUETZALCOATL'),(310,'GARCIA','DAVALOS','EDGAR'),(311,'GONZALEZ','PATI¥O','DAVID'),(312,'MORALES','GRADOS','CARLOS EDUARDO'),(313,'RAMOS','GUTIERREZ','JOSUE FERNANDO'),(314,'SANCHEZ','CONTRERAS','JETZEMANI DAVID'),(315,'SERRANO','GARCIA','MARLENE'),(316,'SOLORZANO','VILLANUEVA','PATRICIA DEL PILAR'),(317,'TOPETE','TELLEZ','JACQUELINE RIHAN'),(318,'VERA','MEDINA','JUAN ANGEL'),(319,'DAVILA','GARCIA','CARLOS AUGUSTO'),(320,'ALVARADO','GARCIA','ALBERTO YUSSEL'),(321,'ANDRADE','OLIVARES','FRANK'),(322,'BAUTISTA','SANCHEZ','ALBERTO DAVID'),(323,'CHAVEZ','LARA','ABRAHAM'),(324,'CORONA','PEREZ','PALOMA ERENDIRA'),(325,'CRUZ','OROZCO','JONATHAN ABIMAEL'),(326,'GARCIA','MAYA','EDGAR'),(327,'GOMEZ','CORNEJO','IVONNE'),(328,'GUEVARA','HERNANDEZ','LUIS AXELL'),(329,'HUERTA','BAEZA','CESAR EZEQUIEL'),(330,'LOPEZ','SALVADOR','ROBERT'),(331,'LUNA','CHAVERO','DANIEL'),(332,'MACIAS','PE¥ALOZA','ANA ROSA'),(333,'MADRID','LOPEZ','HECTOR EDUARDO'),(334,'MENDOZA','TEJAS','MIGUEL ANGEL'),(335,'NAVARRETE','CABALLERO','DARIO'),(336,'NIETO','ROMERO','XANAT ALEJANDRA'),(337,'ORDAZ','JAIMES','CRISTHIAN JONATHAN'),(338,'ORTIZ','ARMENTA','CESAR'),(339,'ORTIZ','BADILLO','HECTOR MIGUEL'),(340,'ORTIZ','OCHOA','IRVIN'),(341,'PERALTA','HERNANDEZ','IRVING DAVID'),(342,'PINEDA','REYES','GABRIELA IVONNE'),(343,'PORTILLO','PERCASTRE','EFREN'),(344,'RAMIREZ','RUBIO','ROGELIO'),(345,'SAMANO','SANCHEZ','EDGAR NIVER'),(346,'SANCHEZ','LOPEZ','JESSICA JOSHELIN'),(347,'SANCHEZ','MENDOZA','MARTIN RAYMUNDO'),(348,'TREJO','MORENO','GERARDO'),(349,'VELAZQUEZ','SANCHEZ','CARLOS URIEL'),(350,'ZARZA','CARDIEL','DAVID ENRIQUE'),(351,'ACOSTA','CAUDILLO','LIDIA'),(352,'MANZANO','CRUZ','PEDRO'),(353,'NAJERA','VALDEZ','EDGAR ROLANDO'),(354,'SUAREZ','ANDRADE','HECTOR'),(355,'AGUILA','PEREZ','JUAN CARLOS'),(356,'AYALA','HERNANDEZ','EDUARDO'),(357,'BAUTISTA','EUGENIO','CESAR'),(358,'BAUTISTA','SAN MARTIN','SAUL ALEJANDRO'),(359,'CERON','JAIME','LUIS MAURICIO'),(360,'DAVILA','VAZQUEZ','MARIA MERCEDES'),(361,'DELGADILLO','LORANCA','ARTURO'),(362,'FLORES','NAVA','ERICK'),(363,'FRAGOSO','LARIOS','ALBERTO'),(364,'GARCIA','DEL CARMEN','JOSE RAUL'),(365,'GARCIA','FABIAN','OSWALDO'),(366,'GONZALEZ','ESTRADA','HILDA'),(367,'GONZALEZ','GALLEGOS','ROSA ISELA'),(368,'IBA¥EZ','JIMENEZ','RODRIGO'),(369,'MENDOZA','ANGELES','FRANCISCO JAVIER'),(370,'MEZA','GONZALEZ','MANUEL'),(371,'MORENO','SANCHEZ','JOSE ALBERTO'),(372,'ONOFRE','DIAZ','JORGE ANTONIO'),(373,'OSORIO','FALCON','RICARDO'),(374,'PADILLA','CRISANTOS','CARLOS GUADALUPE'),(375,'RAMIREZ','HERNANDEZ','EDGAR SAMUEL'),(376,'ROJAS','CUANDON','ALDO ABRAHAM'),(377,'SANCHEZ','AVILA','EDGAR DANIEL'),(378,'SANCHEZ','CRUZ','ERICKA'),(379,'SERRANO','MONTIEL','EDSEL'),(380,'TORRES','HERNANDEZ','OSCAR OSVALDO'),(381,'VILLANUEVA','SOTO','JOSE ANTONIO'),(382,'SANCHEZ','PINEDA','SALVADOR'),(383,'REYES','DE LOS SANTOS','MIGUEL ANGEL'),(384,'NAJERA','HERNANDEZ','ELIZABETH'),(385,'ALVARADO','BAUTISTA','ALBERTO ANGEL'),(386,'BOCANEGRA','SOSA','JOSE DE JESUS'),(387,'CORDERO','ANTONIO','DAVID JESUS'),(388,'CRUZ','BIBIANO','OSCAR'),(389,'ESPARZA','REYES','ALBERTO EFRAIN'),(390,'FERNANDEZ','BENHUMEA','JONATHAN'),(391,'FLORES','OLVERA','JOSE ANTONIO'),(392,'GALLARDO','VALDOVINOS','JESUS EDUARDO'),(393,'GARCIA','EVANGELISTA','SANTA ESMERALDA'),(394,'GONZALEZ','ANGELES','FABIAN GERARDO'),(395,'GUTIERREZ','MENDOZA','IVAN DANIEL'),(396,'GUZMAN','LUCIANO','LUIS ENRIQUE'),(397,'HERNANDEZ','HERNANDEZ','GUSTAVO'),(398,'HERNANDEZ','SOSA','HAZEL ANTONIO'),(399,'MARTINEZ','GUTIERREZ','JOSE ALFONSO'),(400,'MASTACHE','CABALLERO','JESUS'),(401,'MENDOZA','MARTINEZ','ERICK DANIEL'),(402,'RAMIREZ','BARRIENTOS','PABLO'),(403,'RANGEL','ROBLEDO','SAMUEL'),(404,'SANCHEZ','GARCIA','VICTOR ELIHU'),(405,'SANTANDER','MAYA','ARTURO CHRISTIAN'),(406,'SANTIAGO','ALVAREZ','CARLOS ROGELIO'),(407,'SOSA','QUINTERO','LUIS ALBERTO'),(408,'TINAJERO','SANCHEZ','ABRAHAM ALFONSO'),(409,'VARGAS','NENGUA','ROCIO GABRIELA'),(410,'VEGA','RESENDIZ','OSCAR ALEJANDRO'),(411,'GONZALEZ','HERNANDEZ','URIEL'),(412,'AGUILAR','URBAN','EDITH'),(413,'AMADOR','FUERTES','JUAN JOSE'),(414,'BALTAZAR','MACIAS','ROBERTO DANIEL'),(415,'BAUTISTA','GOMEZ','CRISTOPHER ADAN'),(416,'CARRILLO','MENDOZA','PABEL'),(417,'CHAVEZ','BAUTISTA','JOEL'),(418,'HERNANDEZ','CHAVARRIA','GUSTAVO ADOLFO'),(419,'IBARRA','GUERRERO','JORGE'),(420,'LOPEZ','DIAZ','MONICA BEATRIZ'),(421,'MARIANO','RAFAEL','ADRIAN'),(422,'MARTINEZ','BEDOLLA','MARCO ANTONIO'),(423,'MARTINEZ','CASTRO','JULIO CESAR'),(424,'MORALES','AVILES','MARIO ALBERTO'),(425,'MORANDEYRA','SANTOS','RAUL'),(426,'OLAY','GUZMAN','JORGE ARTURO'),(427,'PADILLA','ROMERO','RICARDO'),(428,'PALAFOX','MARTINEZ','ARMANDO'),(429,'PEREZ','HERNANDEZ','PEDRO HAKIM'),(430,'RANGEL','SALAZAR','MARCO ANTONIO'),(431,'SALAZAR','NAVARRETE','ALEJANDRO'),(432,'SANTOYO','HERRERA','ALFONSO');
/*!40000 ALTER TABLE `alumno` ENABLE KEYS */;
UNLOCK TABLES;

--
-- Table structure for table `alumnott`
--

DROP TABLE IF EXISTS `alumnott`;
/*!40101 SET @saved_cs_client     = @@character_set_client */;
/*!40101 SET character_set_client = utf8 */;
CREATE TABLE `alumnott` (
  `noTT` varchar(50) NOT NULL,
  `noBoleta` int(11) NOT NULL,
  PRIMARY KEY (`noTT`,`noBoleta`),
  KEY `noTT` (`noTT`),
  KEY `noBoleta` (`noBoleta`),
  CONSTRAINT `alumnott_ibfk_1` FOREIGN KEY (`noTT`) REFERENCES `tt` (`noTT`) ON DELETE CASCADE ON UPDATE CASCADE,
  CONSTRAINT `alumnott_ibfk_2` FOREIGN KEY (`noBoleta`) REFERENCES `alumno` (`noBoleta`) ON DELETE CASCADE ON UPDATE CASCADE
) ENGINE=InnoDB DEFAULT CHARSET=latin1;
/*!40101 SET character_set_client = @saved_cs_client */;

--
-- Dumping data for table `alumnott`
--

LOCK TABLES `alumnott` WRITE;
/*!40000 ALTER TABLE `alumnott` DISABLE KEYS */;
INSERT INTO `alumnott` VALUES ('1996-0011',1),('1996-0012',2),('1996-0013',3),('1997-0016',4),('1997-0020',5),('1997-0023',6),('1997-0024',7),('1997-0026',8),('1997-0027',9),('2000-0214',10),('2000-0215',11),('2000-0216',12),('2000-0217',13),('2000-0218',14),('2000-0219',15),('2000-0220',16),('2000-0221',17),('2000-0222',18),('2000-0223',19),('2000-0224',20),('2001-0328',21),('2001-0329',22),('2001-0330',23),('2001-0331',24),('2002-0376',25),('2002-0377',26),('2002-0378',27),('2002-0379',28),('2002-0380',29),('2002-0381',30),('2002-0382',31),('2002-0383',32),('2002-0384',33),('2002-0385',34),('2002-0386',35),('2002-0387',36),('2002-0389',37),('2005-0854',38),('2005-0855',39),('2005-0856',40),('2005-0857',41),('2005-0858',42),('2005-0859',43),('2005-0860',44),('2005-0861',45),('2005-0862',46),('2005-0863',47),('2005-0864',48),('2005-0865',49),('2006-0146',50),('2006-0147',51),('2006-0148',52),('2006-0149',53),('2006-0150',54),('2006-0151',55),('2006-0152',56),('2006-0155',57),('2006-0157',58),('2006-0159',59),('2006-0160',60),('2006-0162',61),('2007-0128',62),('2007-0131',63),('2007-0132',64),('2007-0134',65),('2007-0135',66),('2007-0140',67),('2007-0142',68),('2007-0144',69),('2007-0149',70),('2007-0150',71),('2007-0152',72),('2007-0153',73),('2008-0070',74),('2008-0071',75),('2008-0072',76),('2008-0073',77),('2008-0074',78),('2008-0075',79),('2008-0076',80),('2008-0077',81),('2008-0078',82),('2008-0079',83),('09-1-0253',84),('09-1-0254',85),('09-1-0258',86),('09-1-0259',87),('09-1-0260',88),('09-1-0261',89),('09-1-0262',90),('09-1-0263',91),('09-1-0264',92),('09-1-0265',93),('09-2-0245',94),('09-2-0266',95),('09-2-0267',96),('10-1-0289',97),('10-1-0290',98),('10-1-0291',99),('10-1-0292',100),('10-1-0293',101),('10-1-0294',102),('10-1-0295',103),('10-1-0296',104),('10-1-0297',105),('10-2-0001',106),('10-2-0002',107),('11-1-0009',108),('11-1-0010',109),('11-1-0011',110),('11-1-0012',111),('11-1-0013',112),('11-1-0014',113),('11-1-0015',114),('11-1-0016',115),('11-1-0017',116),('11-1-0018',117),('11-1-0019',118),('11-1-0020',119),('11-1-0021',120),('11-1-0022',121),('11-1-0023',122),('11-1-0024',123),('2003-0603',124),('2003-0604',125),('2003-0606',126),('2003-0607',127),('2003-0608',128),('2003-0609',129),('2003-0611',130),('2003-0612',131),('2004-0659',132),('2004-0660',133),('2004-0661',134),('2004-0662',135),('2004-0664',136),('2004-0665',137),('2004-0666',138),('2005-0880',139),('2005-0882',140),('2005-0883',141),('2005-0885',142),('2005-0886',143),('2005-0888',144),('2005-0889',145),('2005-0890',146),('2005-0891',147),('2006-0091',148),('2006-0092',149),('2006-0093',150),('2006-0094',151),('2006-0095',152),('2006-0096',153),('2006-0097',154),('2007-0001',155),('2007-0002',156),('2007-0003',157),('2007-0004',158),('2007-0005',159),('2007-0006',160),('2007-0007',161),('2007-0008',162),('2007-0009',163),('2007-0010',164),('2007-0011',165),('2007-0012',166),('2007-0013',167),('2007-0014',168),('2007-0015',169),('2008-0152',170),('2008-0154',171),('2008-0155',172),('2008-0157',173),('2008-0158',174),('2008-0159',175),('2010-0013',176),('2010-0014',177),('2010-0015',178),('2010-0016',179),('2010-0017',180),('2010-0018',181),('08-1-0213',182),('08-1-0214',183),('08-1-0216',184),('08-1-0217',185),('08-1-0218',186),('08-1-0221',187),('08-1-0224',188),('08-1-0225',189),('08-1-0226',190),('10-1-0280',191),('10-1-0281',192),('10-1-0282',193),('10-1-0283',194),('10-1-0284',195),('10-1-0285',196),('10-1-0286',197),('10-1-0287',198),('10-1-0288',199),('1997-0028',200),('1997-0030',201),('1997-0031',202),('1997-0034',203),('1997-0041',204),('1997-0044',205),('1997-0047',206),('1997-0052',207),('1997-0055',208),('2000-0225',209),('2000-0226',210),('2000-0227',211),('2000-0228',212),('2000-0229',213),('2000-0230',214),('2000-0231',215),('2000-0232',216),('2000-0233',217),('2000-0234',218),('2001-0284',219),('2001-0285',220),('2002-0390',221),('2002-0391',222),('2002-0392',223),('2002-0393',224),('2002-0394',225),('2002-0395',226),('2002-0396',227),('2002-0397',228),('2002-0398',229),('2002-0401',230),('2002-0402',231),('2002-0403',232),('2002-0404',233),('2002-0405',234),('2002-0406',235),('2002-0407',236),('2002-0408',237),('2002-0409',238),('2002-0410',239),('2002-0411',240),('2008-0080',241),('2009-0027',242),('2009-0028',243),('2009-0029',244),('2009-0031',245),('2009-0032',246),('2009-0033',247),('2009-0034',248),('2009-0035',249),('2009-0036',250),('2009-0037',251),('2010-0046',252),('2010-0047',253),('2010-0048',254),('2010-0049',255),('2010-0050',256),('2010-0051',257),('2010-0052',258),('2010-0053',259),('2010-0054',260),('2010-0055',261),('2010-0056',262),('2010-0057',263),('2010-0058',264),('2010-0059',265),('2010-0060',266),('2010-0061',267),('2010-0062',268),('2010-0063',269),('2010-0149',270),('2010-0150',271),('99-2-0008',272),('99-2-0013',273),('01-1-0031',274),('2008-0160',275),('2008-0161',276),('2008-0162',277),('2008-0163',278),('2008-0164',279),('2008-0165',280),('2008-0166',281),('2009-R002',282),('2009-R003',283),('2009-R004',284),('2009-R005',285),('2009-R006',286),('2009-R007',287),('2010-0001',288),('2010-0002',289),('2010-0003',290),('2010-0004',291),('2010-0005',292),('2010-0006',293),('2010-0007',294),('2010-0008',295),('2010-0009',296),('2010-0010',297),('2010-0011',298),('2010-0012',299),('2000-0192',300),('2000-0193',301),('2000-0194',302),('2000-0199',303),('2000-0201',304),('2000-0202',305),('2000-0203',306),('2001-0286',307),('2001-0289',308),('2001-0290',309),('2001-0291',310),('2001-0292',311),('2001-0293',312),('2001-0294',313),('2001-0295',314),('2001-0296',315),('2001-0299',316),('2001-0300',317),('2001-0301',318),('2001-0302',319),('2002-0412',320),('2002-0413',321),('2002-0414',322),('2003-0494',323),('2003-0495',324),('2003-0497',325),('2003-0498',326),('2003-0500',327),('2003-0501',328),('2003-0502',329),('2003-0503',330),('2003-0505',331),('2003-0507',332),('2003-0508',333),('2003-0510',334),('2003-0511',335),('2003-0512',336),('2003-0513',337),('2003-0514',338),('2004-0706',339),('2004-0707',340),('2004-0708',341),('2004-0709',342),('2004-0710',343),('2004-0711',344),('2004-0712',345),('2004-0713',346),('2004-0714',347),('01-1-0040',348),('01-1-0041',349),('01-1-0042',350),('01-1-0043',351),('01-1-0044',352),('01-2-0047',353),('01-2-0048',354),('01-2-0049',355),('04-1-0102',356),('04-1-0104',357),('04-1-0105',358),('04-1-0106',359),('04-1-0108',360),('06-1-0165',361),('06-1-0169',362),('06-1-0171',363),('06-1-0172',364),('06-1-0173',365),('06-1-0174',366),('06-2-0176',367),('06-2-0178',368),('07-1-0181',369),('07-1-0183',370),('07-1-0186',371),('07-1-0187',372),('07-1-0188',373),('07-1-0189',374),('09-1-0237',375),('09-1-0241',376),('09-1-0243',377),('09-1-0244',378),('09-1-0247',379),('09-1-0248',380),('09-1-0250',381),('09-1-0252',382),('11-1-0025',383),('11-1-0026',384),('11-1-0027',385),('11-1-0028',386),('11-1-0029',387),('11-1-0030',388),('1999-0127',389),('1999-0129',390),('1999-0130',391),('1999-0131',392),('1999-0132',393),('1999-0133',394),('1999-0134',395),('1999-0135',396),('1999-0136',397),('1999-0138',398),('2003-0599',399),('2000-0204',400),('2000-0205',401),('2000-0206',402),('2000-0207',403),('2000-0208',404),('2000-0209',405),('2000-0210',406),('2000-0211',407),('2000-0212',408),('2000-0213',409),('2001-0304',410),('2001-0305',411),('2001-0308',412),('2001-0311',413),('2001-0312',414),('2001-0313',415),('2001-0314',416),('2001-0315',417),('2001-0317',418),('2001-0318',419),('2001-0319',420),('2001-0320',421),('2001-0322',422),('2001-0324',423),('2001-0325',424),('2001-0326',425),('2001-0327',426),('2004-0715',427),('2004-0716',428),('2004-0717',429),('2004-0718',430),('2004-0719',431),('2004-0720',432);
/*!40000 ALTER TABLE `alumnott` ENABLE KEYS */;
UNLOCK TABLES;

--
-- Table structure for table `dirige`
--

DROP TABLE IF EXISTS `dirige`;
/*!40101 SET @saved_cs_client     = @@character_set_client */;
/*!40101 SET character_set_client = utf8 */;
CREATE TABLE `dirige` (
  `idProf` int(11) NOT NULL,
  `noTT` varchar(50) NOT NULL,
  PRIMARY KEY (`idProf`,`noTT`),
  KEY `noTT` (`noTT`),
  CONSTRAINT `dirige_ibfk_1` FOREIGN KEY (`idProf`) REFERENCES `profesor` (`idProf`) ON DELETE CASCADE ON UPDATE CASCADE,
  CONSTRAINT `dirige_ibfk_2` FOREIGN KEY (`noTT`) REFERENCES `tt` (`noTT`) ON DELETE CASCADE ON UPDATE CASCADE
) ENGINE=InnoDB DEFAULT CHARSET=latin1;
/*!40101 SET character_set_client = @saved_cs_client */;

--
-- Dumping data for table `dirige`
--

LOCK TABLES `dirige` WRITE;
/*!40000 ALTER TABLE `dirige` DISABLE KEYS */;
INSERT INTO `dirige` VALUES (10,'01-1-0031'),(153,'01-1-0040'),(102,'01-1-0041'),(152,'01-1-0042'),(74,'01-1-0043'),(144,'01-1-0044'),(37,'01-2-0047'),(37,'01-2-0048'),(37,'01-2-0049'),(51,'04-1-0102'),(67,'04-1-0104'),(122,'04-1-0105'),(183,'04-1-0106'),(153,'04-1-0108'),(18,'04-1-0109'),(37,'04-1-0110'),(119,'04-1-0110'),(2,'04-1-0112'),(97,'04-1-0112'),(161,'04-1-0115'),(27,'04-1-0116'),(31,'04-2-0118'),(86,'04-2-0120'),(189,'04-2-0120'),(143,'05-1-0123'),(153,'05-1-0123'),(37,'05-1-0125'),(119,'05-1-0125'),(93,'05-1-0131'),(131,'05-1-0131'),(37,'05-1-0132'),(119,'05-1-0132'),(28,'05-1-0134'),(163,'05-1-0134'),(183,'05-1-0136'),(183,'05-1-0137'),(93,'05-1-0138'),(131,'05-1-0138'),(67,'05-1-0139'),(78,'05-1-0139'),(73,'05-1-0140'),(27,'05-1-0141'),(93,'05-2-0147'),(179,'05-2-0147'),(67,'05-2-0148'),(97,'05-2-0150'),(159,'05-2-0152'),(18,'06-1-0158'),(189,'06-1-0158'),(37,'06-1-0159'),(74,'06-1-0159'),(122,'06-1-0160'),(28,'06-1-0161'),(163,'06-1-0161'),(107,'06-1-0163'),(163,'06-1-0164'),(180,'06-1-0164'),(93,'06-1-0165'),(102,'06-1-0165'),(28,'06-1-0169'),(163,'06-1-0169'),(12,'06-1-0171'),(198,'06-1-0171'),(28,'06-1-0172'),(254,'06-1-0172'),(47,'06-1-0173'),(80,'06-1-0174'),(180,'06-2-0176'),(93,'06-2-0178'),(102,'06-2-0178'),(37,'07-1-0181'),(119,'07-1-0181'),(61,'07-1-0183'),(127,'07-1-0183'),(23,'07-1-0186'),(12,'07-1-0187'),(42,'07-1-0187'),(23,'07-1-0188'),(127,'07-1-0188'),(86,'07-1-0189'),(161,'07-1-0190'),(163,'07-1-0191'),(200,'07-1-0191'),(23,'07-1-0192'),(134,'07-1-0192'),(122,'07-1-0193'),(41,'07-1-0194'),(97,'07-2-0195'),(167,'07-2-0195'),(174,'07-2-0196'),(197,'07-2-0196'),(69,'07-2-0197'),(136,'07-2-0197'),(93,'07-2-0198'),(102,'07-2-0198'),(91,'07-2-0200'),(167,'07-2-0200'),(56,'07-2-0203'),(61,'07-2-0203'),(93,'07-2-0205'),(102,'07-2-0205'),(13,'07-2-0207'),(41,'07-2-0207'),(18,'08-1-0208'),(42,'08-1-0210'),(227,'08-1-0210'),(1,'08-1-0212'),(23,'08-1-0212'),(12,'08-1-0213'),(19,'08-1-0214'),(90,'08-1-0214'),(73,'08-1-0216'),(111,'08-1-0216'),(215,'08-1-0217'),(56,'08-1-0218'),(61,'08-1-0218'),(13,'08-1-0221'),(128,'08-1-0221'),(13,'08-1-0224'),(69,'08-1-0224'),(61,'08-1-0225'),(137,'08-1-0225'),(165,'08-1-0226'),(10,'08-1-0228'),(119,'08-1-0228'),(195,'08-1-0230'),(202,'08-1-0230'),(116,'08-1-0232'),(163,'08-1-0232'),(119,'08-1-0233'),(15,'08-1-0234'),(69,'08-1-0234'),(73,'08-2-0238'),(165,'08-2-0238'),(31,'08-2-0240'),(33,'08-2-0240'),(57,'08-2-0242'),(13,'09-1-0237'),(116,'09-1-0237'),(42,'09-1-0241'),(227,'09-1-0241'),(64,'09-1-0243'),(23,'09-1-0244'),(127,'09-1-0244'),(27,'09-1-0247'),(131,'09-1-0247'),(141,'09-1-0248'),(32,'09-1-0250'),(137,'09-1-0252'),(142,'09-1-0252'),(23,'09-1-0253'),(19,'09-1-0254'),(253,'09-1-0254'),(160,'09-1-0258'),(184,'09-1-0258'),(64,'09-1-0259'),(167,'09-1-0259'),(64,'09-1-0260'),(167,'09-1-0260'),(10,'09-1-0261'),(178,'09-1-0261'),(127,'09-1-0262'),(167,'09-1-0263'),(23,'09-1-0264'),(143,'09-1-0265'),(165,'09-1-0265'),(137,'09-2-0245'),(252,'09-2-0245'),(86,'09-2-0266'),(91,'09-2-0266'),(86,'09-2-0267'),(64,'09-2-0268'),(23,'09-2-0269'),(56,'09-2-0269'),(104,'09-2-0270'),(135,'09-2-0271'),(27,'09-2-0272'),(131,'09-2-0272'),(13,'09-2-0273'),(105,'09-2-0273'),(23,'09-2-0274'),(134,'09-2-0274'),(93,'09-2-0275'),(102,'09-2-0275'),(10,'09-2-0276'),(165,'09-2-0276'),(12,'09-2-0277'),(36,'09-2-0277'),(30,'09-2-0278'),(33,'09-2-0278'),(165,'10-1-0279'),(243,'10-1-0279'),(86,'10-1-0280'),(13,'10-1-0281'),(86,'10-1-0281'),(23,'10-1-0282'),(23,'10-1-0283'),(134,'10-1-0283'),(59,'10-1-0284'),(23,'10-1-0285'),(134,'10-1-0285'),(160,'10-1-0286'),(184,'10-1-0286'),(69,'10-1-0287'),(136,'10-1-0287'),(23,'10-1-0288'),(134,'10-1-0288'),(28,'10-1-0289'),(203,'10-1-0289'),(42,'10-1-0290'),(210,'10-1-0290'),(23,'10-1-0291'),(64,'10-1-0292'),(30,'10-1-0293'),(33,'10-1-0293'),(64,'10-1-0294'),(116,'10-1-0295'),(136,'10-1-0295'),(23,'10-1-0296'),(134,'10-1-0296'),(127,'10-1-0297'),(135,'10-2-0001'),(154,'10-2-0002'),(23,'10-2-0003'),(61,'10-2-0004'),(37,'10-2-0005'),(119,'10-2-0005'),(13,'10-2-0006'),(83,'10-2-0006'),(135,'10-2-0007'),(51,'10-2-0008'),(72,'10-2-0008'),(127,'10-2-0009'),(213,'10-2-0009'),(64,'10-2-0010'),(69,'10-2-0011'),(136,'10-2-0011'),(134,'10-2-0012'),(64,'10-2-0013'),(122,'10-2-0014'),(234,'10-2-0014'),(30,'10-2-0015'),(56,'10-2-0016'),(107,'10-2-0016'),(127,'10-2-0017'),(251,'10-2-0017'),(23,'10-2-0018'),(18,'11-1-0001'),(23,'11-1-0001'),(26,'11-1-0002'),(71,'11-1-0002'),(35,'11-1-0003'),(36,'11-1-0003'),(64,'11-1-0004'),(23,'11-1-0005'),(23,'11-1-0006'),(134,'11-1-0006'),(73,'11-1-0007'),(111,'11-1-0007'),(75,'11-1-0008'),(83,'11-1-0008'),(23,'11-1-0009'),(134,'11-1-0009'),(98,'11-1-0010'),(93,'11-1-0011'),(102,'11-1-0011'),(73,'11-1-0012'),(111,'11-1-0012'),(73,'11-1-0013'),(111,'11-1-0013'),(84,'11-1-0014'),(137,'11-1-0014'),(23,'11-1-0015'),(140,'11-1-0015'),(56,'11-1-0016'),(107,'11-1-0016'),(13,'11-1-0017'),(171,'11-1-0017'),(23,'11-1-0018'),(11,'11-1-0019'),(55,'11-1-0019'),(10,'11-1-0020'),(111,'11-1-0020'),(19,'11-1-0021'),(90,'11-1-0021'),(23,'11-1-0022'),(86,'11-1-0022'),(69,'11-1-0023'),(136,'11-1-0023'),(70,'11-1-0024'),(23,'11-1-0025'),(86,'11-1-0025'),(12,'11-1-0026'),(19,'11-1-0027'),(90,'11-1-0027'),(13,'11-1-0028'),(113,'11-1-0028'),(61,'11-1-0029'),(127,'11-1-0029'),(97,'11-1-0030'),(167,'11-1-0030'),(142,'1996-0002'),(143,'1996-0003'),(144,'1996-0004'),(145,'1996-0005'),(144,'1996-0006'),(144,'1996-0007'),(146,'1996-0008'),(147,'1996-0009'),(148,'1996-0010'),(10,'1996-0011'),(146,'1996-0012'),(144,'1996-0013'),(142,'1997-0016'),(142,'1997-0020'),(143,'1997-0023'),(143,'1997-0024'),(143,'1997-0026'),(143,'1997-0027'),(143,'1997-0028'),(71,'1997-0030'),(142,'1997-0031'),(26,'1997-0034'),(71,'1997-0034'),(142,'1997-0041'),(50,'1997-0044'),(149,'1997-0047'),(26,'1997-0052'),(144,'1997-0055'),(10,'1997-0062'),(10,'1997-0064'),(73,'1998-0068'),(142,'1998-0070'),(26,'1998-0073'),(71,'1998-0073'),(26,'1998-0075'),(71,'1998-0075'),(142,'1998-0078'),(26,'1998-0079'),(71,'1998-0079'),(29,'1998-0080'),(150,'1998-0080'),(71,'1998-0081'),(26,'1998-0082'),(151,'1998-0089'),(152,'1998-0089'),(47,'1998-0090'),(142,'1998-0091'),(10,'1998-0092'),(153,'1998-0097'),(10,'1998-0098'),(37,'1998-0102'),(47,'1998-0104'),(149,'1999-0108'),(71,'1999-0109'),(144,'1999-0110'),(154,'1999-0111'),(153,'1999-0113'),(152,'1999-0114'),(153,'1999-0114'),(10,'1999-0115'),(152,'1999-0118'),(149,'1999-0119'),(37,'1999-0120'),(119,'1999-0120'),(26,'1999-0121'),(71,'1999-0121'),(10,'1999-0122'),(153,'1999-0123'),(142,'1999-0124'),(153,'1999-0125'),(122,'1999-0126'),(26,'1999-0127'),(26,'1999-0129'),(10,'1999-0130'),(26,'1999-0131'),(122,'1999-0132'),(29,'1999-0133'),(150,'1999-0133'),(74,'1999-0134'),(153,'1999-0135'),(153,'1999-0136'),(26,'1999-0138'),(40,'1999-0139'),(26,'1999-0141'),(71,'1999-0141'),(26,'1999-0142'),(71,'1999-0142'),(142,'1999-0143'),(74,'1999-0144'),(56,'1999-0146'),(29,'1999-0149'),(74,'1999-0150'),(144,'1999-0151'),(26,'1999-0152'),(56,'1999-0154'),(142,'1999-0154'),(74,'1999-0158'),(10,'1999-0160'),(153,'1999-0161'),(149,'1999-0162'),(70,'1999-0163'),(37,'1999-0165'),(29,'1999-0168'),(73,'1999-0168'),(153,'1999-0170'),(153,'1999-0172'),(26,'1999-0173'),(71,'1999-0173'),(155,'1999-0174'),(73,'1999-0178'),(84,'1999-0179'),(74,'1999-0183'),(153,'1999-0184'),(74,'1999-0185'),(153,'1999-0186'),(26,'1999-0189'),(155,'1999-0190'),(119,'1999-0191'),(26,'2000-0192'),(71,'2000-0192'),(71,'2000-0193'),(142,'2000-0194'),(153,'2000-0199'),(153,'2000-0201'),(73,'2000-0202'),(142,'2000-0203'),(156,'2000-0204'),(40,'2000-0205'),(156,'2000-0205'),(142,'2000-0206'),(67,'2000-0207'),(153,'2000-0207'),(156,'2000-0208'),(10,'2000-0209'),(154,'2000-0210'),(119,'2000-0211'),(50,'2000-0212'),(84,'2000-0213'),(142,'2000-0213'),(122,'2000-0214'),(40,'2000-0215'),(119,'2000-0216'),(10,'2000-0217'),(93,'2000-0217'),(86,'2000-0218'),(119,'2000-0218'),(152,'2000-0219'),(157,'2000-0220'),(131,'2000-0221'),(29,'2000-0222'),(56,'2000-0223'),(73,'2000-0224'),(26,'2000-0225'),(153,'2000-0225'),(73,'2000-0226'),(37,'2000-0227'),(119,'2000-0228'),(119,'2000-0229'),(156,'2000-0230'),(56,'2000-0231'),(153,'2000-0231'),(74,'2000-0232'),(56,'2000-0233'),(10,'2000-0234'),(37,'2000-0235'),(40,'2000-0236'),(156,'2000-0236'),(152,'2000-0237'),(157,'2000-0237'),(37,'2000-0238'),(26,'2000-0239'),(71,'2000-0239'),(153,'2000-0240'),(157,'2000-0240'),(56,'2000-0241'),(10,'2000-0243'),(93,'2000-0244'),(26,'2000-0245'),(71,'2000-0245'),(10,'2000-0246'),(155,'2000-0247'),(142,'2000-0248'),(93,'2000-0249'),(73,'2000-0250'),(71,'2000-0251'),(26,'2000-0252'),(142,'2000-0253'),(74,'2000-0254'),(67,'2000-0255'),(153,'2000-0255'),(93,'2000-0256'),(102,'2000-0256'),(67,'2000-0257'),(56,'2000-0258'),(107,'2000-0258'),(142,'2000-0259'),(142,'2001-0276'),(26,'2001-0277'),(71,'2001-0277'),(122,'2001-0278'),(29,'2001-0279'),(156,'2001-0280'),(158,'2001-0280'),(156,'2001-0281'),(158,'2001-0281'),(156,'2001-0282'),(158,'2001-0282'),(37,'2001-0284'),(131,'2001-0284'),(56,'2001-0285'),(153,'2001-0285'),(73,'2001-0286'),(131,'2001-0289'),(131,'2001-0290'),(156,'2001-0290'),(10,'2001-0291'),(131,'2001-0291'),(131,'2001-0292'),(160,'2001-0292'),(153,'2001-0293'),(37,'2001-0294'),(119,'2001-0294'),(93,'2001-0295'),(102,'2001-0295'),(50,'2001-0296'),(156,'2001-0299'),(158,'2001-0299'),(122,'2001-0300'),(159,'2001-0300'),(160,'2001-0301'),(122,'2001-0302'),(122,'2001-0304'),(131,'2001-0304'),(53,'2001-0305'),(10,'2001-0308'),(108,'2001-0311'),(26,'2001-0312'),(71,'2001-0312'),(153,'2001-0313'),(131,'2001-0314'),(159,'2001-0315'),(107,'2001-0317'),(107,'2001-0318'),(131,'2001-0319'),(56,'2001-0320'),(153,'2001-0320'),(73,'2001-0322'),(57,'2001-0324'),(122,'2001-0325'),(10,'2001-0326'),(18,'2001-0327'),(74,'2001-0328'),(168,'2001-0328'),(93,'2001-0329'),(102,'2001-0329'),(153,'2001-0330'),(37,'2001-0331'),(119,'2001-0331'),(93,'2001-0332'),(102,'2001-0332'),(26,'2001-0333'),(71,'2001-0333'),(74,'2001-0334'),(155,'2001-0335'),(108,'2001-0336'),(169,'2001-0336'),(37,'2001-0337'),(119,'2001-0337'),(26,'2001-0338'),(71,'2001-0338'),(73,'2001-0339'),(18,'2001-0340'),(26,'2001-0342'),(71,'2001-0342'),(80,'2001-0343'),(119,'2001-0343'),(71,'2001-0344'),(26,'2001-0345'),(122,'2001-0346'),(164,'2001-0347'),(10,'2001-0348'),(131,'2001-0348'),(10,'2001-0349'),(37,'2001-0350'),(119,'2001-0350'),(154,'2001-0352'),(74,'2001-0353'),(119,'2001-0354'),(56,'2001-0355'),(156,'2001-0444'),(160,'2001-0444'),(56,'2001-0445'),(107,'2001-0445'),(18,'2001-0446'),(76,'2001-0446'),(131,'2001-0447'),(74,'2001-0448'),(142,'2001-0449'),(142,'2001-0450'),(93,'2001-0451'),(102,'2001-0451'),(142,'2001-0452'),(29,'2001-0455'),(97,'2001-0456'),(71,'2001-0459'),(156,'2001-0460'),(158,'2001-0460'),(86,'2001-0461'),(122,'2001-06 b'),(68,'2002-0356'),(156,'2002-0357'),(26,'2002-0358'),(71,'2002-0358'),(156,'2002-0359'),(170,'2002-0360'),(122,'2002-0361'),(29,'2002-0362'),(93,'2002-0363'),(93,'2002-0364'),(122,'2002-0366'),(156,'2002-0367'),(160,'2002-0367'),(125,'2002-0368'),(68,'2002-0369'),(18,'2002-0370'),(93,'2002-0371'),(93,'2002-0372'),(170,'2002-0373'),(26,'2002-0374'),(81,'2002-0374'),(93,'2002-0375'),(102,'2002-0375'),(26,'2002-0376'),(71,'2002-0376'),(86,'2002-0377'),(18,'2002-0378'),(156,'2002-0379'),(97,'2002-0380'),(56,'2002-0381'),(160,'2002-0382'),(107,'2002-0383'),(152,'2002-0384'),(125,'2002-0385'),(18,'2002-0386'),(154,'2002-0387'),(159,'2002-0389'),(57,'2002-0390'),(57,'2002-0391'),(57,'2002-0392'),(57,'2002-0393'),(153,'2002-0394'),(56,'2002-0395'),(119,'2002-0396'),(170,'2002-0397'),(57,'2002-0398'),(164,'2002-0401'),(56,'2002-0402'),(170,'2002-0403'),(10,'2002-0404'),(125,'2002-0405'),(171,'2002-0406'),(172,'2002-0407'),(122,'2002-0408'),(142,'2002-0409'),(18,'2002-0410'),(156,'2002-0411'),(37,'2002-0412'),(71,'2002-0413'),(81,'2002-0413'),(84,'2002-0414'),(142,'2002-0415'),(94,'2002-0416'),(10,'2002-0417'),(97,'2002-0418'),(57,'2002-0419'),(173,'2002-0420'),(37,'2002-0421'),(56,'2002-0422'),(10,'2002-0423'),(39,'2002-0424'),(152,'2002-0426'),(159,'2002-0427'),(39,'2002-0428'),(155,'2002-0429'),(170,'2002-0430'),(156,'2002-0431'),(174,'2002-0432'),(153,'2002-0433'),(73,'2002-0434'),(37,'2002-0435'),(122,'2002-0436'),(94,'2002-0438'),(56,'2002-0439'),(156,'2002-0439'),(67,'2002-0440'),(142,'2002-0441'),(149,'2002-0441'),(97,'2002-0442'),(43,'2002-0443'),(153,'2002-0443'),(56,'2002-0445'),(18,'2002-0446'),(142,'2002-0449'),(142,'2002-0450'),(93,'2002-0451'),(159,'2002-0453'),(97,'2002-0457'),(86,'2002-0461'),(71,'2002-0463'),(142,'2002-0464'),(97,'2002-0465'),(43,'2002-0466'),(142,'2002-0467'),(153,'2002-0470'),(86,'2003-0124'),(59,'2003-0473'),(131,'2003-0480'),(175,'2003-0480'),(131,'2003-0481'),(28,'2003-0482'),(137,'2003-0482'),(45,'2003-0483'),(159,'2003-0483'),(26,'2003-0484'),(81,'2003-0484'),(18,'2003-0485'),(176,'2003-0485'),(137,'2003-0486'),(56,'2003-0487'),(164,'2003-0487'),(67,'2003-0488'),(152,'2003-0489'),(164,'2003-0489'),(29,'2003-0490'),(156,'2003-0492'),(160,'2003-0492'),(137,'2003-0493'),(142,'2003-0493'),(131,'2003-0494'),(156,'2003-0495'),(26,'2003-0497'),(41,'2003-0498'),(175,'2003-0498'),(56,'2003-0500'),(153,'2003-0500'),(26,'2003-0501'),(71,'2003-0501'),(156,'2003-0502'),(177,'2003-0502'),(93,'2003-0503'),(137,'2003-0503'),(56,'2003-0505'),(153,'2003-0507'),(57,'2003-0508'),(137,'2003-0510'),(61,'2003-0511'),(142,'2003-0511'),(137,'2003-0512'),(51,'2003-0513'),(134,'2003-0513'),(26,'2003-0514'),(153,'2003-0515'),(31,'2003-0516'),(93,'2003-0516'),(37,'2003-0517'),(119,'2003-0517'),(159,'2003-0518'),(71,'2003-0519'),(178,'2003-0519'),(171,'2003-0520'),(159,'2003-0521'),(79,'2003-0522'),(10,'2003-0524'),(10,'2003-0525'),(159,'2003-0525'),(141,'2003-0527'),(153,'2003-0527'),(93,'2003-0530'),(159,'2003-0530'),(107,'2003-0531'),(31,'2003-0532'),(134,'2003-0532'),(37,'2003-0533'),(119,'2003-0533'),(86,'2003-0537'),(93,'2003-0539'),(153,'2003-0539'),(97,'2003-0541'),(153,'2003-0541'),(93,'2003-0542'),(93,'2003-0543'),(102,'2003-0543'),(93,'2003-0544'),(71,'2003-0545'),(153,'2003-0545'),(131,'2003-0546'),(97,'2003-0549'),(179,'2003-0549'),(10,'2003-0551'),(56,'2003-0552'),(154,'2003-0552'),(93,'2003-0554'),(131,'2003-0554'),(86,'2003-0555'),(93,'2003-0557'),(102,'2003-0557'),(56,'2003-0558'),(153,'2003-0558'),(67,'2003-0560'),(78,'2003-0560'),(106,'2003-0561'),(37,'2003-0562'),(119,'2003-0562'),(27,'2003-0563'),(102,'2003-0564'),(153,'2003-0565'),(107,'2003-0566'),(153,'2003-0566'),(61,'2003-0567'),(142,'2003-0567'),(122,'2003-0568'),(57,'2003-0569'),(122,'2003-0569'),(18,'2003-0571'),(68,'2003-0572'),(153,'2003-0572'),(53,'2003-0573'),(154,'2003-0573'),(153,'2003-0576'),(164,'2003-0576'),(164,'2003-0577'),(180,'2003-0577'),(56,'2003-0578'),(171,'2003-0586'),(181,'2003-0588'),(50,'2003-0589'),(71,'2003-0589'),(153,'2003-0591'),(152,'2003-0592'),(50,'2003-0593'),(71,'2003-0593'),(81,'2003-0594'),(164,'2003-0594'),(153,'2003-0595'),(37,'2003-0596'),(128,'2003-0596'),(93,'2003-0598'),(102,'2003-0598'),(56,'2003-0599'),(153,'2003-0599'),(26,'2003-0603'),(71,'2003-0603'),(131,'2003-0604'),(26,'2003-0606'),(71,'2003-0606'),(26,'2003-0607'),(81,'2003-0607'),(93,'2003-0608'),(171,'2003-0609'),(152,'2003-0611'),(26,'2003-0612'),(165,'2003-0612'),(131,'2003-0614'),(18,'2003-0615'),(160,'2003-0616'),(182,'2003-0616'),(41,'2003-0617'),(122,'2003-0619'),(55,'2003-0620'),(137,'2003-0621'),(142,'2003-0621'),(29,'2003-0622'),(45,'2003-0622'),(18,'2003-0624'),(59,'2003-0624'),(159,'2003-0625'),(163,'2003-0625'),(152,'2003-0626'),(183,'2003-0627'),(18,'2003-0629'),(159,'2003-0629'),(18,'2003-0630'),(73,'2003-0630'),(93,'2003-0631'),(122,'2003-0631'),(156,'2004-0633'),(184,'2004-0633'),(156,'2004-0635'),(160,'2004-0635'),(122,'2004-0636'),(23,'2004-0637'),(165,'2004-0637'),(79,'2004-0638'),(163,'2004-0638'),(156,'2004-0639'),(160,'2004-0639'),(23,'2004-0640'),(179,'2004-0640'),(156,'2004-0641'),(160,'2004-0641'),(57,'2004-0642'),(122,'2004-0642'),(150,'2004-0643'),(156,'2004-0643'),(156,'2004-0644'),(160,'2004-0644'),(19,'2004-0645'),(156,'2004-0645'),(156,'2004-0646'),(158,'2004-0646'),(41,'2004-0647'),(97,'2004-0647'),(67,'2004-0649'),(219,'2004-0649'),(37,'2004-0650'),(119,'2004-0650'),(137,'2004-0652'),(142,'2004-0652'),(152,'2004-0653'),(174,'2004-0653'),(55,'2004-0654'),(57,'2004-0654'),(156,'2004-0655'),(10,'2004-0656'),(37,'2004-0656'),(122,'2004-0657'),(152,'2004-0658'),(67,'2004-0659'),(79,'2004-0659'),(156,'2004-0660'),(158,'2004-0660'),(41,'2004-0661'),(59,'2004-0661'),(10,'2004-0662'),(37,'2004-0662'),(57,'2004-0664'),(122,'2004-0664'),(37,'2004-0665'),(41,'2004-0666'),(218,'2004-0666'),(122,'2004-0667'),(122,'2004-0668'),(26,'2004-0669'),(50,'2004-0669'),(10,'2004-0671'),(37,'2004-0671'),(37,'2004-0672'),(176,'2004-0672'),(67,'2004-0673'),(190,'2004-0673'),(41,'2004-0674'),(97,'2004-0674'),(26,'2004-0675'),(71,'2004-0675'),(45,'2004-0676'),(37,'2004-0677'),(189,'2004-0677'),(190,'2004-0678'),(137,'2004-0679'),(67,'2004-0680'),(78,'2004-0680'),(10,'2004-0681'),(119,'2004-0681'),(37,'2004-0682'),(119,'2004-0682'),(41,'2004-0683'),(97,'2004-0683'),(83,'2004-0684'),(41,'2004-0685'),(97,'2004-0685'),(73,'2004-0686'),(41,'2004-0687'),(191,'2004-0687'),(131,'2004-0688'),(159,'2004-0688'),(122,'2004-0689'),(142,'2004-0689'),(131,'2004-0690'),(159,'2004-0690'),(37,'2004-0691'),(119,'2004-0691'),(56,'2004-0692'),(137,'2004-0693'),(142,'2004-0693'),(142,'2004-0694'),(18,'2004-0695'),(18,'2004-0696'),(189,'2004-0696'),(10,'2004-0697'),(37,'2004-0697'),(37,'2004-0698'),(119,'2004-0698'),(26,'2004-0699'),(81,'2004-0699'),(70,'2004-0700'),(131,'2004-0700'),(79,'2004-0701'),(154,'2004-0701'),(86,'2004-0702'),(156,'2004-0703'),(158,'2004-0703'),(18,'2004-0704'),(122,'2004-0704'),(2,'2004-0705'),(27,'2004-0705'),(131,'2004-0706'),(159,'2004-0706'),(131,'2004-0707'),(159,'2004-0707'),(158,'2004-0708'),(152,'2004-0709'),(164,'2004-0710'),(188,'2004-0710'),(151,'2004-0711'),(131,'2004-0712'),(159,'2004-0712'),(56,'2004-0713'),(153,'2004-0713'),(154,'2004-0714'),(163,'2004-0714'),(142,'2004-0715'),(59,'2004-0716'),(51,'2004-0717'),(164,'2004-0717'),(137,'2004-0718'),(137,'2004-0719'),(142,'2004-0719'),(164,'2004-0720'),(187,'2004-0720'),(137,'2004-0721'),(131,'2004-0722'),(159,'2004-0722'),(156,'2004-0723'),(184,'2004-0723'),(154,'2004-0724'),(159,'2004-0724'),(18,'2004-0725'),(51,'2004-0726'),(154,'2004-0726'),(18,'2004-0727'),(30,'2004-0727'),(59,'2004-0728'),(57,'2004-0729'),(18,'2004-0730'),(18,'2004-0731'),(28,'2004-0731'),(41,'2004-0732'),(97,'2004-0732'),(18,'2004-0733'),(179,'2004-0734'),(186,'2004-0734'),(56,'2004-0735'),(164,'2004-0735'),(93,'2004-0736'),(102,'2004-0736'),(80,'2004-0737'),(93,'2004-0738'),(131,'2004-0738'),(18,'2004-0739'),(108,'2004-0739'),(56,'2004-0740'),(107,'2004-0740'),(56,'2004-0741'),(18,'2004-0742'),(93,'2004-0743'),(102,'2004-0743'),(51,'2004-0744'),(159,'2004-0744'),(131,'2004-0745'),(159,'2004-0745'),(10,'2004-0746'),(134,'2004-0746'),(93,'2004-0747'),(102,'2004-0747'),(10,'2004-0748'),(119,'2004-0748'),(37,'2004-0749'),(119,'2004-0749'),(137,'2004-0750'),(142,'2004-0750'),(59,'2004-0752'),(55,'2004-0753'),(57,'2004-0753'),(10,'2004-0754'),(73,'2004-0754'),(39,'2004-0756'),(192,'2004-0756'),(96,'2004-0757'),(172,'2004-0757'),(190,'2004-0758'),(190,'2004-0759'),(193,'2004-0759'),(93,'2004-0760'),(102,'2004-0760'),(154,'2004-0761'),(197,'2004-0761'),(93,'2004-0762'),(102,'2004-0762'),(93,'2004-0763'),(102,'2004-0763'),(93,'2004-0764'),(102,'2004-0764'),(164,'2004-0765'),(93,'2004-0766'),(102,'2004-0766'),(93,'2004-0767'),(102,'2004-0767'),(93,'2004-0768'),(102,'2004-0768'),(56,'2004-0769'),(107,'2004-0769'),(59,'2004-0770'),(164,'2004-0771'),(93,'2004-0772'),(102,'2004-0772'),(41,'2004-0773'),(194,'2004-0773'),(163,'2004-0774'),(179,'2004-0774'),(26,'2004-0775'),(81,'2004-0775'),(45,'2004-0776'),(195,'2004-0778'),(93,'2004-0779'),(102,'2004-0779'),(64,'2004-0780'),(80,'2004-0780'),(122,'2004-0784'),(56,'2004-0785'),(107,'2004-0785'),(18,'2004-0786'),(94,'2004-0786'),(18,'2004-0787'),(106,'2004-0787'),(56,'2004-0788'),(137,'2004-0788'),(41,'2004-0790'),(86,'2004-0791'),(102,'2004-0792'),(41,'2004-0794'),(97,'2004-0794'),(37,'2004-0796'),(119,'2004-0796'),(171,'2004-0797'),(37,'2004-0798'),(97,'2004-0799'),(41,'2004-0800'),(175,'2004-0800'),(159,'2004-0801'),(154,'2004-0802'),(18,'2004-0803'),(93,'2004-0804'),(41,'2004-0805'),(97,'2004-0805'),(180,'2004-0806'),(41,'2004-0807'),(175,'2004-0807'),(73,'2004-0808'),(41,'2004-0809'),(97,'2004-0809'),(18,'2004-0810'),(176,'2004-0810'),(93,'2004-0811'),(102,'2004-0811'),(131,'2005-0815'),(159,'2005-0815'),(41,'2005-0816'),(175,'2005-0816'),(26,'2005-0817'),(143,'2005-0817'),(131,'2005-0818'),(61,'2005-0819'),(143,'2005-0819'),(57,'2005-0820'),(61,'2005-0821'),(196,'2005-0821'),(61,'2005-0822'),(196,'2005-0822'),(56,'2005-0823'),(137,'2005-0823'),(26,'2005-0824'),(71,'2005-0824'),(51,'2005-0825'),(131,'2005-0825'),(122,'2005-0826'),(61,'2005-0827'),(143,'2005-0827'),(26,'2005-0828'),(81,'2005-0828'),(122,'2005-0829'),(59,'2005-0831'),(161,'2005-0831'),(59,'2005-0832'),(159,'2005-0833'),(23,'2005-0834'),(61,'2005-0835'),(196,'2005-0835'),(122,'2005-0836'),(12,'2005-0837'),(70,'2005-0838'),(122,'2005-0838'),(93,'2005-0839'),(102,'2005-0839'),(51,'2005-0840'),(134,'2005-0840'),(23,'2005-0841'),(156,'2005-0843'),(160,'2005-0843'),(79,'2005-0844'),(154,'2005-0844'),(93,'2005-0845'),(102,'2005-0845'),(59,'2005-0846'),(161,'2005-0846'),(56,'2005-0847'),(61,'2005-0847'),(90,'2005-0849'),(197,'2005-0849'),(41,'2005-0850'),(137,'2005-0851'),(93,'2005-0853'),(102,'2005-0853'),(23,'2005-0854'),(67,'2005-0855'),(122,'2005-0855'),(2,'2005-0856'),(174,'2005-0856'),(41,'2005-0857'),(97,'2005-0857'),(41,'2005-0858'),(175,'2005-0858'),(41,'2005-0859'),(175,'2005-0859'),(12,'2005-0860'),(67,'2005-0860'),(12,'2005-0861'),(31,'2005-0861'),(23,'2005-0862'),(134,'2005-0862'),(23,'2005-0863'),(59,'2005-0863'),(12,'2005-0864'),(167,'2005-0864'),(59,'2005-0865'),(161,'2005-0865'),(26,'2005-0866'),(81,'2005-0866'),(12,'2005-0867'),(198,'2005-0867'),(26,'2005-0868'),(13,'2005-0869'),(137,'2005-0870'),(199,'2005-0870'),(135,'2005-0871'),(13,'2005-0872'),(26,'2005-0873'),(71,'2005-0873'),(69,'2005-0874'),(59,'2005-0875'),(161,'2005-0875'),(12,'2005-0876'),(64,'2005-0876'),(12,'2005-0877'),(76,'2005-0877'),(57,'2005-0878'),(122,'2005-0878'),(37,'2005-0879'),(119,'2005-0879'),(131,'2005-0880'),(159,'2005-0880'),(59,'2005-0882'),(161,'2005-0882'),(107,'2005-0883'),(200,'2005-0883'),(13,'2005-0885'),(96,'2005-0885'),(26,'2005-0886'),(81,'2005-0886'),(122,'2005-0888'),(28,'2005-0889'),(163,'2005-0889'),(41,'2005-0890'),(97,'2005-0890'),(23,'2005-0891'),(86,'2005-0891'),(12,'2005-0892'),(198,'2005-0892'),(86,'2005-0893'),(59,'2005-0894'),(161,'2005-0894'),(4,'2005-0896'),(13,'2005-0896'),(37,'2005-0897'),(119,'2005-0897'),(12,'2005-0898'),(141,'2005-0898'),(12,'2005-0899'),(67,'2005-0899'),(41,'2005-0901'),(165,'2005-0901'),(57,'2005-0902'),(164,'2005-0902'),(57,'2005-0903'),(64,'2005-0905'),(105,'2005-0905'),(176,'2005-0906'),(201,'2005-0906'),(57,'2005-0907'),(164,'2005-0907'),(171,'2005-0908'),(142,'2005-0909'),(23,'2005-0910'),(163,'2005-0910'),(12,'2005-0911'),(76,'2005-0911'),(122,'2005-0913'),(137,'2005-0914'),(142,'2005-0914'),(37,'2005-0916'),(119,'2005-0916'),(51,'2005-0917'),(59,'2005-0918'),(161,'2005-0918'),(59,'2005-0919'),(161,'2005-0919'),(156,'2005-0920'),(158,'2005-0920'),(23,'2005-0921'),(135,'2005-0921'),(13,'2005-0923'),(69,'2005-0923'),(13,'2005-0924'),(141,'2005-0924'),(12,'2005-0925'),(64,'2005-0925'),(162,'2005-0926'),(56,'2005-0927'),(57,'2005-0927'),(174,'2005-0928'),(197,'2005-0928'),(179,'2005-0930'),(37,'2005-0931'),(51,'2005-0931'),(97,'2005-0932'),(137,'2005-0933'),(137,'2005-0934'),(199,'2005-0934'),(93,'2005-0935'),(102,'2005-0935'),(23,'2005-0936'),(28,'2005-0937'),(163,'2005-0937'),(163,'2005-0938'),(200,'2005-0938'),(93,'2005-0939'),(102,'2005-0939'),(56,'2005-0940'),(143,'2005-0941'),(51,'2005-0942'),(72,'2005-0942'),(51,'2005-0943'),(10,'2005-0944'),(26,'2005-0945'),(50,'2005-0945'),(23,'2005-0946'),(18,'2005-0947'),(28,'2005-0947'),(86,'2005-0948'),(131,'2005-0948'),(57,'2005-0949'),(10,'2005-0950'),(143,'2005-0950'),(10,'2005-0951'),(134,'2005-0951'),(45,'2005-0952'),(61,'2005-0954'),(81,'2005-0954'),(56,'2005-0955'),(143,'2005-0955'),(159,'2005-0956'),(41,'2005-0957'),(143,'2005-0958'),(19,'2005-0959'),(12,'2005-0960'),(27,'2005-0960'),(143,'2005-0961'),(165,'2005-0961'),(86,'2005-0962'),(143,'2005-0962'),(164,'2005-0963'),(10,'2005-0964'),(37,'2005-0964'),(69,'2005-0965'),(154,'2005-0966'),(163,'2005-0967'),(217,'2005-0967'),(78,'2005-0968'),(160,'2005-0968'),(41,'2005-0970'),(108,'2005-0971'),(216,'2005-0971'),(13,'2005-0973'),(93,'2005-0974'),(102,'2005-0974'),(45,'2005-0975'),(108,'2005-0975'),(64,'2005-0977'),(163,'2005-0977'),(23,'2005-0979'),(163,'2005-0979'),(13,'2005-0980'),(154,'2005-0980'),(64,'2005-0982'),(64,'2005-0983'),(67,'2005-0984'),(152,'2005-0985'),(209,'2005-0985'),(97,'2005-0986'),(154,'2005-0988'),(137,'2005-0989'),(156,'2005-0989'),(134,'2005-0990'),(163,'2005-0990'),(96,'2005-0995'),(41,'2005-0997'),(165,'2005-0997'),(23,'2005-0998'),(69,'2005-0999'),(41,'2005-1000'),(165,'2005-1000'),(18,'2006-0001'),(165,'2006-0001'),(93,'2006-0002'),(102,'2006-0002'),(59,'2006-0003'),(93,'2006-0004'),(102,'2006-0004'),(23,'2006-0005'),(165,'2006-0005'),(12,'2006-0006'),(59,'2006-0006'),(23,'2006-0007'),(41,'2006-0008'),(165,'2006-0008'),(4,'2006-0009'),(41,'2006-0009'),(69,'2006-0010'),(165,'2006-0010'),(23,'2006-0011'),(27,'2006-0011'),(57,'2006-0012'),(23,'2006-0013'),(13,'2006-0014'),(141,'2006-0014'),(122,'2006-0015'),(59,'2006-0016'),(220,'2006-0016'),(59,'2006-0017'),(161,'2006-0017'),(131,'2006-0018'),(131,'2006-0019'),(93,'2006-0020'),(102,'2006-0020'),(57,'2006-0021'),(57,'2006-0022'),(51,'2006-0023'),(203,'2006-0023'),(18,'2006-0024'),(39,'2006-0024'),(158,'2006-0025'),(18,'2006-0026'),(41,'2006-0027'),(178,'2006-0027'),(93,'2006-0028'),(102,'2006-0028'),(59,'2006-0029'),(220,'2006-0029'),(15,'2006-0030'),(101,'2006-0030'),(122,'2006-0031'),(64,'2006-0032'),(59,'2006-0033'),(161,'2006-0033'),(15,'2006-0034'),(101,'2006-0034'),(18,'2006-0035'),(151,'2006-0035'),(13,'2006-0036'),(69,'2006-0036'),(41,'2006-0037'),(175,'2006-0037'),(15,'2006-0038'),(101,'2006-0038'),(69,'2006-0039'),(136,'2006-0039'),(122,'2006-0040'),(41,'2006-0041'),(175,'2006-0041'),(122,'2006-0042'),(23,'2006-0043'),(93,'2006-0044'),(102,'2006-0044'),(13,'2006-0045'),(137,'2006-0045'),(23,'2006-0046'),(51,'2006-0046'),(93,'2006-0047'),(102,'2006-0047'),(23,'2006-0048'),(23,'2006-0049'),(131,'2006-0050'),(134,'2006-0050'),(135,'2006-0051'),(23,'2006-0052'),(45,'2006-0053'),(23,'2006-0054'),(179,'2006-0054'),(93,'2006-0055'),(102,'2006-0055'),(93,'2006-0056'),(102,'2006-0056'),(142,'2006-0057'),(122,'2006-0058'),(93,'2006-0059'),(102,'2006-0059'),(221,'2006-0059'),(165,'2006-0060'),(105,'2006-0061'),(165,'2006-0061'),(13,'2006-0062'),(29,'2006-0062'),(13,'2006-0063'),(116,'2006-0063'),(12,'2006-0064'),(91,'2006-0064'),(12,'2006-0065'),(198,'2006-0065'),(93,'2006-0066'),(102,'2006-0066'),(96,'2006-0067'),(172,'2006-0067'),(37,'2006-0068'),(74,'2006-0068'),(37,'2006-0069'),(119,'2006-0069'),(45,'2006-0070'),(176,'2006-0070'),(158,'2006-0071'),(31,'2006-0072'),(198,'2006-0072'),(93,'2006-0073'),(102,'2006-0073'),(57,'2006-0074'),(122,'2006-0074'),(12,'2006-0075'),(76,'2006-0075'),(37,'2006-0076'),(174,'2006-0076'),(12,'2006-0077'),(83,'2006-0077'),(93,'2006-0078'),(102,'2006-0078'),(158,'2006-0079'),(137,'2006-0080'),(45,'2006-0081'),(18,'2006-0082'),(94,'2006-0082'),(93,'2006-0083'),(102,'2006-0083'),(59,'2006-0084'),(161,'2006-0084'),(59,'2006-0085'),(161,'2006-0085'),(10,'2006-0086'),(37,'2006-0086'),(59,'2006-0087'),(10,'2006-0088'),(37,'2006-0088'),(37,'2006-0089'),(119,'2006-0089'),(154,'2006-0090'),(158,'2006-0090'),(93,'2006-0091'),(102,'2006-0091'),(67,'2006-0092'),(122,'2006-0092'),(18,'2006-0093'),(106,'2006-0093'),(41,'2006-0094'),(97,'2006-0094'),(156,'2006-0095'),(158,'2006-0095'),(23,'2006-0096'),(134,'2006-0096'),(37,'2006-0097'),(74,'2006-0097'),(154,'2006-0098'),(12,'2006-0099'),(198,'2006-0099'),(137,'2006-0100'),(51,'2006-0101'),(55,'2006-0101'),(23,'2006-0102'),(15,'2006-0103'),(69,'2006-0103'),(97,'2006-0104'),(46,'2006-0105'),(86,'2006-0105'),(127,'2006-0106'),(137,'2006-0107'),(142,'2006-0107'),(135,'2006-0108'),(37,'2006-0109'),(74,'2006-0109'),(137,'2006-0110'),(197,'2006-0110'),(18,'2006-0111'),(39,'2006-0111'),(41,'2006-0112'),(165,'2006-0112'),(10,'2006-0113'),(119,'2006-0113'),(23,'2006-0114'),(164,'2006-0114'),(30,'2006-0115'),(23,'2006-0116'),(155,'2006-0116'),(23,'2006-0118'),(83,'2006-0118'),(10,'2006-0119'),(159,'2006-0119'),(127,'2006-0120'),(156,'2006-0121'),(160,'2006-0121'),(41,'2006-0122'),(97,'2006-0122'),(116,'2006-0123'),(155,'2006-0123'),(31,'2006-0124'),(161,'2006-0124'),(116,'2006-0125'),(203,'2006-0125'),(127,'2006-0126'),(202,'2006-0126'),(156,'2006-0127'),(160,'2006-0127'),(93,'2006-0128'),(102,'2006-0128'),(93,'2006-0129'),(102,'2006-0129'),(93,'2006-0130'),(102,'2006-0130'),(18,'2006-0131'),(125,'2006-0131'),(116,'2006-0132'),(163,'2006-0132'),(137,'2006-0133'),(142,'2006-0133'),(41,'2006-0134'),(97,'2006-0134'),(29,'2006-0135'),(74,'2006-0135'),(10,'2006-0136'),(119,'2006-0136'),(93,'2006-0137'),(102,'2006-0137'),(10,'2006-0138'),(37,'2006-0138'),(163,'2006-0139'),(23,'2006-0140'),(39,'2006-0140'),(122,'2006-0142'),(45,'2006-0143'),(174,'2006-0143'),(59,'2006-0145'),(161,'2006-0145'),(59,'2006-0146'),(161,'2006-0146'),(26,'2006-0147'),(50,'2006-0147'),(23,'2006-0148'),(179,'2006-0148'),(142,'2006-0149'),(31,'2006-0150'),(198,'2006-0150'),(158,'2006-0151'),(122,'2006-0152'),(131,'2006-0152'),(23,'2006-0155'),(134,'2006-0155'),(59,'2006-0157'),(161,'2006-0157'),(23,'2006-0159'),(86,'2006-0160'),(122,'2006-0160'),(23,'2006-0162'),(134,'2006-0162'),(59,'2007-0001'),(18,'2007-0002'),(59,'2007-0002'),(122,'2007-0003'),(122,'2007-0004'),(45,'2007-0005'),(161,'2007-0005'),(162,'2007-0006'),(23,'2007-0007'),(99,'2007-0007'),(122,'2007-0008'),(59,'2007-0009'),(57,'2007-0010'),(99,'2007-0011'),(209,'2007-0011'),(99,'2007-0012'),(171,'2007-0012'),(45,'2007-0013'),(93,'2007-0014'),(102,'2007-0014'),(59,'2007-0015'),(91,'2007-0016'),(223,'2007-0016'),(75,'2007-0017'),(83,'2007-0017'),(61,'2007-0018'),(224,'2007-0018'),(93,'2007-0019'),(102,'2007-0019'),(23,'2007-0020'),(51,'2007-0020'),(93,'2007-0021'),(102,'2007-0021'),(51,'2007-0022'),(203,'2007-0022'),(41,'2007-0023'),(97,'2007-0023'),(162,'2007-0024'),(54,'2007-0025'),(131,'2007-0025'),(116,'2007-0026'),(61,'2007-0027'),(196,'2007-0027'),(61,'2007-0028'),(196,'2007-0028'),(113,'2007-0030'),(141,'2007-0030'),(45,'2007-0031'),(161,'2007-0031'),(136,'2007-0032'),(13,'2007-0033'),(59,'2007-0033'),(13,'2007-0034'),(141,'2007-0034'),(116,'2007-0035'),(23,'2007-0036'),(101,'2007-0036'),(122,'2007-0037'),(113,'2007-0038'),(141,'2007-0038'),(13,'2007-0039'),(13,'2007-0040'),(141,'2007-0040'),(116,'2007-0041'),(225,'2007-0041'),(45,'2007-0042'),(21,'2007-0044'),(41,'2007-0044'),(13,'2007-0045'),(135,'2007-0045'),(93,'2007-0046'),(102,'2007-0046'),(93,'2007-0047'),(102,'2007-0047'),(116,'2007-0048'),(84,'2007-0049'),(142,'2007-0049'),(101,'2007-0050'),(222,'2007-0050'),(13,'2007-0051'),(162,'2007-0051'),(10,'2007-0052'),(37,'2007-0052'),(3,'2007-0053'),(154,'2007-0053'),(37,'2007-0054'),(165,'2007-0054'),(12,'2007-0055'),(91,'2007-0055'),(13,'2007-0056'),(165,'2007-0056'),(57,'2007-0057'),(141,'2007-0057'),(57,'2007-0058'),(90,'2007-0059'),(197,'2007-0059'),(134,'2007-0060'),(116,'2007-0061'),(137,'2007-0062'),(93,'2007-0063'),(102,'2007-0063'),(23,'2007-0064'),(134,'2007-0064'),(1,'2007-0065'),(23,'2007-0065'),(135,'2007-0066'),(93,'2007-0067'),(102,'2007-0067'),(23,'2007-0068'),(56,'2007-0068'),(51,'2007-0069'),(72,'2007-0069'),(137,'2007-0070'),(142,'2007-0070'),(26,'2007-0071'),(81,'2007-0071'),(10,'2007-0072'),(165,'2007-0072'),(41,'2007-0073'),(215,'2007-0073'),(41,'2007-0074'),(97,'2007-0074'),(56,'2007-0075'),(107,'2007-0075'),(37,'2007-0076'),(119,'2007-0076'),(41,'2007-0077'),(113,'2007-0078'),(141,'2007-0078'),(203,'2007-0080'),(59,'2007-0081'),(127,'2007-0081'),(192,'2007-0082'),(37,'2007-0083'),(74,'2007-0083'),(101,'2007-0084'),(12,'2007-0085'),(86,'2007-0085'),(75,'2007-0086'),(161,'2007-0086'),(84,'2007-0087'),(142,'2007-0087'),(127,'2007-0088'),(69,'2007-0089'),(136,'2007-0089'),(137,'2007-0090'),(142,'2007-0090'),(41,'2007-0091'),(175,'2007-0091'),(90,'2007-0092'),(197,'2007-0092'),(78,'2007-0094'),(160,'2007-0094'),(122,'2007-0095'),(19,'2007-0096'),(197,'2007-0096'),(197,'2007-0097'),(4,'2007-0098'),(10,'2007-0098'),(56,'2007-0099'),(61,'2007-0099'),(56,'2007-0100'),(61,'2007-0100'),(101,'2007-0102'),(207,'2007-0102'),(135,'2007-0103'),(28,'2007-0104'),(163,'2007-0104'),(101,'2007-0105'),(207,'2007-0105'),(101,'2007-0106'),(207,'2007-0106'),(69,'2007-0107'),(165,'2007-0107'),(37,'2007-0108'),(119,'2007-0108'),(37,'2007-0109'),(174,'2007-0109'),(137,'2007-0110'),(142,'2007-0110'),(15,'2007-0112'),(113,'2007-0112'),(134,'2007-0113'),(136,'2007-0114'),(214,'2007-0114'),(84,'2007-0115'),(137,'2007-0115'),(84,'2007-0116'),(142,'2007-0116'),(12,'2007-0118'),(127,'2007-0119'),(213,'2007-0119'),(160,'2007-0120'),(107,'2007-0121'),(56,'2007-0122'),(80,'2007-0127'),(3,'2007-0128'),(154,'2007-0128'),(131,'2007-0131'),(131,'2007-0132'),(28,'2007-0134'),(163,'2007-0134'),(107,'2007-0135'),(163,'2007-0135'),(93,'2007-0140'),(102,'2007-0140'),(26,'2007-0142'),(50,'2007-0142'),(127,'2007-0144'),(10,'2007-0149'),(127,'2007-0149'),(93,'2007-0150'),(102,'2007-0150'),(13,'2007-0152'),(105,'2007-0152'),(35,'2007-0153'),(36,'2007-0153'),(60,'2007-0155'),(212,'2007-0155'),(93,'2008-0001'),(102,'2008-0001'),(61,'2008-0002'),(86,'2008-0003'),(211,'2008-0003'),(18,'2008-0004'),(106,'2008-0004'),(18,'2008-0005'),(23,'2008-0006'),(56,'2008-0006'),(56,'2008-0007'),(107,'2008-0007'),(37,'2008-0008'),(119,'2008-0008'),(57,'2008-0009'),(42,'2008-0010'),(210,'2008-0010'),(93,'2008-0011'),(102,'2008-0011'),(18,'2008-0012'),(162,'2008-0013'),(171,'2008-0013'),(35,'2008-0014'),(36,'2008-0014'),(99,'2008-0015'),(209,'2008-0015'),(23,'2008-0016'),(56,'2008-0016'),(162,'2008-0017'),(171,'2008-0017'),(108,'2008-0018'),(169,'2008-0018'),(13,'2008-0019'),(99,'2008-0019'),(18,'2008-0020'),(134,'2008-0021'),(208,'2008-0021'),(162,'2008-0022'),(171,'2008-0022'),(62,'2008-0023'),(13,'2008-0024'),(107,'2008-0024'),(41,'2008-0025'),(97,'2008-0025'),(18,'2008-0026'),(59,'2008-0026'),(122,'2008-0028'),(13,'2008-0029'),(101,'2008-0029'),(86,'2008-0030'),(128,'2008-0030'),(135,'2008-0031'),(122,'2008-0032'),(90,'2008-0033'),(197,'2008-0033'),(101,'2008-0034'),(207,'2008-0034'),(57,'2008-0035'),(31,'2008-0036'),(71,'2008-0036'),(23,'2008-0037'),(134,'2008-0037'),(105,'2008-0038'),(113,'2008-0038'),(23,'2008-0039'),(205,'2008-0039'),(107,'2008-0040'),(206,'2008-0040'),(57,'2008-0041'),(23,'2008-0042'),(205,'2008-0042'),(105,'2008-0043'),(113,'2008-0043'),(84,'2008-0044'),(137,'2008-0044'),(93,'2008-0045'),(102,'2008-0045'),(86,'2008-0046'),(57,'2008-0047'),(116,'2008-0048'),(84,'2008-0049'),(142,'2008-0049'),(116,'2008-0050'),(87,'2008-0051'),(113,'2008-0051'),(137,'2008-0052'),(13,'2008-0053'),(57,'2008-0054'),(226,'2008-0054'),(94,'2008-0055'),(167,'2008-0055'),(101,'2008-0056'),(207,'2008-0056'),(51,'2008-0057'),(203,'2008-0057'),(84,'2008-0058'),(137,'2008-0058'),(84,'2008-0059'),(142,'2008-0059'),(101,'2008-0060'),(101,'2008-0061'),(21,'2008-0062'),(41,'2008-0062'),(137,'2008-0063'),(142,'2008-0063'),(32,'2008-0064'),(37,'2008-0064'),(116,'2008-0065'),(42,'2008-0066'),(86,'2008-0066'),(137,'2008-0067'),(142,'2008-0067'),(116,'2008-0068'),(84,'2008-0069'),(142,'2008-0069'),(116,'2008-0070'),(18,'2008-0071'),(151,'2008-0071'),(137,'2008-0072'),(142,'2008-0072'),(37,'2008-0073'),(91,'2008-0073'),(26,'2008-0074'),(41,'2008-0074'),(55,'2008-0075'),(106,'2008-0075'),(26,'2008-0076'),(81,'2008-0076'),(90,'2008-0077'),(197,'2008-0077'),(67,'2008-0078'),(42,'2008-0079'),(227,'2008-0079'),(23,'2008-0080'),(134,'2008-0080'),(19,'2008-0081'),(197,'2008-0081'),(90,'2008-0082'),(197,'2008-0082'),(64,'2008-0083'),(165,'2008-0083'),(80,'2008-0084'),(134,'2008-0084'),(15,'2008-0085'),(99,'2008-0085'),(107,'2008-0086'),(197,'2008-0086'),(37,'2008-0087'),(119,'2008-0087'),(108,'2008-0088'),(169,'2008-0088'),(69,'2008-0090'),(136,'2008-0090'),(10,'2008-0091'),(119,'2008-0091'),(36,'2008-0092'),(228,'2008-0092'),(60,'2008-0093'),(101,'2008-0093'),(99,'2008-0094'),(171,'2008-0094'),(90,'2008-0095'),(197,'2008-0095'),(84,'2008-0096'),(225,'2008-0096'),(56,'2008-0098'),(107,'2008-0098'),(10,'2008-0099'),(119,'2008-0099'),(122,'2008-0100'),(135,'2008-0101'),(176,'2008-0101'),(28,'2008-0102'),(192,'2008-0102'),(59,'2008-0103'),(12,'2008-0104'),(162,'2008-0105'),(171,'2008-0105'),(19,'2008-0106'),(90,'2008-0106'),(131,'2008-0107'),(42,'2008-0109'),(227,'2008-0109'),(128,'2008-0110'),(134,'2008-0110'),(46,'2008-0111'),(86,'2008-0111'),(96,'2008-0112'),(172,'2008-0112'),(41,'2008-0113'),(106,'2008-0114'),(161,'2008-0114'),(15,'2008-0115'),(69,'2008-0115'),(54,'2008-0116'),(96,'2008-0116'),(69,'2008-0117'),(229,'2008-0117'),(69,'2008-0118'),(136,'2008-0118'),(26,'2008-0119'),(50,'2008-0119'),(116,'2008-0120'),(46,'2008-0122'),(86,'2008-0122'),(32,'2008-0123'),(37,'2008-0123'),(28,'2008-0124'),(163,'2008-0124'),(54,'2008-0125'),(96,'2008-0125'),(88,'2008-0127'),(107,'2008-0127'),(15,'2008-0128'),(136,'2008-0128'),(26,'2008-0129'),(160,'2008-0129'),(51,'2008-0130'),(154,'2008-0130'),(61,'2008-0131'),(127,'2008-0131'),(61,'2008-0132'),(127,'2008-0132'),(11,'2008-0133'),(55,'2008-0133'),(32,'2008-0135'),(85,'2008-0135'),(131,'2008-0136'),(47,'2008-0138'),(140,'2008-0138'),(15,'2008-0139'),(136,'2008-0139'),(134,'2008-0143'),(140,'2008-0143'),(41,'2008-0144'),(75,'2008-0144'),(9,'2008-0145'),(14,'2008-0146'),(123,'2008-0146'),(61,'2008-0147'),(196,'2008-0147'),(61,'2008-0148'),(196,'2008-0148'),(56,'2008-0149'),(230,'2008-0149'),(59,'2008-0150'),(161,'2008-0150'),(72,'2008-0152'),(80,'2008-0154'),(162,'2008-0155'),(171,'2008-0155'),(35,'2008-0157'),(231,'2008-0157'),(192,'2008-0158'),(232,'2008-0158'),(104,'2008-0159'),(36,'2008-0160'),(228,'2008-0160'),(19,'2008-0161'),(127,'2008-0161'),(160,'2008-0161'),(80,'2008-0162'),(137,'2008-0163'),(142,'2008-0163'),(42,'2008-0164'),(227,'2008-0164'),(56,'2008-0165'),(60,'2008-0165'),(23,'2008-0166'),(134,'2008-0166'),(93,'2009-0001'),(102,'2009-0001'),(102,'2009-0002'),(233,'2009-0002'),(23,'2009-0004'),(56,'2009-0004'),(11,'2009-0005'),(59,'2009-0005'),(162,'2009-0006'),(171,'2009-0006'),(59,'2009-0007'),(93,'2009-0008'),(102,'2009-0008'),(13,'2009-0009'),(29,'2009-0009'),(141,'2009-0010'),(1,'2009-0011'),(71,'2009-0011'),(59,'2009-0012'),(99,'2009-0013'),(99,'2009-0014'),(133,'2009-0014'),(162,'2009-0015'),(171,'2009-0015'),(162,'2009-0016'),(171,'2009-0016'),(18,'2009-0017'),(13,'2009-0018'),(141,'2009-0018'),(11,'2009-0019'),(87,'2009-0019'),(73,'2009-0020'),(111,'2009-0020'),(137,'2009-0021'),(142,'2009-0021'),(84,'2009-0022'),(142,'2009-0022'),(51,'2009-0023'),(203,'2009-0023'),(91,'2009-0024'),(36,'2009-0025'),(123,'2009-0025'),(9,'2009-0026'),(162,'2009-0027'),(171,'2009-0027'),(19,'2009-0028'),(135,'2009-0029'),(80,'2009-0031'),(134,'2009-0031'),(162,'2009-0032'),(171,'2009-0032'),(90,'2009-0033'),(197,'2009-0033'),(84,'2009-0034'),(142,'2009-0034'),(141,'2009-0035'),(59,'2009-0036'),(161,'2009-0036'),(26,'2009-0037'),(50,'2009-0037'),(9,'2009-0039'),(86,'2009-0040'),(161,'2009-0040'),(80,'2009-0041'),(134,'2009-0041'),(61,'2009-0042'),(13,'2009-0043'),(135,'2009-0043'),(26,'2009-0044'),(50,'2009-0044'),(15,'2009-0045'),(101,'2009-0045'),(13,'2009-0046'),(139,'2009-0046'),(101,'2009-0047'),(234,'2009-0047'),(18,'2009-0048'),(141,'2009-0048'),(23,'2009-0049'),(28,'2009-0049'),(141,'2009-0050'),(23,'2009-0051'),(54,'2009-0052'),(203,'2009-0052'),(99,'2009-0053'),(192,'2009-0053'),(98,'2009-0054'),(86,'2009-0055'),(164,'2009-0056'),(14,'2009-0057'),(36,'2009-0057'),(99,'2009-0058'),(135,'2009-0059'),(161,'2009-0060'),(9,'2009-0061'),(136,'2009-0061'),(13,'2009-0062'),(51,'2009-0063'),(203,'2009-0063'),(84,'2009-0064'),(142,'2009-0064'),(37,'2009-0065'),(197,'2009-0066'),(93,'2009-0067'),(235,'2009-0067'),(79,'2009-0068'),(135,'2009-0068'),(86,'2009-0069'),(26,'2009-0070'),(71,'2009-0070'),(36,'2009-0071'),(93,'2009-0072'),(236,'2009-0072'),(84,'2009-0073'),(137,'2009-0073'),(93,'2009-0074'),(102,'2009-0074'),(47,'2009-0075'),(192,'2009-0075'),(23,'2009-0076'),(101,'2009-0077'),(127,'2009-0078'),(26,'2009-0079'),(35,'2009-0080'),(36,'2009-0080'),(19,'2009-0081'),(90,'2009-0081'),(51,'2009-0082'),(72,'2009-0082'),(116,'2009-0083'),(101,'2009-0084'),(237,'2009-0084'),(19,'2009-0085'),(90,'2009-0085'),(84,'2009-0086'),(137,'2009-0086'),(56,'2009-0087'),(107,'2009-0087'),(139,'2009-0088'),(15,'2009-0089'),(238,'2009-0089'),(101,'2009-0090'),(171,'2009-0090'),(239,'2009-0091'),(135,'2009-0092'),(80,'2009-0093'),(134,'2009-0093'),(101,'2009-0095'),(198,'2009-0095'),(61,'2009-0097'),(93,'2009-0098'),(102,'2009-0098'),(135,'2009-0100'),(4,'2009-0101'),(31,'2009-0101'),(116,'2009-0102'),(116,'2009-0103'),(60,'2009-0104'),(141,'2009-0104'),(57,'2009-0106'),(154,'2009-0106'),(99,'2009-0107'),(101,'2009-0107'),(55,'2009-0108'),(122,'2009-0108'),(45,'2009-0109'),(166,'2009-0109'),(91,'2009-0111'),(161,'2009-0111'),(55,'2009-0112'),(122,'2009-0112'),(37,'2009-0113'),(119,'2009-0113'),(19,'2009-0114'),(90,'2009-0114'),(80,'2009-0115'),(10,'2009-0116'),(35,'2009-0116'),(37,'2009-0117'),(140,'2009-0117'),(46,'2009-0118'),(86,'2009-0118'),(102,'2009-0119'),(233,'2009-0119'),(51,'2009-0121'),(72,'2009-0121'),(37,'2009-0122'),(119,'2009-0122'),(14,'2009-0123'),(123,'2009-0123'),(37,'2009-0124'),(240,'2009-0124'),(36,'2009-0125'),(90,'2009-0126'),(64,'2009-0128'),(112,'2009-0128'),(131,'2009-0129'),(23,'2009-0130'),(134,'2009-0130'),(23,'2009-0131'),(83,'2009-0132'),(143,'2009-0133'),(165,'2009-0133'),(9,'2009-0134'),(61,'2009-0135'),(107,'2009-0135'),(57,'2009-0137'),(165,'2009-0137'),(12,'2009-0138'),(161,'2009-0138'),(14,'2009-0141'),(61,'2009-0142'),(28,'2009-0144'),(116,'2009-0144'),(42,'2009-0145'),(227,'2009-0145'),(13,'2009-0146'),(62,'2009-R002'),(127,'2009-R002'),(152,'2009-R003'),(174,'2009-R003'),(143,'2009-R004'),(167,'2009-R004'),(31,'2009-R005'),(126,'2009-R005'),(61,'2009-R006'),(127,'2009-R006'),(136,'2009-R007'),(214,'2009-R007'),(62,'2010-0001'),(165,'2010-0001'),(23,'2010-0002'),(9,'2010-0003'),(137,'2010-0003'),(59,'2010-0004'),(23,'2010-0005'),(134,'2010-0005'),(13,'2010-0006'),(99,'2010-0006'),(59,'2010-0007'),(13,'2010-0008'),(241,'2010-0008'),(14,'2010-0009'),(123,'2010-0009'),(108,'2010-0010'),(242,'2010-0010'),(23,'2010-0011'),(55,'2010-0012'),(122,'2010-0012'),(30,'2010-0013'),(33,'2010-0013'),(45,'2010-0014'),(166,'2010-0014'),(165,'2010-0015'),(243,'2010-0015'),(99,'2010-0016'),(133,'2010-0016'),(78,'2010-0017'),(36,'2010-0018'),(166,'2010-0018'),(141,'2010-0019'),(197,'2010-0019'),(15,'2010-0020'),(101,'2010-0020'),(99,'2010-0021'),(101,'2010-0021'),(51,'2010-0022'),(203,'2010-0022'),(14,'2010-0023'),(123,'2010-0023'),(8,'2010-0024'),(36,'2010-0024'),(8,'2010-0025'),(135,'2010-0026'),(55,'2010-0027'),(122,'2010-0027'),(13,'2010-0028'),(137,'2010-0028'),(11,'2010-0029'),(121,'2010-0029'),(26,'2010-0030'),(71,'2010-0030'),(113,'2010-0031'),(141,'2010-0031'),(36,'2010-0032'),(166,'2010-0032'),(135,'2010-0033'),(140,'2010-0033'),(57,'2010-0034'),(116,'2010-0034'),(62,'2010-0035'),(127,'2010-0035'),(99,'2010-0036'),(101,'2010-0036'),(51,'2010-0037'),(72,'2010-0037'),(13,'2010-0038'),(113,'2010-0038'),(93,'2010-0039'),(102,'2010-0039'),(15,'2010-0040'),(101,'2010-0040'),(45,'2010-0041'),(166,'2010-0041'),(93,'2010-0042'),(102,'2010-0042'),(45,'2010-0043'),(166,'2010-0043'),(54,'2010-0044'),(87,'2010-0044'),(18,'2010-0045'),(244,'2010-0045'),(13,'2010-0046'),(56,'2010-0046'),(13,'2010-0047'),(59,'2010-0047'),(14,'2010-0048'),(123,'2010-0048'),(45,'2010-0049'),(166,'2010-0049'),(15,'2010-0050'),(14,'2010-0051'),(123,'2010-0051'),(57,'2010-0052'),(139,'2010-0052'),(30,'2010-0053'),(103,'2010-0053'),(86,'2010-0054'),(131,'2010-0054'),(45,'2010-0055'),(166,'2010-0055'),(15,'2010-0056'),(101,'2010-0056'),(108,'2010-0057'),(245,'2010-0057'),(99,'2010-0058'),(101,'2010-0058'),(131,'2010-0059'),(166,'2010-0059'),(45,'2010-0060'),(166,'2010-0060'),(116,'2010-0061'),(9,'2010-0062'),(113,'2010-0062'),(37,'2010-0063'),(119,'2010-0063'),(99,'2010-0064'),(133,'2010-0064'),(84,'2010-0065'),(137,'2010-0065'),(13,'2010-0066'),(141,'2010-0066'),(51,'2010-0067'),(203,'2010-0067'),(26,'2010-0068'),(71,'2010-0068'),(8,'2010-0069'),(58,'2010-0069'),(113,'2010-0070'),(141,'2010-0070'),(41,'2010-0071'),(61,'2010-0071'),(62,'2010-0072'),(127,'2010-0072'),(9,'2010-0073'),(41,'2010-0073'),(11,'2010-0074'),(55,'2010-0074'),(8,'2010-0075'),(58,'2010-0075'),(23,'2010-0076'),(62,'2010-0076'),(62,'2010-0077'),(246,'2010-0077'),(36,'2010-0078'),(166,'2010-0078'),(8,'2010-0079'),(58,'2010-0079'),(113,'2010-0080'),(198,'2010-0080'),(64,'2010-0081'),(247,'2010-0081'),(30,'2010-0082'),(33,'2010-0082'),(69,'2010-0083'),(136,'2010-0083'),(64,'2010-0084'),(112,'2010-0084'),(86,'2010-0085'),(131,'2010-0085'),(23,'2010-0086'),(134,'2010-0086'),(137,'2010-0087'),(142,'2010-0087'),(75,'2010-0088'),(116,'2010-0088'),(93,'2010-0089'),(102,'2010-0089'),(8,'2010-0090'),(93,'2010-0091'),(102,'2010-0091'),(11,'2010-0092'),(23,'2010-0092'),(120,'2010-0093'),(139,'2010-0093'),(37,'2010-0094'),(119,'2010-0094'),(54,'2010-0095'),(135,'2010-0095'),(36,'2010-0096'),(80,'2010-0096'),(87,'2010-0097'),(59,'2010-0098'),(135,'2010-0098'),(61,'2010-0099'),(87,'2010-0099'),(28,'2010-0100'),(163,'2010-0100'),(41,'2010-0101'),(107,'2010-0101'),(75,'2010-0102'),(135,'2010-0102'),(56,'2010-0103'),(107,'2010-0103'),(6,'2010-0104'),(203,'2010-0104'),(18,'2010-0105'),(244,'2010-0105'),(143,'2010-0106'),(165,'2010-0106'),(9,'2010-0107'),(136,'2010-0107'),(69,'2010-0108'),(135,'2010-0108'),(69,'2010-0109'),(214,'2010-0109'),(69,'2010-0110'),(136,'2010-0110'),(73,'2010-0111'),(248,'2010-0111'),(69,'2010-0112'),(136,'2010-0112'),(42,'2010-0113'),(227,'2010-0113'),(19,'2010-0114'),(249,'2010-0114'),(113,'2010-0116'),(141,'2010-0116'),(69,'2010-0117'),(214,'2010-0117'),(167,'2010-0118'),(250,'2010-0118'),(9,'2010-0119'),(136,'2010-0119'),(136,'2010-0120'),(214,'2010-0120'),(15,'2010-0121'),(101,'2010-0121'),(84,'2010-0122'),(137,'2010-0122'),(164,'2010-0123'),(26,'2010-0124'),(81,'2010-0124'),(69,'2010-0125'),(133,'2010-0125'),(37,'2010-0127'),(119,'2010-0127'),(30,'2010-0128'),(103,'2010-0128'),(23,'2010-0129'),(55,'2010-0129'),(26,'2010-0130'),(71,'2010-0130'),(15,'2010-0131'),(101,'2010-0131'),(88,'2010-0132'),(107,'2010-0132'),(51,'2010-0133'),(203,'2010-0133'),(42,'2010-0134'),(84,'2010-0135'),(137,'2010-0135'),(36,'2010-0136'),(166,'2010-0136'),(58,'2010-0137'),(107,'2010-0137'),(13,'2010-0138'),(113,'2010-0138'),(35,'2010-0139'),(56,'2010-0140'),(107,'2010-0140'),(93,'2010-0141'),(102,'2010-0141'),(15,'2010-0142'),(136,'2010-0142'),(14,'2010-0143'),(123,'2010-0143'),(127,'2010-0144'),(202,'2010-0144'),(13,'2010-0145'),(113,'2010-0145'),(42,'2010-0146'),(104,'2010-0147'),(23,'2010-0148'),(86,'2010-0148'),(66,'2010-0149'),(120,'2010-0149'),(22,'2010-0150'),(185,'2010-0150'),(11,'99-2-0008'),(127,'99-2-0008'),(142,'99-2-0013');
/*!40000 ALTER TABLE `dirige` ENABLE KEYS */;
UNLOCK TABLES;

--
-- Table structure for table `gradoestudios`
--

DROP TABLE IF EXISTS `gradoestudios`;
/*!40101 SET @saved_cs_client     = @@character_set_client */;
/*!40101 SET character_set_client = utf8 */;
CREATE TABLE `gradoestudios` (
  `idGrado` varchar(1) NOT NULL,
  `descripcion` varchar(100) DEFAULT NULL,
  PRIMARY KEY (`idGrado`)
) ENGINE=InnoDB DEFAULT CHARSET=latin1;
/*!40101 SET character_set_client = @saved_cs_client */;

--
-- Dumping data for table `gradoestudios`
--

LOCK TABLES `gradoestudios` WRITE;
/*!40000 ALTER TABLE `gradoestudios` DISABLE KEYS */;
INSERT INTO `gradoestudios` VALUES ('A','Licenciatura / Ingenier¡a.'),('B','Especialidad'),('C','Maestr¡a'),('D','Doctorado');
/*!40000 ALTER TABLE `gradoestudios` ENABLE KEYS */;
UNLOCK TABLES;

--
-- Table structure for table `gradoprof`
--

DROP TABLE IF EXISTS `gradoprof`;
/*!40101 SET @saved_cs_client     = @@character_set_client */;
/*!40101 SET character_set_client = utf8 */;
CREATE TABLE `gradoprof` (
  `idProf` int(11) NOT NULL,
  `idGrado` varchar(1) NOT NULL,
  `cedula` int(11) DEFAULT NULL,
  `institucion` varchar(100) DEFAULT NULL,
  PRIMARY KEY (`idProf`,`idGrado`),
  KEY `idGrado` (`idGrado`),
  CONSTRAINT `gradoprof_ibfk_1` FOREIGN KEY (`idProf`) REFERENCES `profesor` (`idProf`) ON DELETE CASCADE ON UPDATE CASCADE,
  CONSTRAINT `gradoprof_ibfk_2` FOREIGN KEY (`idGrado`) REFERENCES `gradoestudios` (`idGrado`) ON DELETE CASCADE ON UPDATE CASCADE
) ENGINE=InnoDB DEFAULT CHARSET=latin1;
/*!40101 SET character_set_client = @saved_cs_client */;

--
-- Dumping data for table `gradoprof`
--

LOCK TABLES `gradoprof` WRITE;
/*!40000 ALTER TABLE `gradoprof` DISABLE KEYS */;
INSERT INTO `gradoprof` VALUES (1,'A',1234567,'IPN'),(2,'B',1234567,'IPN'),(3,'C',1234568,'IPN'),(4,'D',1234569,'IPN'),(5,'A',1234570,'IPN'),(6,'B',1234571,'IPN'),(7,'C',1234572,'IPN'),(8,'D',1234573,'IPN'),(9,'A',4938274,'IPN'),(10,'B',4938275,'IPN'),(11,'C',4938276,'IPN'),(12,'D',4938277,'IPN'),(13,'A',4938278,'UNAM'),(14,'B',4938279,'UNAM'),(15,'C',5435678,'UNAM'),(16,'D',5435679,'UNAM'),(17,'A',5435680,'UNAM'),(18,'B',5435681,'UNAM'),(19,'C',5435682,'UNAM'),(20,'D',5435683,'UNAM'),(21,'A',35467,'UNAM'),(22,'B',35468,'ITESM'),(23,'C',35469,'ITESM'),(24,'D',35470,'ITESM'),(25,'A',35471,'ITESM'),(26,'B',3445633,'IPN'),(27,'C',3445634,'UDLA'),(28,'D',3445635,'ITAM'),(29,'A',3445636,'ITAM'),(30,'B',3445637,'ITESM'),(31,'C',3445638,'UNAM'),(32,'D',6677533,'IPN'),(33,'A',6677534,'UNITEC'),(34,'B',6677535,'UANL'),(35,'C',6677536,'UAP'),(36,'D',6677537,'CINVESTAV'),(37,'A',1990334,'UABC'),(38,'B',1990335,'UAY'),(39,'C',1990336,'UC'),(40,'D',1990337,'UAZ'),(41,'A',2312655,'UAEH'),(42,'B',2312656,'IPN'),(43,'C',2312657,'UDLA'),(44,'D',2312658,'ITAM'),(45,'A',2312659,'ITAM'),(46,'B',2312660,'ITESM'),(47,'C',6542223,'UNAM'),(48,'D',6542224,'IPN'),(49,'A',6542225,'UNITEC'),(50,'B',6542226,'UANL'),(51,'C',6542227,'UAP'),(52,'D',1212134,'CINVESTAV'),(53,'A',1212135,'UABC'),(54,'B',1212136,'UAY'),(55,'C',1212137,'UC'),(56,'D',3322121,'UAZ'),(57,'A',3322122,'IPN'),(58,'B',3322123,'UDLA'),(59,'C',3322124,'ITAM'),(60,'D',3322125,'ITAM'),(61,'A',1002345,'ITESM'),(62,'B',1002346,'UNAM'),(63,'C',1002347,'IPN'),(64,'D',1002348,'UNITEC'),(65,'A',1002349,'UANL'),(66,'B',2123244,'UAP'),(67,'C',2123245,'CINVESTAV'),(68,'D',2123246,'UABC'),(69,'A',2123247,'UAY'),(70,'B',2123248,'UC'),(71,'C',7754565,'UAZ'),(72,'D',7754566,'IPN'),(73,'A',7754567,'UDLA'),(74,'B',7754568,'ITAM'),(75,'C',4211121,'ITAM'),(76,'D',4211122,'ITESM'),(77,'A',4211123,'UNAM'),(78,'B',4211124,'IPN'),(79,'C',2167566,'UNITEC'),(80,'D',2167567,'UANL'),(81,'A',2167568,'UAP'),(82,'B',2167569,'CINVESTAV'),(83,'C',2234356,'UABC'),(84,'D',2234357,'UAY'),(85,'A',2234358,'UC'),(86,'B',2234359,'UAZ'),(87,'C',2234360,'IPN'),(88,'D',2234361,'UDLA'),(89,'A',1122389,'ITAM'),(90,'B',1122390,'ITAM'),(91,'C',1122391,'ITESM'),(92,'D',8543563,'UNAM'),(93,'A',8543564,'IPN'),(94,'B',9537893,'UNITEC'),(95,'C',9537894,'UANL'),(96,'D',9537895,'UAP'),(97,'A',1123467,'CINVESTAV'),(98,'B',1123468,'UABC'),(99,'C',1123469,'UAY'),(100,'D',2335568,'UC'),(101,'A',2335572,'UAZ'),(102,'B',5553245,'UAEH'),(103,'C',5553248,'IPN'),(104,'D',5553251,'IPN'),(105,'A',2114478,'IPN'),(106,'B',2114492,'IPN'),(107,'C',2114506,'IPN'),(108,'D',2114520,'IPN'),(109,'A',2114534,'IPN'),(110,'B',2114548,'IPN'),(111,'C',2114562,'UDLA'),(112,'D',2114576,'ITAM'),(113,'A',2114590,'ITAM'),(114,'B',2323677,'ITESM'),(115,'C',2323700,'UNAM'),(116,'D',2323723,'IPN'),(117,'A',2323746,'UNITEC'),(118,'B',2323769,'UANL'),(119,'C',2323792,'UAP'),(120,'D',2323815,'CINVESTAV'),(121,'A',2323838,'UABC'),(122,'B',2323861,'UAY'),(123,'C',2323884,'UC'),(124,'D',2323907,'UAZ'),(125,'A',2323930,'UAEH'),(126,'B',2323953,'CINVESTAV'),(127,'C',2323976,'IPN'),(128,'D',2323999,'IPN'),(129,'A',2324022,'CINVESTAV'),(130,'B',2324045,'UAM'),(131,'C',2324068,'UAM'),(132,'D',2324091,'IPN'),(133,'A',2324114,'IPN'),(134,'B',2324137,'IPN'),(135,'C',1123399,'IPN'),(136,'D',1123407,'CINVESTAV'),(137,'A',1123415,'UANL'),(138,'B',1123423,'UAM'),(139,'C',1123431,'UAM'),(140,'D',1123439,'CINVESTAV'),(141,'A',1123447,'UAM'),(142,'B',1123455,'UAM'),(143,'C',1123463,'CIC-IPN'),(144,'D',1123471,'CIC-IPN'),(145,'A',1123479,'UNAM'),(146,'B',1123487,'UNAM'),(147,'C',1123495,'UNAM'),(148,'D',1123503,'UNAM'),(149,'A',1123511,'UNAM'),(150,'B',5332546,'UNAM'),(151,'C',5332553,'CIC-IPN'),(152,'D',5332560,'CIC-IPN'),(153,'A',5332567,'UDLA'),(154,'B',5332574,'ITAM'),(155,'C',5332581,'ITAM'),(156,'D',5332588,'ITESM'),(157,'A',5332595,'UNAM'),(158,'B',5332602,'UDLA'),(159,'C',5332609,'ITAM'),(160,'D',4442322,'ITAM'),(161,'A',4442331,'ITESM'),(162,'B',4442340,'UNAM'),(163,'C',4442349,'UAM'),(164,'D',4442358,'CINVESTAV'),(165,'A',4442367,'IPN'),(166,'B',4442376,'IPN'),(167,'C',4442385,'CINVESTAV'),(168,'D',4442394,'UAM'),(169,'A',4442403,'UNAM'),(170,'B',1236688,'UAM'),(171,'C',1236711,'UNAM'),(172,'D',1236734,'UNAM'),(173,'A',1236757,'UDLA'),(174,'B',1236780,'ITAM'),(175,'C',1236803,'ITAM'),(176,'D',1236826,'ITESM'),(177,'A',1236849,'UNAM'),(178,'B',1236872,'UNAM'),(179,'C',1236895,'UNAM'),(180,'D',1236918,'UNAM'),(181,'A',1236941,'IPN'),(182,'B',1236964,'IPN'),(183,'C',1236987,'IPN'),(184,'D',1237010,'IPN'),(185,'A',1237033,'IPN'),(186,'B',1237056,'IPN'),(187,'C',7773345,'IPN'),(188,'D',7773392,'CINVESTAV'),(189,'A',7773439,'IPN'),(190,'B',7773486,'CIC-IPN'),(191,'C',7773533,'CIC-IPN'),(192,'D',7773580,'IPN'),(193,'A',7773627,'IPN'),(194,'B',7773674,'IPN'),(195,'C',7773721,'IPN'),(196,'D',7773768,'IPN'),(197,'A',7773815,'IPN'),(198,'B',327899,'IPN'),(199,'C',327932,'UDLA'),(200,'D',327965,'ITAM'),(201,'A',327998,'ITAM'),(202,'B',328031,'ITESM'),(203,'C',328064,'UNAM'),(204,'D',328097,'ITESM'),(205,'A',328130,'UDLA'),(206,'B',328163,'ITAM'),(207,'C',328196,'ITESM'),(208,'D',328229,'UVM'),(209,'A',328262,'UAM'),(210,'B',328295,'UAM'),(211,'C',328328,'ITESM'),(212,'D',328361,'UVM'),(213,'A',123565,'UNAM'),(214,'B',123576,'UAM'),(215,'C',123587,'CIC-IPN'),(216,'D',123598,'CIC-IPN'),(217,'A',123609,'UDLA'),(218,'B',123620,'ITAM'),(219,'C',123631,'ITAM'),(220,'D',123642,'ITESM'),(221,'A',123653,'UNAM'),(222,'B',123664,'ITAM'),(223,'C',123675,'ITAM'),(224,'D',123686,'CIC-IPN'),(225,'A',123697,'UNAM'),(226,'B',1199543,'IPN'),(227,'C',1199586,'IPN'),(228,'D',1199629,'IPN'),(229,'A',1199672,'IPN'),(230,'B',1199715,'IPN'),(231,'C',1199758,'CINVESTAV'),(232,'D',1199801,'CIC-IPN'),(233,'A',1199844,'ITAM'),(234,'B',1199887,'ITESM'),(235,'C',1199930,'UDLA'),(236,'D',1199973,'ITAM'),(237,'A',1200016,'ITAM'),(238,'B',1200059,'ITESM'),(239,'C',1200102,'UNAM'),(240,'D',1200145,'IPN'),(241,'A',1200188,'IPN'),(242,'B',1200231,'IPN'),(243,'C',1200274,'IPN'),(244,'D',1200341,'IPN'),(245,'A',1200408,'IPN'),(246,'B',1200475,'IPN'),(247,'C',1200542,'IPN'),(248,'D',1200609,'CINVESTAV'),(249,'A',1200676,'UNAM'),(250,'B',1200743,'UNAM'),(251,'C',1200810,'UDLA'),(252,'D',1200877,'ITAM'),(253,'A',1200944,'ITAM'),(254,'B',1201011,'ITESM');
/*!40000 ALTER TABLE `gradoprof` ENABLE KEYS */;
UNLOCK TABLES;

--
-- Table structure for table `presentacion`
--

DROP TABLE IF EXISTS `presentacion`;
/*!40101 SET @saved_cs_client     = @@character_set_client */;
/*!40101 SET character_set_client = utf8 */;
CREATE TABLE `presentacion` (
  `idPresentacion` int(11) NOT NULL,
  `fecha` date DEFAULT NULL,
  `tipo` varchar(10) DEFAULT NULL,
  `califRevisor` double DEFAULT NULL,
  `califSinodales` double DEFAULT NULL,
  `dictamen` varchar(50) DEFAULT NULL,
  `noTT` varchar(50) DEFAULT NULL,
  PRIMARY KEY (`idPresentacion`),
  KEY `noTT` (`noTT`),
  CONSTRAINT `presentacion_ibfk_1` FOREIGN KEY (`noTT`) REFERENCES `tt` (`noTT`) ON DELETE CASCADE ON UPDATE CASCADE
) ENGINE=InnoDB DEFAULT CHARSET=latin1;
/*!40101 SET character_set_client = @saved_cs_client */;

--
-- Dumping data for table `presentacion`
--

LOCK TABLES `presentacion` WRITE;
/*!40000 ALTER TABLE `presentacion` DISABLE KEYS */;
INSERT INTO `presentacion` VALUES (1,'1996-05-10','TT I',10,10,'aprobado','1996-0011'),(2,'1996-05-11','TT I',10,8,'aprobado','1996-0012'),(3,'1996-05-11','TT I',10,8,'aprobado','1996-0013'),(4,'1997-06-01','TT II',10,8,'aprobado','1997-0016'),(5,'1997-06-01','TT I',10,8,'aprobado','1997-0020'),(6,'1997-06-01','TT I',10,8,'aprobado','1997-0023'),(7,'1997-06-02','TT I',8,7,'reprobado','1997-0024'),(8,'1997-06-02','TT I',8,10,'aprobado','1997-0026'),(9,'1997-06-03','TT II',8,9,'aprobado','1997-0027'),(10,'1997-11-29','TT I',8,9,'aprobado','1997-0028'),(11,'1997-11-29','TT II',8,9,'aprobado','1997-0030'),(12,'1997-11-30','TT I',8,9,'aprobado','1997-0031'),(13,'1997-11-30','TT I',8,9,'aprobado','1997-0034'),(14,'1997-12-01','TT II',10,10,'aprobado','1997-0041'),(15,'1997-12-01','TT II',10,8,'aprobado','1997-0044'),(16,'1997-12-02','TT I',10,8,'aprobado','1997-0047'),(17,'1997-12-02','TT I',10,8,'aprobado','1997-0052'),(18,'1997-12-03','TT I',9,8,'aprobado','1997-0055'),(19,'2000-05-15','TT I',9,8,'aprobado','2000-0192'),(20,'2000-05-15','TT I',9,8,'aprobado','2000-0193'),(21,'2000-05-16','TT I',9,8,'aprobado','2000-0194'),(22,'2000-05-16','TT I',9,10,'aprobado','2000-0199'),(23,'2000-05-16','TT I',10,9,'aprobado','2000-0201'),(24,'2000-05-16','TT I',10,9,'aprobado','2000-0202'),(25,'2000-05-17','TT II',10,9,'aprobado','2000-0203'),(26,'2000-05-17','TT II',10,9,'aprobado','2000-0204'),(27,'2000-05-17','TT I',10,10,'aprobado','2000-0205'),(28,'2000-05-17','TT I',8,8,'aprobado','2000-0206'),(29,'2000-05-17','TT I',8,8,'aprobado','2000-0207'),(30,'2000-05-18','TT I',8,7,'reprobado','2000-0208'),(31,'2000-05-18','TT I',8,8,'aprobado','2000-0209'),(32,'2000-05-18','TT I',8,8,'aprobado','2000-0210'),(33,'2000-05-18','TT I',8,9,'aprobado','2000-0211'),(34,'2000-05-19','TT II',8,9,'aprobado','2000-0212'),(35,'2000-05-19','TT I',10,9,'aprobado','2000-0213'),(36,'2000-05-19','TT I',10,9,'aprobado','2000-0214'),(37,'2000-05-19','TT II',10,8,'aprobado','2000-0215'),(38,'2000-05-19','TT I',9,7,'reprobado','2000-0216'),(39,'2000-11-27','TT I',9,10,'aprobado','2000-0217'),(40,'2000-11-27','TT I',9,8,'aprobado','2000-0218'),(41,'2000-11-28','TT I',9,10,'aprobado','2000-0219'),(42,'2000-11-28','TT I',9,10,'aprobado','2000-0220'),(43,'2000-11-28','TT I',9,10,'aprobado','2000-0221'),(44,'2000-11-28','TT I',10,10,'aprobado','2000-0222'),(45,'2000-11-29','TT I',10,10,'aprobado','2000-0223'),(46,'2000-11-29','TT I',10,10,'aprobado','2000-0224'),(47,'2000-11-29','TT I',10,8,'aprobado','2000-0225'),(48,'2000-12-01','TT I',10,8,'aprobado','2000-0226'),(49,'2000-12-01','TT I',10,8,'aprobado','2000-0227'),(50,'2000-12-02','TT I',9,10,'aprobado','2000-0228'),(51,'2000-12-02','TT I',9,10,'aprobado','2000-0229'),(52,'2000-12-02','TT I',9,10,'aprobado','2000-0230'),(53,'2000-12-02','TT I',9,9,'aprobado','2000-0231'),(54,'2000-12-03','TT I',9,10,'aprobado','2000-0232'),(55,'2000-12-03','TT I',10,10,'aprobado','2000-0233'),(56,'2000-12-03','TT I',10,9,'aprobado','2000-0234'),(57,'2001-05-13','TT I',10,9,'aprobado','2001-0284'),(58,'2001-05-13','TT I',10,9,'aprobado','2001-0285'),(59,'2001-05-13','TT I',10,10,'aprobado','2001-0286'),(60,'2001-05-14','TT II',10,10,'aprobado','2001-0289'),(61,'2001-05-14','TT I',8,8,'aprobado','2001-0290'),(62,'2001-05-14','TT I',8,7,'reprobado','2001-0291'),(63,'2001-05-14','TT I',8,8,'aprobado','2001-0292'),(64,'2001-05-14','TT II',10,8,'aprobado','2001-0293'),(65,'2001-05-15','TT I',9,7,'reprobado','2001-0294'),(66,'2001-05-15','TT I',10,8,'aprobado','2001-0295'),(67,'2001-05-15','TT I',10,10,'aprobado','2001-0296'),(68,'2001-05-15','TT I',8,8,'aprobado','2001-0299'),(69,'2001-05-16','TT I',10,8,'aprobado','2001-0300'),(70,'2001-05-16','TT I',9,8,'aprobado','2001-0301'),(71,'2001-05-16','TT I',10,10,'aprobado','2001-0302'),(72,'2001-05-17','TT I',8,10,'aprobado','2001-0304'),(73,'2001-11-26','TT I',10,10,'aprobado','2001-0305'),(74,'2001-11-26','TT II',9,10,'aprobado','2001-0308'),(75,'2001-11-27','TT I',10,10,'aprobado','2001-0311'),(76,'2001-11-27','TT I',10,10,'aprobado','2001-0312'),(77,'2001-11-27','TT I',10,8,'aprobado','2001-0313'),(78,'2001-11-28','TT II',8,8,'aprobado','2001-0314'),(79,'2001-11-28','TT I',10,10,'aprobado','2001-0315'),(80,'2001-11-28','TT I',10,10,'aprobado','2001-0317'),(81,'2001-11-28','TT I',10,9,'aprobado','2001-0318'),(82,'2001-11-29','TT II',8,10,'aprobado','2001-0319'),(83,'2001-11-30','TT I',10,10,'aprobado','2001-0320'),(84,'2001-12-01','TT I',10,8,'aprobado','2001-0322'),(85,'2001-12-01','TT I',8,7,'reprobado','2001-0324'),(86,'2001-12-01','TT I',10,9,'aprobado','2001-0325'),(87,'2001-12-02','TT I',9,10,'aprobado','2001-0326'),(88,'2001-12-02','TT II',10,10,'aprobado','2001-0327'),(89,'2001-12-02','TT I',10,8,'aprobado','2001-0328'),(90,'2001-12-03','TT I',9,7,'reprobado','2001-0329'),(91,'2001-12-03','TT I',10,9,'aprobado','2001-0330'),(92,'2001-12-03','TT I',10,10,'aprobado','2001-0331'),(93,'2002-05-18','TT I',9,10,'aprobado','2002-0376'),(94,'2002-05-18','TT I',10,10,'aprobado','2002-0377'),(95,'2002-05-18','TT I',9,9,'aprobado','2002-0378'),(96,'2002-05-19','TT I',10,10,'aprobado','2002-0379'),(97,'2002-05-19','TT I',8,10,'aprobado','2002-0380'),(98,'2002-05-19','TT I',10,8,'aprobado','2002-0381'),(99,'2002-05-19','TT I',10,10,'aprobado','2002-0382'),(100,'2002-05-20','TT I',8,7,'reprobado','2002-0383'),(101,'2002-05-20','TT I',8,8,'aprobado','2002-0384'),(102,'2002-05-20','TT II',10,10,'aprobado','2002-0385'),(103,'2002-05-20','TT II',10,10,'aprobado','2002-0386'),(104,'2002-05-20','TT I',10,8,'aprobado','2002-0387'),(105,'2002-05-21','TT I',10,10,'aprobado','2002-0389'),(106,'2002-05-21','TT I',10,9,'aprobado','2002-0390'),(107,'2002-05-21','TT I',9,7,'reprobado','2002-0391'),(108,'2002-11-27','TT I',9,10,'aprobado','2002-0392'),(109,'2002-11-27','TT I',9,9,'aprobado','2002-0393'),(110,'2002-11-27','TT I',9,10,'aprobado','2002-0394'),(111,'2002-11-27','TT I',10,8,'aprobado','2002-0395'),(112,'2002-11-28','TT I',8,10,'aprobado','2002-0396'),(113,'2002-11-28','TT I',10,10,'aprobado','2002-0397'),(114,'2002-11-28','TT I',8,9,'aprobado','2002-0398'),(115,'2002-11-28','TT I',10,10,'aprobado','2002-0401'),(116,'2002-11-28','TT I',8,8,'aprobado','2002-0402'),(117,'2002-11-28','TT I',8,10,'aprobado','2002-0403'),(118,'2002-11-29','TT I',10,10,'aprobado','2002-0404'),(119,'2002-11-29','TT I',9,8,'aprobado','2002-0405'),(120,'2002-11-29','TT I',9,10,'aprobado','2002-0406'),(121,'2002-11-29','TT I',9,9,'aprobado','2002-0407'),(122,'2002-11-29','TT I',10,10,'aprobado','2002-0408'),(123,'2002-11-29','TT I',10,8,'aprobado','2002-0409'),(124,'2002-11-29','TT II',10,10,'aprobado','2002-0410'),(125,'2002-11-30','TT II',10,10,'aprobado','2002-0411'),(126,'2002-11-30','TT I',10,9,'aprobado','2002-0412'),(127,'2002-11-30','TT II',10,10,'aprobado','2002-0413'),(128,'2002-11-30','TT I',9,7,'reprobado','2002-0414'),(129,'2003-05-16','TT I',9,10,'aprobado','2003-0494'),(130,'2003-05-16','TT I',10,10,'aprobado','2003-0495'),(131,'2003-05-16','TT I',10,8,'aprobado','2003-0497'),(132,'2003-05-17','TT I',10,10,'aprobado','2003-0498'),(133,'2003-05-17','TT I',10,10,'aprobado','2003-0500'),(134,'2003-05-17','TT I',8,8,'aprobado','2003-0501'),(135,'2003-05-17','TT I',8,10,'aprobado','2003-0502'),(136,'2003-11-28','TT II',8,9,'aprobado','2003-0503'),(137,'2003-11-28','TT II',10,10,'aprobado','2003-0505'),(138,'2003-11-28','TT I',10,9,'aprobado','2003-0507'),(139,'2003-11-28','TT I',10,10,'aprobado','2003-0508'),(140,'2003-11-29','TT I',10,9,'aprobado','2003-0510'),(141,'2003-11-29','TT I',10,10,'aprobado','2003-0511'),(142,'2003-11-29','TT I',9,10,'aprobado','2003-0512'),(143,'2003-11-29','TT I',9,9,'aprobado','2003-0513'),(144,'2003-11-29','TT I',10,10,'aprobado','2003-0514'),(145,'2004-05-13','TT I',10,9,'aprobado','2004-0706'),(146,'2004-05-13','TT II',8,10,'aprobado','2004-0707'),(147,'2004-05-13','TT I',10,10,'aprobado','2004-0708'),(148,'2004-05-14','TT I',10,10,'aprobado','2004-0709'),(149,'2004-05-14','TT I',10,9,'aprobado','2004-0710'),(150,'2004-05-14','TT I',8,9,'aprobado','2004-0711'),(151,'2004-05-15','TT I',10,9,'aprobado','2004-0712'),(152,'2004-05-15','TT II',10,10,'aprobado','2004-0713'),(153,'2004-11-28','TT I',8,10,'aprobado','2004-0714'),(154,'2004-11-28','TT II',10,8,'aprobado','2004-0715'),(155,'2004-11-29','TT II',10,8,'aprobado','2004-0716'),(156,'2004-11-29','TT I',10,10,'aprobado','2004-0717'),(157,'2004-11-29','TT I',9,10,'aprobado','2004-0718'),(158,'2004-11-30','TT I',10,10,'aprobado','2004-0719'),(159,'2004-11-30','TT I',10,8,'aprobado','2004-0720'),(160,'2005-05-18','TT I',9,8,'aprobado','2005-0854'),(161,'2005-05-18','TT I',10,10,'aprobado','2005-0855'),(162,'2005-05-19','TT I',10,10,'aprobado','2005-0856'),(163,'2005-05-19','TT I',9,8,'aprobado','2005-0857'),(164,'2005-05-20','TT I',10,8,'aprobado','2005-0858'),(165,'2005-05-20','TT I',8,7,'reprobado','2005-0859'),(166,'2005-11-30','TT II',10,10,'aprobado','2005-0860'),(167,'2005-11-30','TT II',10,10,'aprobado','2005-0861'),(168,'2005-11-30','TT II',8,10,'aprobado','2005-0862'),(169,'2005-12-01','TT I',10,9,'aprobado','2005-0863'),(170,'2005-12-01','TT I',10,10,'aprobado','2005-0864'),(171,'2005-12-01','TT I',8,9,'aprobado','2005-0865'),(172,'2006-05-18','TT I',10,10,'aprobado','2006-0146'),(173,'2006-05-18','TT I',9,8,'aprobado','2006-0147'),(174,'2006-05-19','TT I',10,8,'aprobado','2006-0148'),(175,'2006-05-19','TT I',8,10,'aprobado','2006-0149'),(176,'2006-05-19','TT I',10,10,'aprobado','2006-0150'),(177,'2006-05-20','TT I',9,8,'aprobado','2006-0151'),(178,'2006-05-20','TT I',10,10,'aprobado','2006-0152'),(179,'2006-11-30','TT I',8,10,'aprobado','2006-0155'),(180,'2006-11-30','TT I',10,8,'aprobado','2006-0157'),(181,'2006-11-30','TT I',8,10,'aprobado','2006-0159'),(182,'2006-11-30','TT II',10,10,'aprobado','2006-0160'),(183,'2006-11-30','TT II',10,8,'aprobado','2006-0162'),(184,'2007-05-18','TT II',9,10,'aprobado','2007-0128'),(185,'2007-05-18','TT I',9,10,'aprobado','2007-0131'),(186,'2007-05-18','TT I',9,10,'aprobado','2007-0132'),(187,'2007-05-19','TT I',10,8,'aprobado','2007-0134'),(188,'2007-05-19','TT I',10,10,'aprobado','2007-0135'),(189,'2007-05-19','TT I',10,8,'aprobado','2007-0140'),(190,'2007-05-19','TT I',10,10,'aprobado','2007-0142'),(191,'2007-05-20','TT I',10,10,'aprobado','2007-0144'),(192,'2007-05-20','TT I',10,10,'aprobado','2007-0149'),(193,'2007-11-28','TT I',10,9,'aprobado','2007-0150'),(194,'2007-11-28','TT I',10,10,'aprobado','2007-0152'),(195,'2007-11-28','TT I',10,9,'aprobado','2007-0153'),(196,'2008-05-12','TT I',10,10,'aprobado','2008-0070'),(197,'2008-05-12','TT I',8,8,'aprobado','2008-0071'),(198,'2008-05-12','TT II',10,8,'aprobado','2008-0072'),(199,'2008-05-13','TT II',10,10,'aprobado','2008-0073'),(200,'2008-05-13','TT I',8,10,'aprobado','2008-0074'),(201,'2008-11-27','TT I',8,7,'reprobado','2008-0075'),(202,'2008-11-27','TT I',8,8,'aprobado','2008-0076'),(203,'2008-11-27','TT I',10,10,'aprobado','2008-0077'),(204,'2008-11-28','TT I',10,9,'aprobado','2008-0078'),(205,'2008-11-28','TT I',10,10,'aprobado','2008-0079'),(206,'2008-11-28','TT II',9,10,'aprobado','2008-0080'),(207,'2009-05-16','TT II',9,9,'aprobado','2009-0027'),(208,'2009-05-16','TT I',10,10,'aprobado','2009-0028'),(209,'2009-05-16','TT I',9,7,'reprobado','2009-0029'),(210,'2009-05-17','TT I',10,10,'aprobado','2009-0031'),(211,'2009-05-17','TT II',10,10,'aprobado','2009-0032'),(212,'2009-05-17','TT I',10,8,'aprobado','2009-0033'),(213,'2009-05-18','TT I',10,10,'aprobado','2009-0034'),(214,'2009-12-01','TT II',9,10,'aprobado','2009-0035'),(215,'2009-12-01','TT I',8,10,'aprobado','2009-0036'),(216,'2009-12-01','TT I',10,10,'aprobado','2009-0037'),(217,'2010-05-13','TT I',9,9,'aprobado','2010-0046'),(218,'2010-05-13','TT I',10,10,'aprobado','2010-0047'),(219,'2010-05-13','TT I',10,9,'aprobado','2010-0048'),(220,'2010-05-14','TT I',8,10,'aprobado','2010-0049'),(221,'2010-05-14','TT I',10,10,'aprobado','2010-0050'),(222,'2010-05-14','TT I',10,8,'aprobado','2010-0051'),(223,'2010-05-15','TT I',10,10,'aprobado','2010-0052'),(224,'2010-05-15','TT II',10,10,'aprobado','2010-0053'),(225,'2010-05-15','TT I',9,8,'aprobado','2010-0054'),(226,'2010-05-15','TT II',10,10,'aprobado','2010-0055'),(227,'2010-05-15','TT I',8,10,'aprobado','2010-0056'),(228,'2010-11-28','TT I',10,10,'aprobado','2010-0057'),(229,'2010-11-28','TT I',10,10,'aprobado','2010-0058'),(230,'2010-11-28','TT I',10,9,'aprobado','2010-0059'),(231,'2010-11-29','TT I',9,7,'reprobado','2010-0060'),(232,'2010-11-29','TT II',10,9,'aprobado','2010-0061'),(233,'2010-11-29','TT I',9,10,'aprobado','2010-0062'),(234,'2010-11-30','TT I',10,8,'aprobado','2010-0063'),(235,'2010-11-30','TT I',9,10,'aprobado','2010-0149'),(236,'2010-11-30','TT I',10,10,'aprobado','2010-0150'),(237,'1999-11-29','TT R',8,8,'aprobado','99-2-0008'),(238,'1999-11-29','TT R',10,10,'aprobado','99-2-0013'),(239,'2001-05-19','TT R',8,10,'aprobado','01-1-0031'),(240,'2001-05-19','TT R',9,10,'aprobado','01-1-0040'),(241,'2001-05-19','TT R',8,9,'aprobado','01-1-0041'),(242,'2001-05-20','TT R',10,10,'aprobado','01-1-0042'),(243,'2001-05-20','TT R',9,9,'aprobado','01-1-0043'),(244,'2001-05-20','TT R',8,10,'aprobado','01-1-0044'),(245,'2001-12-01','TT R',9,8,'aprobado','01-2-0047'),(246,'2001-12-01','TT R',10,10,'aprobado','01-2-0048'),(247,'2001-12-01','TT R',8,10,'aprobado','01-2-0049'),(248,'2004-05-16','TT R',10,10,'aprobado','04-1-0102'),(249,'2004-05-16','TT R',8,8,'aprobado','04-1-0104'),(250,'2004-05-17','TT R',10,8,'aprobado','04-1-0105'),(251,'2004-05-17','TT R',9,7,'reprobado','04-1-0106'),(252,'2004-05-17','TT R',10,10,'aprobado','04-1-0108'),(253,'2006-05-21','TT R',9,10,'aprobado','06-1-0165'),(254,'2006-05-21','TT R',10,8,'aprobado','06-1-0169'),(255,'2006-05-22','TT R',10,10,'aprobado','06-1-0171'),(256,'2006-05-22','TT R',10,10,'aprobado','06-1-0172'),(257,'2006-05-23','TT R',10,8,'aprobado','06-1-0173'),(258,'2006-05-23','TT R',10,10,'aprobado','06-1-0174'),(259,'2006-12-01','TT R',10,10,'aprobado','06-2-0176'),(260,'2006-12-01','TT R',9,8,'aprobado','06-2-0178'),(261,'2007-11-29','TT R',9,9,'aprobado','07-1-0181'),(262,'2007-11-29','TT R',9,10,'aprobado','07-1-0183'),(263,'2007-11-29','TT R',9,10,'aprobado','07-1-0186'),(264,'2007-11-30','TT R',9,9,'aprobado','07-1-0187'),(265,'2007-11-30','TT R',10,10,'aprobado','07-1-0188'),(266,'2007-11-30','TT R',10,8,'aprobado','07-1-0189'),(267,'2009-05-19','TT R',10,10,'aprobado','09-1-0237'),(268,'2009-05-19','TT R',8,10,'aprobado','09-1-0241'),(269,'2009-05-19','TT R',8,8,'aprobado','09-1-0243'),(270,'2009-05-20','TT R',8,10,'aprobado','09-1-0244'),(271,'2009-05-20','TT R',8,8,'aprobado','09-1-0247'),(272,'2009-05-20','TT R',10,10,'aprobado','09-1-0248'),(273,'2009-05-20','TT R',10,9,'aprobado','09-1-0250'),(274,'2009-05-20','TT R',9,10,'aprobado','09-1-0252'),(275,'2009-05-21','TT R',10,9,'aprobado','09-1-0253'),(276,'2009-05-21','TT R',8,10,'aprobado','09-1-0254'),(277,'2009-05-21','TT R',10,9,'aprobado','09-1-0258'),(278,'2009-05-21','TT R',9,10,'aprobado','09-1-0259'),(279,'2009-05-21','TT R',8,9,'aprobado','09-1-0260'),(280,'2009-05-21','TT R',10,10,'aprobado','09-1-0261'),(281,'2009-05-22','TT R',8,8,'aprobado','09-1-0262'),(282,'2009-05-22','TT R',10,10,'aprobado','09-1-0263'),(283,'2009-05-22','TT R',9,7,'reprobado','09-1-0264'),(284,'2009-05-23','TT R',10,8,'aprobado','09-1-0265'),(285,'2009-12-02','TT R',8,10,'aprobado','09-2-0245'),(286,'2009-12-02','TT R',9,10,'aprobado','09-2-0266'),(287,'2009-12-02','TT R',8,8,'aprobado','09-2-0267'),(288,'2010-05-16','TT R',9,10,'aprobado','10-1-0289'),(289,'2010-05-16','TT R',8,10,'aprobado','10-1-0290'),(290,'2010-05-16','TT R',10,8,'aprobado','10-1-0291'),(291,'2010-05-17','TT R',10,8,'aprobado','10-1-0292'),(292,'2010-05-17','TT R',10,9,'aprobado','10-1-0293'),(293,'2010-05-17','TT R',10,10,'aprobado','10-1-0294'),(294,'2010-05-18','TT R',10,10,'aprobado','10-1-0295'),(295,'2010-05-18','TT R',8,10,'aprobado','10-1-0296'),(296,'2010-05-18','TT R',8,9,'aprobado','10-1-0297'),(297,'2010-12-03','TT R',10,10,'aprobado','10-2-0001'),(298,'2010-12-03','TT R',10,9,'aprobado','10-2-0002'),(299,'2011-05-20','TT R',9,9,'aprobado','11-1-0009'),(300,'2011-05-20','TT R',9,9,'aprobado','11-1-0010'),(301,'2011-05-20','TT R',10,10,'aprobado','11-1-0011'),(302,'2011-05-21','TT R',10,10,'aprobado','11-1-0012'),(303,'2011-05-21','TT R',10,10,'aprobado','11-1-0013'),(304,'2011-05-21','TT R',8,10,'aprobado','11-1-0014'),(305,'2011-05-21','TT R',9,7,'reprobado','11-1-0015'),(306,'2011-05-21','TT R',10,8,'aprobado','11-1-0016'),(307,'2011-05-22','TT R',10,10,'aprobado','11-1-0017'),(308,'2011-05-22','TT R',9,10,'aprobado','11-1-0018'),(309,'2011-05-22','TT R',8,7,'reprobado','11-1-0019'),(310,'2011-05-22','TT R',10,8,'aprobado','11-1-0020'),(311,'2011-05-23','TT R',10,10,'aprobado','11-1-0021'),(312,'2011-05-23','TT R',10,10,'aprobado','11-1-0022'),(313,'2011-05-23','TT R',8,9,'aprobado','11-1-0023'),(314,'2011-05-23','TT R',9,10,'aprobado','11-1-0024'),(315,'2011-05-23','TT R',10,10,'aprobado','11-1-0025'),(316,'2011-05-24','TT R',10,9,'aprobado','11-1-0026'),(317,'2011-05-24','TT R',9,10,'aprobado','11-1-0027'),(318,'2011-05-24','TT R',8,8,'aprobado','11-1-0028'),(319,'2011-05-25','TT R',10,8,'aprobado','11-1-0029'),(320,'2011-05-25','TT R',10,10,'aprobado','11-1-0030'),(321,'1999-05-18','TT I',8,10,'aprobado','1999-0127'),(322,'1999-05-18','TT I',9,8,'aprobado','1999-0129'),(323,'1999-05-19','TT I',10,8,'aprobado','1999-0130'),(324,'1999-05-19','TT I',10,10,'aprobado','1999-0131'),(325,'1999-05-19','TT I',9,10,'aprobado','1999-0132'),(326,'1999-05-20','TT I',8,9,'aprobado','1999-0133'),(327,'1999-05-20','TT II',10,9,'aprobado','1999-0134'),(328,'1999-05-20','TT I',10,10,'aprobado','1999-0135'),(329,'1999-05-21','TT I',8,7,'reprobado','1999-0136'),(330,'1999-05-21','TT I',8,10,'aprobado','1999-0138'),(331,'2003-11-30','TT I',10,10,'aprobado','2003-0599'),(332,'2003-11-30','TT I',10,8,'aprobado','2003-0603'),(333,'2003-11-30','TT II',9,10,'aprobado','2003-0604'),(334,'2003-11-30','TT I',9,8,'aprobado','2003-0606'),(335,'2003-12-02','TT I',9,10,'aprobado','2003-0607'),(336,'2003-12-02','TT I',10,10,'aprobado','2003-0608'),(337,'2003-12-02','TT I',8,9,'aprobado','2003-0609'),(338,'2003-12-02','TT I',8,10,'aprobado','2003-0611'),(339,'2003-12-02','TT I',8,9,'aprobado','2003-0612'),(340,'2004-12-01','TT II',10,9,'aprobado','2004-0659'),(341,'2004-12-01','TT I',10,10,'aprobado','2004-0660'),(342,'2004-12-02','TT I',9,10,'aprobado','2004-0661'),(343,'2004-12-02','TT I',8,10,'aprobado','2004-0662'),(344,'2004-12-02','TT I',10,10,'aprobado','2004-0664'),(345,'2004-12-03','TT I',8,8,'aprobado','2004-0665'),(346,'2004-12-03','TT I',8,10,'aprobado','2004-0666'),(347,'2005-05-21','TT I',10,10,'aprobado','2005-0880'),(348,'2005-05-21','TT I',10,10,'aprobado','2005-0882'),(349,'2005-05-21','TT I',10,8,'aprobado','2005-0883'),(350,'2005-05-22','TT I',10,10,'aprobado','2005-0885'),(351,'2005-05-22','TT II',8,7,'reprobado','2005-0886'),(352,'2005-05-22','TT I',8,8,'aprobado','2005-0888'),(353,'2005-05-23','TT I',10,10,'aprobado','2005-0889'),(354,'2005-05-23','TT I',9,10,'aprobado','2005-0890'),(355,'2005-05-23','TT I',10,10,'aprobado','2005-0891'),(356,'2006-12-03','TT I',9,9,'aprobado','2006-0091'),(357,'2006-12-03','TT I',8,10,'aprobado','2006-0092'),(358,'2006-12-03','TT I',10,10,'aprobado','2006-0093'),(359,'2006-12-04','TT I',10,10,'aprobado','2006-0094'),(360,'2006-12-04','TT II',8,9,'aprobado','2006-0095'),(361,'2006-12-04','TT I',9,10,'aprobado','2006-0096'),(362,'2006-12-04','TT I',10,10,'aprobado','2006-0097'),(363,'2007-05-16','TT I',10,8,'aprobado','2007-0001'),(364,'2007-05-16','TT I',8,10,'aprobado','2007-0002'),(365,'2007-05-16','TT I',10,10,'aprobado','2007-0003'),(366,'2007-05-17','TT II',9,10,'aprobado','2007-0004'),(367,'2007-05-17','TT I',8,8,'aprobado','2007-0005'),(368,'2007-05-17','TT I',10,10,'aprobado','2007-0006'),(369,'2007-05-17','TT I',9,10,'aprobado','2007-0007'),(370,'2007-05-17','TT I',8,9,'aprobado','2007-0008'),(371,'2007-05-18','TT I',10,10,'aprobado','2007-0009'),(372,'2007-05-18','TT II',9,8,'aprobado','2007-0010'),(373,'2007-05-18','TT I',8,7,'reprobado','2007-0011'),(374,'2007-05-18','TT I',10,10,'aprobado','2007-0012'),(375,'2007-05-18','TT I',10,8,'aprobado','2007-0013'),(376,'2007-05-18','TT I',8,10,'aprobado','2007-0014'),(377,'2007-05-18','TT II',10,10,'aprobado','2007-0015'),(378,'2008-11-28','TT I',9,8,'aprobado','2008-0152'),(379,'2008-11-28','TT I',10,10,'aprobado','2008-0154'),(380,'2008-11-28','TT I',8,10,'aprobado','2008-0155'),(381,'2008-11-29','TT I',10,10,'aprobado','2008-0157'),(382,'2008-11-29','TT I',8,9,'aprobado','2008-0158'),(383,'2008-11-29','TT I',10,10,'aprobado','2008-0159'),(384,'2008-11-29','TT II',9,9,'aprobado','2008-0160'),(385,'2008-11-29','TT I',8,10,'aprobado','2008-0161'),(386,'2008-12-02','TT I',10,10,'aprobado','2008-0162'),(387,'2008-12-02','TT I',10,8,'aprobado','2008-0163'),(388,'2008-12-02','TT I',8,10,'aprobado','2008-0164'),(389,'2008-12-03','TT I',8,10,'aprobado','2008-0165'),(390,'2008-12-03','TT II',8,8,'aprobado','2008-0166'),(391,'2010-05-16','TT R',10,10,'aprobado','2009-R002'),(392,'2010-05-16','TT R',10,10,'aprobado','2009-R003'),(393,'2010-05-17','TT R',10,8,'aprobado','2009-R004'),(394,'2010-05-17','TT R',10,10,'aprobado','2009-R005'),(395,'2010-05-17','TT R',9,7,'reprobado','2009-R006'),(396,'2010-05-18','TT R',8,8,'aprobado','2009-R007'),(397,'2010-05-18','TT I',10,10,'aprobado','2010-0001'),(398,'2010-05-18','TT I',10,10,'aprobado','2010-0002'),(399,'2010-05-19','TT I',8,9,'aprobado','2010-0003'),(400,'2010-05-19','TT II',10,10,'aprobado','2010-0004'),(401,'2010-12-01','TT I',10,10,'aprobado','2010-0005'),(402,'2010-12-01','TT I',9,9,'aprobado','2010-0006'),(403,'2010-12-01','TT I',8,10,'aprobado','2010-0007'),(404,'2010-12-02','TT I',8,9,'aprobado','2010-0008'),(405,'2010-12-02','TT I',10,10,'aprobado','2010-0009'),(406,'2010-12-02','TT I',9,10,'aprobado','2010-0010'),(407,'2010-12-02','TT II',10,8,'aprobado','2010-0011'),(408,'2010-12-02','TT I',10,10,'aprobado','2010-0012'),(409,'2010-12-03','TT I',8,10,'aprobado','2010-0013'),(410,'2010-12-03','TT I',10,8,'aprobado','2010-0014'),(411,'2010-12-03','TT I',8,10,'aprobado','2010-0015'),(412,'2010-12-03','TT I',9,10,'aprobado','2010-0016'),(413,'2010-12-04','TT I',10,8,'aprobado','2010-0017'),(414,'2010-12-04','TT II',10,10,'aprobado','2010-0018'),(415,'2008-12-03','TT R',9,10,'aprobado','08-1-0213'),(416,'2008-12-03','TT R',10,8,'aprobado','08-1-0214'),(417,'2008-12-03','TT R',10,10,'aprobado','08-1-0216'),(418,'2008-12-04','TT R',9,8,'aprobado','08-1-0217'),(419,'2008-12-04','TT R',10,10,'aprobado','08-1-0218'),(420,'2008-12-04','TT R',10,10,'aprobado','08-1-0221'),(421,'2008-12-04','TT R',8,8,'aprobado','08-1-0224'),(422,'2008-12-05','TT R',10,10,'aprobado','08-1-0225'),(423,'2008-12-05','TT R',8,7,'reprobado','08-1-0226'),(424,'2010-05-18','TT R',10,10,'aprobado','10-1-0280'),(425,'2010-05-18','TT R',10,9,'aprobado','10-1-0281'),(426,'2010-05-18','TT R',8,10,'aprobado','10-1-0282'),(427,'2010-05-19','TT R',10,10,'aprobado','10-1-0283'),(428,'2010-05-19','TT R',8,9,'aprobado','10-1-0284'),(429,'2010-05-19','TT R',10,10,'aprobado','10-1-0285'),(430,'2010-05-20','TT R',9,7,'reprobado','10-1-0286'),(431,'2010-05-20','TT R',10,10,'aprobado','10-1-0287'),(432,'2010-05-20','TT R',9,10,'aprobado','10-1-0288');
/*!40000 ALTER TABLE `presentacion` ENABLE KEYS */;
UNLOCK TABLES;

--
-- Table structure for table `profesor`
--

DROP TABLE IF EXISTS `profesor`;
/*!40101 SET @saved_cs_client     = @@character_set_client */;
/*!40101 SET character_set_client = utf8 */;
CREATE TABLE `profesor` (
  `idProf` int(11) NOT NULL,
  `nombre` varchar(50) DEFAULT NULL,
  `apPaterno` varchar(50) DEFAULT NULL,
  `apMaterno` varchar(50) DEFAULT NULL,
  PRIMARY KEY (`idProf`)
) ENGINE=InnoDB DEFAULT CHARSET=latin1;
/*!40101 SET character_set_client = @saved_cs_client */;

--
-- Dumping data for table `profesor`
--

LOCK TABLES `profesor` WRITE;
/*!40000 ALTER TABLE `profesor` DISABLE KEYS */;
INSERT INTO `profesor` VALUES (1,'Aar¢n Mauricio','Rodr¡guez','Alquicira'),(2,'Adolfo','Guzm n','Arenas'),(3,'Alberto Jes£s','Alc ntara','M‚ndez'),(4,'Alejandro','Botello','Castillo'),(5,'Alejandro','Canalez','Cruz'),(6,'Alejandro Sigfrido','Cifuentes','µlvarez'),(7,'Alfonso','Fern ndez','V zquez'),(8,'Alma Delia','Cuevas','Rasgado'),(9,'Amilcar','Meneses','Viveros'),(10,'Andr‚s','Ortigoza','Campos'),(11,'Antonio Gustavo','Ju rez','Gracia'),(12,'Ariel','L¢pez','Rojas'),(13,'Axel Ernesto','Moreno','Cervantes'),(14,'Benjam¡n','Luna','Benoso'),(15,'Carlos','Silva','S nchez'),(16,'C‚sar','M£jica','Ascencio'),(17,'C‚sar Roman','Mart¡nez','Garc¡a'),(18,'Chadwick','Carreto','Arellano'),(19,'Claudia Alejandra','L¢pez','Rodr¡guez'),(20,'Consuelo Varinia','Garc¡a','Mendoza'),(21,'Cornelio','Ya¤ez','M rquez'),(22,'Daniel','Cruz','Garc¡a'),(23,'David','Araujo','D¡az'),(24,'Edgar Armando','Catal n','Salgado'),(25,'Edgardo Adri n','Franco','Mart¡nez'),(26,'Edmundo Ren‚','Dur n','Camarillo'),(27,'Eduardo','Bustos','Far¡as'),(28,'Eduardo','Ch vez','Lima'),(29,'Eduardo','Guti‚rrez','Aldana'),(30,'Eduardo','Rodr¡guez','Flores'),(31,'Elba','Mendoza','Mac¡as'),(32,'Elena Fabiola','Ruiz','Ledesma'),(33,'Enrique','Torres','Gonz lez'),(34,'Erick Eugenio','Linares','Vallejo'),(35,'Erika','Hern ndez','Rubio'),(36,'Euler','Hern ndez','Contreras'),(37,'Fabiola','Ocampo','Botello'),(38,'Felipe de Jes£s','Figueroa','Del Prado'),(39,'Felipe Rolando','Menchaca','Garc¡a'),(40,'Fernando','Aguilar','S nchez'),(41,'Flavio Arturo','S nchez','G rfias'),(42,'Gabriela De Jes£s','L¢pez','Ruiz'),(43,'Gelacio','Castillo','Cabrera'),(44,'Germ n','T‚llez','Castillo'),(45,'Gilberto','S nchez','Quintanilla'),(46,'Gisela','Gonz lez','Albarr n'),(47,'Guillermo','M rquez','Arregu¡n'),(48,'H‚ctor Manuel','Paz','Rodr¡guez'),(49,'Idalia','Maldonado','Castillo'),(50,'Ignacio','R¡os','De la Torre'),(51,'Ismael','Cervantes','De Anda'),(52,'Ismael','Rojas','Mexicano'),(53,'Iv n','D¡az','Toal '),(54,'Jacqueline','Arzate','Gordillo'),(55,'Jaime Hugo','Puebla','Lomas'),(56,'Jes£s Alfredo','Mart¡nez','Nu¤o'),(57,'Jes£s Yalj ','Montiel','P‚rez'),(58,'Joel Omar','Ju rez','Gambino'),(59,'Jorge','Cort‚s','Galicia'),(60,'Jorge Israel','Toledo','Alvarado'),(61,'Jorge Luis','Rosas','Trigueros'),(62,'Jos‚ Alfredo','Jim‚nez','Benitez'),(63,'Jos‚ Antonio','Garc¡a','Mej¡a'),(64,'Jos‚ Antonio','Ort¡z','Ram¡rez'),(65,'Jos‚ Cruz','Mart¡nez','Perales'),(66,'Jos‚ David','Ortega','Pacheco'),(67,'Jos‚ F‚lix','Serrano','Talamantes'),(68,'Jos‚ Giovanni','Guzm n','Lugo'),(69,'Jos‚ Jaime','L¢pez','Rabad n'),(70,'Jos‚ Juan','P‚rez','P‚rez'),(71,'Jos‚ Luis','Calder¢n','Osorno'),(72,'Jos‚ Lu¡s','Hern ndez','Aguilar'),(73,'Jos‚ Marco Antonio','Rueda','Mel‚ndez'),(74,'Jos‚','S nchez','Ju rez'),(75,'Josefina','Hern ndez','Jaime'),(76,'Juan Antonio','Castillo','Marrufo'),(77,'Juan','Asbun','Bojalil'),(78,'Juan Carlos','Morales','Cruz'),(79,'Juan Carlos','T‚llez','Barrera'),(80,'Juan Jes£s','Guti‚rrez','Garc¡a'),(81,'Juan Jos‚','Torres','Manr¡quez'),(82,'Juan','Vera','Romero'),(83,'Juan Vicente','Garc¡a','Sales'),(84,'Julio C‚sar','Sosa','Savedra'),(85,'Karina','Viveros','Vela'),(86,'Laura','M‚ndez','Segundo'),(87,'Lorena','Chavarria','B ez'),(88,'Luis Carlos','Coronado','Garc¡a'),(89,'Luis Octavio','Lopez','Leyva'),(90,'Luz No‚','Oliva','Moreno'),(91,'Macario','Hern ndez','Cruz'),(92,'Manuel Alejandro','Soto','Ramos'),(93,'Marco Antonio','Dorantes','Gonz lez'),(94,'Marco Antonio','Moreno','Ibarra'),(95,'Margarita Elizabeth','G¢mez','Mayorga'),(96,'Mar¡a Del Rosario','Rocha','Bernab‚'),(97,'Mar¡a Elena','Cruz','Meza'),(98,'Mar¡a Gabriela','Gali¤anes','Rodr¡guez'),(99,'Mar¡a Julia','Calder¢n','Sambarino'),(100,'Mario','Aldape','P‚rez'),(101,'Mario Augusto','Ram¡rez','Morales'),(102,'Martha Rosa','Cordero','L¢pez'),(103,'Miguel µngel','Maldonado','Mu¤oz'),(104,'Miguel µngel','Vivanco','Gallardo'),(105,'Miguel F‚lix','Mata','Rivera'),(106,'Miguel Jes£s','Torres','Ru¡z'),(107,'Miguel','Olvera','Aldana'),(108,'Miguel Santiago','Su rez','Casta¤¢n'),(109,'Miriam','Pescador','Rojas'),(110,'Mondrag¢n Tanibet','P‚rez','De Los Santos'),(111,'M¢nica','Rivera','De La Rosa'),(112,'Monserrat Gabriela','P‚rez','Vera'),(113,'Nancy','Ocotitla','Rojas'),(114,'Nidia Asunci¢n','Cortez','Duarte'),(115,'Odette Berenice','Cancino','Mosqueda'),(116,'Rafael Norman','Saucedo','Delgado'),(117,'Rafael','Ram¡rez','Tenorio'),(118,'Ricardo','Mart¡nez','Rosales'),(119,'Roberto','De Luna','Caballero'),(120,'Roberto Eswart','Zagal','Flores'),(121,'Roberto','V zquez','Arregu¡n'),(122,'Rodolfo','Romero','Herrera'),(123,'Rolando','Flores','Carapia'),(124,'Rolando','Menchaca','M‚ndez'),(125,'Rolando','Quintero','T‚llez'),(126,'Rosa Alba','Hern ndez','Garc¡a'),(127,'Rosaura','Palma','Orozco'),(128,'Rub‚n','Peredo','Valderrama'),(129,'Salvador Elias','Venegas','Andraca'),(130,'Sandra Luz','Morales','Gitr¢n'),(131,'Sa£l','De la O','Torres'),(132,'Seraf¡n','Estrada','Elizalde'),(133,'Sergio Antonio','Velazquez','Sereno'),(134,'Sergio','Salinas','Lugo'),(135,'Ukranio','Coronilla','Contreras'),(136,'Ulises','V‚lez','Salda¤a'),(137,'Victor Hugo','Garcia','Ortega'),(138,'Virginia','Medina','Mej¡a'),(139,'Virginia','S nchez','Cruz'),(140,'Yasm¡n Ivette','Jim‚nez','Gal n'),(141,'Yaxkin','Flores','Mendoza'),(142,'Rub‚n','Hern ndez','Tovar'),(143,'Ra£l','Acosta','Bermejo'),(144,'Fernando','Galindo','Soria'),(145,'V¡ctor Hugo','Ponce','Ponce'),(146,'Ren‚','Galindo','Orozco'),(147,'Miguel µngel','Norzagaray','Cosio'),(148,'Wilebaldo','Lara','Vargas'),(149,'Juli n Guadalupe','Tapia','Aguilar'),(150,'Rub‚n','Ortega','Gonz lez'),(151,'Jes£s Alberto','Mart¡nez','Castro'),(152,'Juan Carlos','Chimal','Egu¡a'),(153,'V¡ctor','M rquez','Garc¡a'),(154,'H‚ctor Manuel','Paz','Rodr¡guez'),(155,'Jos‚ Armando','Esquivel','Centeno'),(156,'Aurora','Aparicio','Castillo'),(157,'V¡ctor Rafael','Moreno','Pe¤a'),(158,'Oscar','Carranza','Castillo'),(159,'Ren‚','Guti‚rrez','Morales'),(160,'Rub‚n','Galicia','Mej¡a'),(161,'Gonzalo','P‚rez','Araiza'),(162,'Sandra','D¡az','Santiago'),(163,'Mario Humberto','Ram¡rez','D¡az'),(164,'Miguel Abel','Le¢n','Hern ndez'),(165,'Jorge','Ferrer','Tenorio'),(166,'Carlos','Pineda','Guerrero'),(167,'Araceli','Loyola','Espinosa'),(168,'Encarnaci¢n','Salinas','Hern ndez'),(169,'Carlos Fernando','Aguilar','Ib ¤ez'),(170,'Arturo','Pruneda','Mart¡nez'),(171,'Ricardo Felipe','D¡az','Santiago'),(172,'Isaac Omar','L¢pez','V zquez'),(173,'Mar¡a Del Carmen','Dom¡nguez','Ayala'),(174,'Florencio','Guzm n','Aguilar'),(175,'Edgardo Manuel','River¢n','Felipe'),(176,'Jes£s Manuel','Olivares','Ceja'),(177,'Sergio','Su rez','Guerra'),(178,'Sandra Mercedes','P‚rez','Vera'),(179,'Tirso Javier','Salazar','Sandoval'),(180,'Jazm¡n Adriana','Ju rez','Ram¡rez'),(181,'Jes£s Alberto','Montero','De La Cruz'),(182,'Carlos','Altamirano','Robles'),(183,'Martha','Franco','Espejel'),(184,'Jos‚ Manuel','De la Rosa','V zquez'),(185,'Edgardo Adri n','Franco','Mart¡nez'),(186,'Ra£l','Mart¡nez','Memije'),(187,'Hilario','Mart¡nez','Arredondo'),(188,'Richard Alexander','Award','Reyes'),(189,'Rocio','Garc¡a','Pedraza'),(190,'Norberto','Flores','Guzm n'),(191,'Mart¡n Alberto','D¡az','Viera'),(192,'Jos‚ Carlos','D valos','L¢pez'),(193,'Enrique De Jes£s','Arag¢n','Pineda'),(194,'Alejandro','Cruz','Rojas'),(195,'Marco Antonio','Barranco','Jim‚nez'),(196,'Laura Roc¡o','Ort¡z','Esquivel'),(197,'Miguel µngel','Alem n','Arce'),(198,'Maribel','Arag¢n','Garc¡a'),(199,'Jes£s Ixbalank','Torres','Zu¤oga'),(200,'Jorge Javier','Silva','Mart¡nez'),(201,'Hortencia','G¢mez','V¡quez'),(202,'Juan Manuel','Carballo','Jim‚nez'),(203,'Juan Carlos','Mart¡nez','D¡az'),(204,'Luis Carlos','Coronado','Garc¡a'),(205,'Rafael','Fern ndez','Nava'),(206,'Genaro','Ju rez','Mart¡nez'),(207,'Israel','Vite','Silva'),(208,'Sonia','S nchez','D¡az'),(209,'Mar¡a Elena','Acevedo','Mosqueda'),(210,'Benjam¡n','Cruz','Torres'),(211,'Ricardo','Barr¢n','Fern ndez'),(212,'David','Cruz','Rojas'),(213,'Rogelio','Maldonado','Rodr¡guez'),(214,'Roc¡o','Res‚ndiz','Mu¤oz'),(215,'Dalia Gabriela','Lara','Perdomo'),(216,'Jorge','Sosa','Pedroza'),(217,'Guadalupe µngel','Gonz lez','Chavez'),(218,'Arturo','Ort¡z','Tapia'),(219,'Amadeo','Arguelles','Cruz'),(220,'Samuel','Dom¡nguez','Hern ndez'),(221,'Jos‚ Alejandro','Mora','Rodr¡guez'),(222,'Rogelio Gerardo','Hern ndez','Garc¡a'),(223,'Alexander','Gelbukh','Khan'),(224,'Rogelio','Sotelo','Boy s'),(225,'Roberto A.','V zquez','Espinoza de los Monteros'),(226,'Freddy Guillermo','Castro','Farf n'),(227,'Samuel','S nchez','Islas'),(228,'Karinne','Ram¡rez','Amaro'),(229,'Sandra Dinorah','Orantes','Jim‚nez'),(230,'Francisco Hiram','Calvo','Castro'),(231,'Cirilo Gabino','Le¢n','Vega'),(232,'Jes£s','Figueroa','Nazuno'),(233,'Luis Alfonso','Villa','Vargas'),(234,'Gabriel','Sepulveda','Cervantes'),(235,'Jes£s Antonio','µlvarez','Cedillo'),(236,'Marco Antonio','Ram¡rez','Salinas'),(237,'Jos‚ Antonio','Romero','Serrano'),(238,'Julio Ramiro','Alonso','Cruz'),(239,'Eugenio','Cedillo','Portugal'),(240,'Reyna Elia','Melara','Abarca'),(241,'Edgar Felipe','Maya','Maya'),(242,'Ana Maria','Winfield','Reyes'),(243,'Blanca Esther','Carvajal','G mez'),(244,'Mauricio Ram¢n','Garc¡a','G¢mez'),(245,'Juan Carlos','Mart¡nez','Garc¡a'),(246,'Judith Margarita','Tirado','Lule'),(247,'Angelica','Camarena','Amaro'),(248,'Alfonso','M‚ndez','Tenorio'),(249,'Adbel Anah¡','Montes','Meza'),(250,'Martha Patricia','Jim‚nez','Villanueva'),(251,'Fabi n','Reyes','Prieto'),(252,'Rolando F‚lix','Cedillo','Caballero'),(253,'V¡ctor Hugo','Cabrera','Arenas'),(254,'µngel Salvador','Montiel','S nchez');
/*!40000 ALTER TABLE `profesor` ENABLE KEYS */;
UNLOCK TABLES;

--
-- Table structure for table `sinodalia`
--

DROP TABLE IF EXISTS `sinodalia`;
/*!40101 SET @saved_cs_client     = @@character_set_client */;
/*!40101 SET character_set_client = utf8 */;
CREATE TABLE `sinodalia` (
  `idSinodalia` int(11) NOT NULL,
  `noTT` varchar(50) DEFAULT NULL,
  `s1` int(11) DEFAULT NULL,
  `s2` int(11) DEFAULT NULL,
  `s3` int(11) DEFAULT NULL,
  `revisor` int(11) DEFAULT NULL,
  PRIMARY KEY (`idSinodalia`),
  KEY `noTT` (`noTT`),
  KEY `s1` (`s1`),
  KEY `s2` (`s2`),
  KEY `s3` (`s3`),
  KEY `revisor` (`revisor`),
  CONSTRAINT `sinodalia_ibfk_1` FOREIGN KEY (`noTT`) REFERENCES `tt` (`noTT`) ON DELETE CASCADE ON UPDATE CASCADE,
  CONSTRAINT `sinodalia_ibfk_2` FOREIGN KEY (`s1`) REFERENCES `profesor` (`idProf`) ON DELETE CASCADE ON UPDATE CASCADE,
  CONSTRAINT `sinodalia_ibfk_3` FOREIGN KEY (`s2`) REFERENCES `profesor` (`idProf`) ON DELETE CASCADE ON UPDATE CASCADE,
  CONSTRAINT `sinodalia_ibfk_4` FOREIGN KEY (`s3`) REFERENCES `profesor` (`idProf`) ON DELETE CASCADE ON UPDATE CASCADE,
  CONSTRAINT `sinodalia_ibfk_5` FOREIGN KEY (`revisor`) REFERENCES `profesor` (`idProf`) ON DELETE CASCADE ON UPDATE CASCADE
) ENGINE=InnoDB DEFAULT CHARSET=latin1;
/*!40101 SET character_set_client = @saved_cs_client */;

--
-- Dumping data for table `sinodalia`
--

LOCK TABLES `sinodalia` WRITE;
/*!40000 ALTER TABLE `sinodalia` DISABLE KEYS */;
INSERT INTO `sinodalia` VALUES (1,'1996-0002',1,160,35,6),(2,'1996-0003',2,161,36,8),(3,'1996-0004',3,162,37,9),(4,'1996-0005',4,163,38,10),(5,'1996-0006',5,164,39,14),(6,'1996-0007',6,165,40,18),(7,'1996-0008',7,166,41,23),(8,'1996-0009',8,167,42,26),(9,'1996-0010',9,168,43,27),(10,'1996-0011',10,169,44,32),(11,'1996-0012',11,170,45,37),(12,'1996-0013',12,171,46,41),(13,'1997-0016',13,172,47,43),(14,'1997-0020',14,173,48,46),(15,'1997-0023',15,174,49,57),(16,'1997-0024',16,175,50,62),(17,'1997-0026',17,176,51,69),(18,'1997-0027',18,177,52,84),(19,'1997-0028',19,178,53,102),(20,'1997-0030',20,179,54,116),(21,'1997-0031',21,180,55,135),(22,'1997-0034',22,181,56,136),(23,'1997-0034',23,182,57,19),(24,'1997-0041',24,183,58,87),(25,'1997-0044',25,184,59,86),(26,'1997-0047',26,185,60,90),(27,'1997-0052',27,186,61,99),(28,'1997-0055',28,187,62,113),(29,'1997-0062',29,188,63,127),(30,'1997-0064',30,189,64,140),(31,'1998-0068',31,190,65,6),(32,'1998-0070',32,191,66,8),(33,'1998-0073',33,192,67,9),(34,'1998-0073',34,193,68,10),(35,'1998-0075',35,194,69,14),(36,'1998-0075',36,195,70,18),(37,'1998-0078',37,196,71,23),(38,'1998-0079',38,197,72,26),(39,'1998-0079',39,198,73,27),(40,'1998-0080',40,199,74,32),(41,'1998-0080',41,200,75,37),(42,'1998-0081',42,201,76,41),(43,'1998-0082',43,202,77,43),(44,'1998-0089',44,203,78,46),(45,'1998-0089',45,204,79,57),(46,'1998-0090',46,205,80,62),(47,'1998-0091',47,206,81,69),(48,'1998-0092',48,207,82,84),(49,'1998-0097',49,208,83,102),(50,'1998-0098',50,209,84,116),(51,'1998-0102',51,210,85,135),(52,'1998-0104',52,211,86,136),(53,'1999-0108',53,212,87,19),(54,'1999-0109',54,213,88,87),(55,'1999-0110',55,214,89,86),(56,'1999-0111',56,215,90,90),(57,'1999-0113',57,216,91,99),(58,'1999-0114',58,217,92,113),(59,'1999-0114',59,218,93,127),(60,'1999-0115',60,219,94,140),(61,'1999-0118',61,220,95,6),(62,'1999-0119',62,221,96,8),(63,'1999-0120',63,222,97,9),(64,'1999-0120',64,223,98,10),(65,'1999-0121',65,224,99,14),(66,'1999-0121',66,225,100,18),(67,'1999-0122',67,226,101,23),(68,'1999-0123',68,227,102,26),(69,'1999-0124',69,228,103,27),(70,'1999-0125',70,229,104,32),(71,'1999-0126',71,230,105,37),(72,'1999-0127',72,231,106,41),(73,'1999-0129',73,232,107,43),(74,'1999-0130',74,233,108,46),(75,'1999-0131',75,234,109,57),(76,'1999-0132',76,235,110,62),(77,'1999-0133',77,236,111,69),(78,'1999-0133',78,237,112,84),(79,'1999-0134',79,238,113,102),(80,'1999-0135',80,239,114,116),(81,'1999-0136',81,240,115,135),(82,'1999-0138',82,241,116,136),(83,'1999-0139',83,242,117,19),(84,'1999-0141',84,243,118,87),(85,'1999-0141',85,244,119,86),(86,'1999-0142',86,245,120,90),(87,'1999-0142',87,246,121,99),(88,'1999-0143',88,247,122,113),(89,'1999-0144',89,248,123,127),(90,'1999-0146',90,249,124,140),(91,'1999-0149',91,250,125,6),(92,'1999-0150',92,251,126,8),(93,'1999-0151',93,252,127,9),(94,'1999-0152',94,253,128,10),(95,'1999-0154',95,254,129,14),(96,'1999-0154',96,1,130,18),(97,'1999-0158',97,2,131,23),(98,'1999-0160',98,3,132,26),(99,'1999-0161',99,4,133,27),(100,'1999-0162',100,5,134,32),(101,'1999-0163',101,6,135,37),(102,'1999-0165',102,7,136,41),(103,'1999-0168',103,8,137,43),(104,'1999-0168',104,9,138,46),(105,'1999-0170',105,10,139,57),(106,'1999-0172',106,11,140,62),(107,'1999-0173',107,12,141,69),(108,'1999-0173',108,13,142,84),(109,'1999-0174',109,14,143,102),(110,'1999-0178',110,15,144,116),(111,'1999-0179',111,16,145,135),(112,'1999-0183',112,17,146,136),(113,'1999-0184',113,18,147,19),(114,'1999-0185',114,19,148,87),(115,'1999-0186',115,20,149,86),(116,'1999-0189',116,21,150,90),(117,'1999-0190',117,22,151,99),(118,'1999-0191',118,23,152,113),(119,'2000-0192',119,24,153,127),(120,'2000-0192',120,25,154,140),(121,'2000-0193',121,26,155,6),(122,'2000-0194',122,27,156,8),(123,'2000-0199',123,28,157,9),(124,'2000-0201',124,29,158,10),(125,'2000-0202',125,30,159,14),(126,'2000-0203',126,31,160,18),(127,'2000-0204',127,32,161,23),(128,'2000-0205',128,33,162,26),(129,'2000-0205',129,34,163,27),(130,'2000-0206',130,35,164,32),(131,'2000-0207',131,36,165,37),(132,'2000-0207',132,37,166,41),(133,'2000-0208',133,38,167,43),(134,'2000-0209',134,39,168,46),(135,'2000-0210',135,40,169,57),(136,'2000-0211',136,41,170,62),(137,'2000-0212',137,42,171,69),(138,'2000-0213',138,43,172,84),(139,'2000-0213',139,44,173,102),(140,'2000-0214',140,45,174,116),(141,'2000-0215',141,46,175,135),(142,'2000-0216',142,47,176,136),(143,'2000-0217',143,48,177,19),(144,'2000-0217',144,49,178,87),(145,'2000-0218',145,50,179,86),(146,'2000-0218',146,51,180,90),(147,'2000-0219',147,52,181,99),(148,'2000-0220',148,53,182,113),(149,'2000-0221',149,54,183,127),(150,'2000-0222',150,55,184,140),(151,'2000-0223',151,56,185,6),(152,'2000-0224',152,57,186,8),(153,'2000-0225',153,58,187,9),(154,'2000-0225',154,59,188,10),(155,'2000-0226',155,60,189,14),(156,'2000-0227',156,61,190,18),(157,'2000-0228',157,62,191,23),(158,'2000-0229',158,63,192,26),(159,'2000-0230',159,64,193,27),(160,'2000-0231',160,65,194,32),(161,'2000-0231',161,66,195,37),(162,'2000-0232',162,67,196,41),(163,'2000-0233',163,68,197,43),(164,'2000-0234',164,69,198,46),(165,'2000-0235',165,70,199,57),(166,'2000-0236',166,71,200,62),(167,'2000-0236',167,72,201,69),(168,'2000-0237',168,73,202,84),(169,'2000-0237',169,74,203,102),(170,'2000-0238',170,75,204,116),(171,'2000-0239',171,76,205,135),(172,'2000-0239',172,77,100,136),(173,'2000-0240',173,78,101,19),(174,'2000-0240',174,79,102,87),(175,'2000-0241',175,80,103,86),(176,'2000-0243',176,81,104,90),(177,'2000-0244',177,82,105,99),(178,'2000-0245',178,83,106,113),(179,'2000-0245',179,84,107,127),(180,'2000-0246',180,85,108,140),(181,'2000-0247',181,86,109,6),(182,'2000-0248',182,87,110,8),(183,'2000-0249',183,88,111,9),(184,'2000-0250',184,89,112,10),(185,'2000-0251',185,90,113,14),(186,'2000-0252',186,91,114,18),(187,'2000-0253',187,92,115,23),(188,'2000-0254',188,93,116,26),(189,'2000-0255',189,94,117,27),(190,'2000-0255',190,95,118,32),(191,'2000-0256',191,96,119,37),(192,'2000-0256',192,97,120,41),(193,'2000-0257',193,98,121,43),(194,'2000-0258',194,99,122,46),(195,'2000-0258',195,100,123,57),(196,'2000-0259',196,101,124,62),(197,'2001-0276',197,102,125,69),(198,'2001-0277',198,103,126,84),(199,'2001-0277',199,104,127,102),(200,'2001-0278',200,105,128,116),(201,'2001-0279',201,106,129,135),(202,'2001-0280',202,107,130,136),(203,'2001-0280',203,108,131,19),(204,'2001-0281',204,109,132,87),(205,'2001-0281',205,110,133,86),(206,'2001-0282',206,111,134,90),(207,'2001-0282',207,112,135,99),(208,'2001-0284',208,113,136,113),(209,'2001-0284',209,114,137,127),(210,'2001-0285',210,115,138,140),(211,'2001-0285',211,116,139,6),(212,'2001-0286',212,117,140,8),(213,'2001-0289',213,118,141,9),(214,'2001-0290',214,119,142,10),(215,'2001-0290',215,120,143,14),(216,'2001-0291',216,121,144,18),(217,'2001-0291',217,122,145,23),(218,'2001-0292',218,123,146,26),(219,'2001-0292',219,124,147,27),(220,'2001-0293',220,125,148,32),(221,'2001-0294',221,126,149,37),(222,'2001-0294',222,127,150,41),(223,'2001-0295',223,128,151,43),(224,'2001-0295',224,129,152,46),(225,'2001-0296',225,130,153,57),(226,'2001-0299',226,131,154,62),(227,'2001-0299',227,132,155,69),(228,'2001-0300',228,133,156,84),(229,'2001-0300',229,134,157,102),(230,'2001-0301',230,135,158,116),(231,'2001-0302',231,136,159,135),(232,'2001-0304',232,137,160,136),(233,'2001-0304',233,138,161,19),(234,'2001-0305',234,139,162,87),(235,'2001-0308',235,140,163,86),(236,'2001-0311',236,141,164,90),(237,'2001-0312',237,142,165,99),(238,'2001-0312',238,143,166,113),(239,'2001-0313',239,144,167,127),(240,'2001-0314',240,145,168,140),(241,'2001-0315',241,146,169,6),(242,'2001-0317',242,147,170,8),(243,'2001-0318',243,148,171,9),(244,'2001-0319',244,149,172,10),(245,'2001-0320',245,150,173,14),(246,'2001-0320',246,151,174,18),(247,'2001-0322',247,152,175,23),(248,'2001-0324',248,153,176,26),(249,'2001-0325',249,154,177,27),(250,'2001-0326',250,155,178,32),(251,'2001-0327',251,156,179,37),(252,'2001-0328',252,157,180,41),(253,'2001-0328',253,158,181,43),(254,'2001-0329',254,159,182,46),(255,'2001-0329',1,160,183,57),(256,'2001-0330',2,161,184,62),(257,'2001-0331',3,162,185,69),(258,'2001-0331',4,163,186,84),(259,'2001-0332',5,164,187,102),(260,'2001-0332',6,165,188,116),(261,'2001-0333',7,166,189,135),(262,'2001-0333',8,167,190,136),(263,'2001-0334',9,168,191,19),(264,'2001-0335',10,169,192,87),(265,'2001-0336',11,170,193,86),(266,'2001-0336',12,171,194,90),(267,'2001-0337',13,172,195,99),(268,'2001-0337',14,173,196,113),(269,'2001-0338',15,174,197,127),(270,'2001-0338',16,175,198,140),(271,'2001-0339',17,176,199,6),(272,'2001-0340',18,177,200,8),(273,'2001-0342',19,178,201,9),(274,'2001-0342',20,179,202,10),(275,'2001-0343',21,180,203,14),(276,'2001-0343',22,181,204,18),(277,'2001-0344',23,182,205,23),(278,'2001-0345',24,183,206,26),(279,'2001-0346',25,184,207,27),(280,'2001-0347',26,185,208,32),(281,'2001-0348',27,186,209,37),(282,'2001-0348',28,187,210,41),(283,'2001-0349',29,188,211,43),(284,'2001-0350',30,189,212,46),(285,'2001-0350',31,190,213,57),(286,'2001-0352',32,191,214,62),(287,'2001-0353',33,192,215,69),(288,'2001-0354',34,193,216,84),(289,'2001-0355',35,194,217,102),(290,'2001-0444',36,195,218,116),(291,'2001-0444',37,196,219,135),(292,'2001-0445',38,197,220,136),(293,'2001-0445',39,198,221,19),(294,'2001-0446',40,199,222,87),(295,'2001-0446',41,200,223,86),(296,'2001-0447',42,201,224,90),(297,'2001-0448',43,202,225,99),(298,'2001-0449',44,203,226,113),(299,'2001-0450',45,204,227,127),(300,'2001-0451',46,205,228,140),(301,'2001-0451',47,206,229,6),(302,'2001-0452',48,207,230,8),(303,'2001-0455',49,208,231,9),(304,'2001-0456',50,209,232,10),(305,'2001-0459',51,210,233,14),(306,'2001-0460',52,211,234,18),(307,'2001-0460',53,212,235,23),(308,'2001-0461',54,213,236,26),(309,'2001-06 b',55,214,237,27),(310,'2002-0356',56,215,238,32),(311,'2002-0357',57,216,239,37),(312,'2002-0358',58,217,240,41),(313,'2002-0358',59,218,241,43),(314,'2002-0359',60,219,242,46),(315,'2002-0360',61,220,243,57),(316,'2002-0361',62,221,244,62),(317,'2002-0362',63,222,245,69),(318,'2002-0363',64,223,246,84),(319,'2002-0364',65,224,247,102),(320,'2002-0366',66,225,248,116),(321,'2002-0367',67,226,249,135),(322,'2002-0367',68,227,250,136),(323,'2002-0368',69,228,251,19),(324,'2002-0369',70,229,252,87),(325,'2002-0370',71,230,253,86),(326,'2002-0371',72,231,254,90),(327,'2002-0372',73,232,38,99),(328,'2002-0373',74,233,39,113),(329,'2002-0374',75,234,40,127),(330,'2002-0374',76,235,41,140),(331,'2002-0375',77,236,42,6),(332,'2002-0375',78,237,43,8),(333,'2002-0376',79,238,44,9),(334,'2002-0376',80,239,45,10),(335,'2002-0377',81,240,46,14),(336,'2002-0378',82,241,47,18),(337,'2002-0379',83,242,48,23),(338,'2002-0380',84,243,49,26),(339,'2002-0381',85,244,50,27),(340,'2002-0382',86,245,51,32),(341,'2002-0383',87,246,52,37),(342,'2002-0384',88,247,53,41),(343,'2002-0385',89,248,54,43),(344,'2002-0386',90,249,55,46),(345,'2002-0387',91,250,56,57),(346,'2002-0389',92,251,57,62),(347,'2002-0390',93,252,58,69),(348,'2002-0391',94,253,59,84),(349,'2002-0392',95,254,60,102),(350,'2002-0393',96,1,61,116),(351,'2002-0394',97,2,62,135),(352,'2002-0395',98,3,63,136),(353,'2002-0396',99,4,64,19),(354,'2002-0397',100,5,65,87),(355,'2002-0398',101,6,66,86),(356,'2002-0401',102,7,67,90),(357,'2002-0402',103,8,68,99),(358,'2002-0403',104,9,69,113),(359,'2002-0404',105,10,70,127),(360,'2002-0405',106,11,71,140),(361,'2002-0406',107,12,72,6),(362,'2002-0407',108,13,73,8),(363,'2002-0408',109,14,74,9),(364,'2002-0409',110,15,75,10),(365,'2002-0410',111,16,76,14),(366,'2002-0411',112,17,77,18),(367,'2002-0412',113,18,78,23),(368,'2002-0413',114,19,79,26),(369,'2002-0413',115,20,80,27),(370,'2002-0414',116,21,81,32),(371,'2002-0415',117,22,82,37),(372,'2002-0416',118,23,83,41),(373,'2002-0417',119,24,84,43),(374,'2002-0418',120,25,85,46),(375,'2002-0419',121,26,86,57),(376,'2002-0420',122,27,87,62),(377,'2002-0421',123,28,88,69),(378,'2002-0422',124,29,89,84),(379,'2002-0423',125,30,90,102),(380,'2002-0424',126,31,91,116),(381,'2002-0426',127,32,92,135),(382,'2002-0427',128,33,93,136),(383,'2002-0428',129,34,94,19),(384,'2002-0429',130,35,95,87),(385,'2002-0430',131,36,96,86),(386,'2002-0431',132,37,97,90),(387,'2002-0432',133,38,98,99),(388,'2002-0433',134,39,99,113),(389,'2002-0434',135,40,100,127),(390,'2002-0435',136,41,101,140),(391,'2002-0436',137,42,102,6),(392,'2002-0438',138,43,103,8),(393,'2002-0439',139,44,104,9),(394,'2002-0439',140,45,105,10),(395,'2002-0440',141,46,106,14),(396,'2002-0441',142,47,107,18),(397,'2002-0441',143,48,108,23),(398,'2002-0442',144,49,109,26),(399,'2002-0443',145,50,110,27),(400,'2002-0443',146,51,111,32),(401,'2002-0445',147,52,112,37),(402,'2002-0446',148,53,113,41),(403,'2002-0449',149,54,114,43),(404,'2002-0450',150,55,115,46),(405,'2002-0451',151,56,116,57),(406,'2002-0453',152,57,117,62),(407,'2002-0457',153,58,118,69),(408,'2002-0461',154,59,119,84),(409,'2002-0463',155,60,120,102),(410,'2002-0464',156,61,121,116),(411,'2002-0465',157,62,122,135),(412,'2002-0466',158,63,123,136),(413,'2002-0467',159,64,124,19),(414,'2002-0470',160,65,125,87),(415,'2003-0124',161,66,126,86),(416,'2003-0473',162,67,127,90),(417,'2003-0480',163,68,128,99),(418,'2003-0480',164,69,129,113),(419,'2003-0481',165,70,130,127),(420,'2003-0482',166,71,131,140),(421,'2003-0482',167,72,132,6),(422,'2003-0483',168,73,133,8),(423,'2003-0483',169,74,134,9),(424,'2003-0484',170,75,135,10),(425,'2003-0484',171,76,136,14),(426,'2003-0485',172,77,137,18),(427,'2003-0485',173,78,138,23),(428,'2003-0486',174,79,139,26),(429,'2003-0487',175,80,140,27),(430,'2003-0487',176,81,141,32),(431,'2003-0488',177,82,142,37),(432,'2003-0489',178,83,143,41),(433,'2003-0489',179,84,144,43),(434,'2003-0490',180,85,145,46),(435,'2003-0492',181,86,146,57),(436,'2003-0492',182,87,147,62),(437,'2003-0493',183,88,148,69),(438,'2003-0493',184,89,149,84),(439,'2003-0494',185,90,150,102),(440,'2003-0495',186,91,151,116),(441,'2003-0497',187,92,152,135),(442,'2003-0498',188,93,153,136),(443,'2003-0498',189,94,154,19),(444,'2003-0500',190,95,155,87),(445,'2003-0500',191,96,156,86),(446,'2003-0501',192,97,157,90),(447,'2003-0501',193,98,158,99),(448,'2003-0502',194,99,159,113),(449,'2003-0502',195,100,160,127),(450,'2003-0503',196,101,161,140),(451,'2003-0503',197,102,162,6),(452,'2003-0505',198,103,163,8),(453,'2003-0507',199,104,164,9),(454,'2003-0508',200,105,165,10),(455,'2003-0510',201,106,166,14),(456,'2003-0511',202,107,167,18),(457,'2003-0511',203,108,168,23),(458,'2003-0512',204,109,169,26),(459,'2003-0513',205,110,170,27),(460,'2003-0513',206,111,171,32),(461,'2003-0514',207,112,172,37),(462,'2003-0515',208,113,173,41),(463,'2003-0516',209,114,174,43),(464,'2003-0516',210,115,175,46),(465,'2003-0517',211,116,176,57),(466,'2003-0517',212,117,177,62),(467,'2003-0518',213,118,178,69),(468,'2003-0519',214,119,179,84),(469,'2003-0519',215,120,180,102),(470,'2003-0520',216,121,181,116),(471,'2003-0521',217,122,182,135),(472,'2003-0522',218,123,183,136),(473,'2003-0524',219,124,184,19),(474,'2003-0525',220,125,185,87),(475,'2003-0525',221,126,186,86),(476,'2003-0527',222,127,187,90),(477,'2003-0527',223,128,188,99),(478,'2003-0530',224,129,189,113),(479,'2003-0530',225,130,190,127),(480,'2003-0531',226,131,191,140),(481,'2003-0532',227,132,192,6),(482,'2003-0532',228,133,193,8),(483,'2003-0533',229,134,194,9),(484,'2003-0533',230,135,195,10),(485,'2003-0537',231,136,196,14),(486,'2003-0539',232,137,197,18),(487,'2003-0539',233,138,198,23),(488,'2003-0541',234,139,199,26),(489,'2003-0541',235,140,200,27),(490,'2003-0542',236,141,201,32),(491,'2003-0543',237,142,202,37),(492,'2003-0543',238,143,203,41),(493,'2003-0544',239,144,204,43),(494,'2003-0545',240,145,205,46),(495,'2003-0545',241,146,206,57),(496,'2003-0546',242,147,207,62),(497,'2003-0549',243,148,208,69),(498,'2003-0549',244,149,209,84),(499,'2003-0551',245,150,210,102),(500,'2003-0552',246,151,211,116),(501,'2003-0552',247,152,212,135),(502,'2003-0554',248,153,213,136),(503,'2003-0554',249,154,214,19),(504,'2003-0555',250,155,215,87),(505,'2003-0557',251,156,216,86),(506,'2003-0557',252,157,200,90),(507,'2003-0558',253,158,201,99),(508,'2003-0558',254,159,202,113),(509,'2003-0560',1,160,203,127),(510,'2003-0560',2,161,204,140),(511,'2003-0561',3,162,205,6),(512,'2003-0562',4,163,206,8),(513,'2003-0562',5,164,207,9),(514,'2003-0563',6,165,208,10),(515,'2003-0564',7,166,209,14),(516,'2003-0565',8,167,210,18),(517,'2003-0566',9,168,211,23),(518,'2003-0566',10,169,212,26),(519,'2003-0567',11,170,213,27),(520,'2003-0567',12,171,214,32),(521,'2003-0568',13,172,215,37),(522,'2003-0569',14,173,216,41),(523,'2003-0569',15,174,217,43),(524,'2003-0571',16,175,218,46),(525,'2003-0572',17,176,219,57),(526,'2003-0572',18,177,220,62),(527,'2003-0573',19,178,221,69),(528,'2003-0573',20,179,222,84),(529,'2003-0576',21,180,223,102),(530,'2003-0576',22,181,224,116),(531,'2003-0577',23,182,225,135),(532,'2003-0577',24,183,226,136),(533,'2003-0578',25,184,227,19),(534,'2003-0586',26,185,228,87),(535,'2003-0588',27,186,229,86),(536,'2003-0589',28,187,230,90),(537,'2003-0589',29,188,231,99),(538,'2003-0591',30,189,232,113),(539,'2003-0592',31,190,233,127),(540,'2003-0593',32,191,234,140),(541,'2003-0593',33,192,235,6),(542,'2003-0594',34,193,236,8),(543,'2003-0594',35,194,237,9),(544,'2003-0595',36,195,238,10),(545,'2003-0596',37,196,239,14),(546,'2003-0596',38,197,240,18),(547,'2003-0598',39,198,241,23),(548,'2003-0598',40,199,242,26),(549,'2003-0599',41,200,243,27),(550,'2003-0599',42,201,244,32),(551,'2003-0603',43,202,245,37),(552,'2003-0603',44,203,246,41),(553,'2003-0604',45,204,247,43),(554,'2003-0606',46,205,248,46),(555,'2003-0606',47,206,249,57),(556,'2003-0607',48,207,250,62),(557,'2003-0607',49,208,251,69),(558,'2003-0608',50,209,100,84),(559,'2003-0609',51,210,101,102),(560,'2003-0611',52,211,102,116),(561,'2003-0612',53,212,103,135),(562,'2003-0612',54,213,104,136),(563,'2003-0614',55,214,105,19),(564,'2003-0615',56,215,106,87),(565,'2003-0616',57,216,107,86),(566,'2003-0616',58,217,108,90),(567,'2003-0617',59,218,109,99),(568,'2003-0619',60,219,110,113),(569,'2003-0620',61,220,111,127),(570,'2003-0621',62,221,112,140),(571,'2003-0621',63,222,113,6),(572,'2003-0622',64,223,114,8),(573,'2003-0622',65,224,115,9),(574,'2003-0624',66,225,116,10),(575,'2003-0624',67,226,117,14),(576,'2003-0625',68,227,118,18),(577,'2003-0625',69,228,119,23),(578,'2003-0626',70,229,120,26),(579,'2003-0627',71,230,121,27),(580,'2003-0629',72,231,122,32),(581,'2003-0629',73,232,123,37),(582,'2003-0630',74,233,124,41),(583,'2003-0630',75,234,125,43),(584,'2003-0631',76,235,126,46),(585,'2003-0631',77,236,127,57),(586,'2004-0633',78,237,128,62),(587,'2004-0633',79,238,129,69),(588,'2004-0635',80,239,130,84),(589,'2004-0635',81,240,131,102),(590,'2004-0636',82,241,132,116),(591,'2004-0637',83,242,133,135),(592,'2004-0637',84,243,134,136),(593,'2004-0638',85,244,135,19),(594,'2004-0638',86,245,136,87),(595,'2004-0639',87,246,137,86),(596,'2004-0639',88,247,138,90),(597,'2004-0640',89,248,139,99),(598,'2004-0640',90,249,140,113),(599,'2004-0641',91,250,141,127),(600,'2004-0641',92,251,142,140),(601,'2004-0642',93,252,143,6),(602,'2004-0642',94,253,144,8),(603,'2004-0643',95,254,145,9),(604,'2004-0643',96,1,146,10),(605,'2004-0644',97,2,147,14),(606,'2004-0644',98,3,148,18),(607,'2004-0645',99,4,149,23),(608,'2004-0645',100,5,65,26),(609,'2004-0646',101,6,66,27),(610,'2004-0646',102,7,67,32),(611,'2004-0647',103,8,68,37),(612,'2004-0647',104,9,69,41),(613,'2004-0649',105,10,70,43),(614,'2004-0649',106,11,71,46),(615,'2004-0650',107,12,72,57),(616,'2004-0650',108,13,73,62),(617,'2004-0652',109,14,74,69),(618,'2004-0652',110,15,75,84),(619,'2004-0653',111,16,76,102),(620,'2004-0653',112,17,77,116),(621,'2004-0654',113,18,78,135),(622,'2004-0654',114,19,79,136),(623,'2004-0655',115,20,80,19),(624,'2004-0656',116,21,81,87),(625,'2004-0656',117,22,82,86),(626,'2004-0657',118,23,83,90),(627,'2004-0658',119,24,84,99),(628,'2004-0659',120,25,85,113),(629,'2004-0659',121,26,86,127),(630,'2004-0660',122,27,87,140),(631,'2004-0660',123,28,88,6),(632,'2004-0661',124,29,89,8),(633,'2004-0661',125,30,90,9),(634,'2004-0662',126,31,91,10),(635,'2004-0662',127,32,92,14),(636,'2004-0664',128,33,93,18),(637,'2004-0664',129,34,94,23),(638,'2004-0665',130,35,95,26),(639,'2004-0666',131,36,96,27),(640,'2004-0666',132,37,97,32),(641,'2004-0667',133,38,98,37),(642,'2004-0668',134,39,99,41),(643,'2004-0669',135,40,100,43),(644,'2004-0669',136,41,101,46),(645,'2004-0671',137,42,102,57),(646,'2004-0671',138,43,103,62),(647,'2004-0672',139,44,104,69),(648,'2004-0672',140,45,105,84),(649,'2004-0673',141,46,106,102),(650,'2004-0673',142,47,107,116),(651,'2004-0674',143,48,108,135),(652,'2004-0674',144,49,109,136),(653,'2004-0675',145,50,110,19),(654,'2004-0675',146,51,111,87),(655,'2004-0676',147,52,112,86),(656,'2004-0677',148,53,113,90),(657,'2004-0677',149,54,114,99),(658,'2004-0678',150,55,115,113),(659,'2004-0679',151,56,116,127),(660,'2004-0680',152,57,117,140),(661,'2004-0680',153,58,118,6),(662,'2004-0681',154,59,119,8),(663,'2004-0681',155,60,120,9),(664,'2004-0682',156,61,121,10),(665,'2004-0682',157,62,122,14),(666,'2004-0683',158,63,123,18),(667,'2004-0683',159,64,124,23),(668,'2004-0684',160,65,125,26),(669,'2004-0685',161,66,126,27),(670,'2004-0685',162,67,127,32),(671,'2004-0686',163,68,128,37),(672,'2004-0687',164,69,129,41),(673,'2004-0687',165,70,130,43),(674,'2004-0688',166,71,131,46),(675,'2004-0688',167,72,132,57),(676,'2004-0689',168,73,133,62),(677,'2004-0689',169,74,134,69),(678,'2004-0690',170,75,135,84),(679,'2004-0690',171,76,172,102),(680,'2004-0691',172,77,173,116),(681,'2004-0691',173,78,174,135),(682,'2004-0692',174,79,175,136),(683,'2004-0693',175,80,176,19),(684,'2004-0693',176,81,177,87),(685,'2004-0694',177,82,178,86),(686,'2004-0695',178,83,179,90),(687,'2004-0696',179,84,180,99),(688,'2004-0696',180,85,181,113),(689,'2004-0697',181,86,182,127),(690,'2004-0697',182,87,183,140),(691,'2004-0698',183,88,184,6),(692,'2004-0698',184,89,185,8),(693,'2004-0699',185,90,186,9),(694,'2004-0699',186,91,187,10),(695,'2004-0700',187,92,188,14),(696,'2004-0700',188,93,189,18),(697,'2004-0701',189,94,190,23),(698,'2004-0701',190,95,191,26),(699,'2004-0702',191,96,192,27),(700,'2004-0703',192,97,193,32),(701,'2004-0703',193,98,194,37),(702,'2004-0704',194,99,195,41),(703,'2004-0704',195,100,196,43),(704,'2004-0705',196,101,197,46),(705,'2004-0705',197,102,198,57),(706,'2004-0706',198,103,199,62),(707,'2004-0706',199,104,200,69),(708,'2004-0707',200,105,201,84),(709,'2004-0707',201,106,202,102),(710,'2004-0708',202,107,203,116),(711,'2004-0709',203,108,204,135),(712,'2004-0710',204,109,205,136),(713,'2004-0710',205,110,206,19),(714,'2004-0711',206,111,207,87),(715,'2004-0712',207,112,208,86),(716,'2004-0712',208,113,209,90),(717,'2004-0713',209,114,210,99),(718,'2004-0713',210,115,211,113),(719,'2004-0714',211,116,212,127),(720,'2004-0714',212,117,213,140),(721,'2004-0715',213,118,214,6),(722,'2004-0716',214,119,215,8),(723,'2004-0717',215,120,216,9),(724,'2004-0717',216,121,217,10),(725,'2004-0718',217,122,218,14),(726,'2004-0719',218,123,219,18),(727,'2004-0719',219,124,220,23),(728,'2004-0720',220,125,221,26),(729,'2004-0720',221,126,222,27),(730,'2004-0721',222,127,223,32),(731,'2004-0722',223,128,224,37),(732,'2004-0722',224,129,225,41),(733,'2004-0723',225,130,226,43),(734,'2004-0723',226,131,227,46),(735,'2004-0724',227,132,228,57),(736,'2004-0724',228,133,229,62),(737,'2004-0725',229,134,230,69),(738,'2004-0726',230,135,231,84),(739,'2004-0726',231,136,232,102),(740,'2004-0727',232,137,233,116),(741,'2004-0727',233,138,234,135),(742,'2004-0728',234,139,235,136),(743,'2004-0729',235,140,236,19),(744,'2004-0730',236,141,237,87),(745,'2004-0731',237,142,238,86),(746,'2004-0731',238,143,239,90),(747,'2004-0732',239,144,240,99),(748,'2004-0732',240,145,241,113),(749,'2004-0733',241,146,242,127),(750,'2004-0734',242,147,243,140),(751,'2004-0734',243,148,16,6),(752,'2004-0735',244,149,17,8),(753,'2004-0735',245,150,18,9),(754,'2004-0736',246,151,19,10),(755,'2004-0736',247,152,20,14),(756,'2004-0737',248,153,21,18),(757,'2004-0738',249,154,22,23),(758,'2004-0738',250,155,23,26),(759,'2004-0739',251,156,24,27),(760,'2004-0739',252,157,25,32),(761,'2004-0740',253,158,26,37),(762,'2004-0740',254,159,27,41),(763,'2004-0741',1,160,28,43),(764,'2004-0742',2,161,29,46),(765,'2004-0743',3,162,30,57),(766,'2004-0743',4,163,31,62),(767,'2004-0744',5,164,32,69),(768,'2004-0744',6,165,33,84),(769,'2004-0745',7,166,34,102),(770,'2004-0745',8,167,35,116),(771,'2004-0746',9,168,36,135),(772,'2004-0746',10,169,37,136),(773,'2004-0747',11,170,38,19),(774,'2004-0747',12,171,39,87),(775,'2004-0748',13,172,40,86),(776,'2004-0748',14,173,41,90),(777,'2004-0749',15,174,42,99),(778,'2004-0749',16,175,43,113),(779,'2004-0750',17,176,44,127),(780,'2004-0750',18,177,45,140),(781,'2004-0752',19,178,46,6),(782,'2004-0753',20,179,47,8),(783,'2004-0753',21,180,48,9),(784,'2004-0754',22,181,49,10),(785,'2004-0754',23,182,50,14),(786,'2004-0756',24,183,51,18),(787,'2004-0756',25,184,52,23),(788,'2004-0757',26,185,53,26),(789,'2004-0757',27,186,54,27),(790,'2004-0758',28,187,55,32),(791,'2004-0759',29,188,56,37),(792,'2004-0759',30,189,80,41),(793,'2004-0760',31,190,81,43),(794,'2004-0760',32,191,82,46),(795,'2004-0761',33,192,83,57),(796,'2004-0761',34,193,84,62),(797,'2004-0762',35,194,85,69),(798,'2004-0762',36,195,86,84),(799,'2004-0763',37,196,87,102),(800,'2004-0763',38,197,88,116),(801,'2004-0764',39,198,89,135),(802,'2004-0764',40,199,90,136),(803,'2004-0765',41,200,91,19),(804,'2004-0766',42,201,92,87),(805,'2004-0766',43,202,93,86),(806,'2004-0767',44,203,94,90),(807,'2004-0767',45,204,95,99),(808,'2004-0768',46,205,96,113),(809,'2004-0768',47,206,97,127),(810,'2004-0769',48,207,98,140),(811,'2004-0769',49,208,99,6),(812,'2004-0770',50,209,100,8),(813,'2004-0771',51,210,101,9),(814,'2004-0772',52,211,102,10),(815,'2004-0772',53,212,103,14),(816,'2004-0773',54,213,104,18),(817,'2004-0773',55,214,105,23),(818,'2004-0774',56,215,106,26),(819,'2004-0774',57,216,107,27),(820,'2004-0775',58,217,108,32),(821,'2004-0775',59,218,109,37),(822,'2004-0776',60,219,110,41),(823,'2004-0778',61,220,111,43),(824,'2004-0779',62,221,112,46),(825,'2004-0779',63,222,113,57),(826,'2004-0780',64,223,114,62),(827,'2004-0780',65,224,115,69),(828,'2004-0784',66,225,116,84),(829,'2004-0785',67,226,117,102),(830,'2004-0785',68,227,118,116),(831,'2004-0786',69,228,119,135),(832,'2004-0786',70,229,120,136),(833,'2004-0787',71,230,121,19),(834,'2004-0787',72,231,122,87),(835,'2004-0788',73,232,123,86),(836,'2004-0788',74,233,124,90),(837,'2004-0790',75,234,125,99),(838,'2004-0791',76,235,126,113),(839,'2004-0792',77,236,127,127),(840,'2004-0794',78,237,128,140),(841,'2004-0794',79,238,129,6),(842,'2004-0796',80,239,130,8),(843,'2004-0796',81,240,131,9),(844,'2004-0797',82,241,132,10),(845,'2004-0798',83,242,133,14),(846,'2004-0799',84,243,134,18),(847,'2004-0800',85,244,135,23),(848,'2004-0800',86,245,136,26),(849,'2004-0801',87,246,137,27),(850,'2004-0802',88,247,1,32),(851,'2004-0803',89,248,2,37),(852,'2004-0804',90,249,3,41),(853,'2004-0805',91,250,4,43),(854,'2004-0805',92,251,5,46),(855,'2004-0806',93,252,6,57),(856,'2004-0807',94,253,7,62),(857,'2004-0807',95,254,8,69),(858,'2004-0808',96,1,9,84),(859,'2004-0809',97,2,10,102),(860,'2004-0809',98,3,11,116),(861,'2004-0810',99,4,12,135),(862,'2004-0810',100,5,13,136),(863,'2004-0811',101,6,14,19),(864,'2004-0811',102,7,15,87),(865,'2005-0815',103,8,16,86),(866,'2005-0815',104,9,17,90),(867,'2005-0816',105,10,18,99),(868,'2005-0816',106,11,19,113),(869,'2005-0817',107,12,20,127),(870,'2005-0817',108,13,21,140),(871,'2005-0818',109,14,22,6),(872,'2005-0819',110,15,23,8),(873,'2005-0819',111,16,24,9),(874,'2005-0820',112,17,25,10),(875,'2005-0821',113,18,26,14),(876,'2005-0821',114,19,27,18),(877,'2005-0822',115,20,28,23),(878,'2005-0822',116,21,29,26),(879,'2005-0823',117,22,30,27),(880,'2005-0823',118,23,31,32),(881,'2005-0824',119,24,32,37),(882,'2005-0824',120,25,33,41),(883,'2005-0825',121,26,34,43),(884,'2005-0825',122,27,35,46),(885,'2005-0826',123,28,36,57),(886,'2005-0827',124,29,37,62),(887,'2005-0827',125,30,38,69),(888,'2005-0828',126,31,39,84),(889,'2005-0828',127,32,40,102),(890,'2005-0829',128,33,41,116),(891,'2005-0831',129,34,42,135),(892,'2005-0831',130,35,43,136),(893,'2005-0832',131,36,44,19),(894,'2005-0833',132,37,45,87),(895,'2005-0834',133,38,46,86),(896,'2005-0835',134,39,47,90),(897,'2005-0835',135,40,48,99),(898,'2005-0836',136,41,49,113),(899,'2005-0837',137,42,50,127),(900,'2005-0838',138,43,51,140),(901,'2005-0838',139,44,52,6),(902,'2005-0839',140,45,53,8),(903,'2005-0839',141,46,54,9),(904,'2005-0840',142,47,55,10),(905,'2005-0840',143,48,56,14),(906,'2005-0841',144,49,57,18),(907,'2005-0843',145,50,58,23),(908,'2005-0843',146,51,59,26),(909,'2005-0844',147,52,60,27),(910,'2005-0844',148,53,61,32),(911,'2005-0845',149,54,62,37),(912,'2005-0845',150,55,63,41),(913,'2005-0846',151,56,64,43),(914,'2005-0846',152,57,100,46),(915,'2005-0847',153,58,101,57),(916,'2005-0847',154,59,102,62),(917,'2005-0849',155,60,103,69),(918,'2005-0849',156,61,104,84),(919,'2005-0850',157,62,105,102),(920,'2005-0851',158,63,106,116),(921,'2005-0853',159,64,107,135),(922,'2005-0853',160,65,108,136),(923,'2005-0854',161,66,109,19),(924,'2005-0855',162,67,110,87),(925,'2005-0855',163,68,111,86),(926,'2005-0856',164,69,112,90),(927,'2005-0856',165,70,113,99),(928,'2005-0857',166,71,114,113),(929,'2005-0857',167,72,115,127),(930,'2005-0858',168,73,116,140),(931,'2005-0858',169,74,117,6),(932,'2005-0859',170,75,118,8),(933,'2005-0859',171,76,119,9),(934,'2005-0860',172,77,120,10),(935,'2005-0860',173,78,121,14),(936,'2005-0861',174,79,122,18),(937,'2005-0861',175,80,123,23),(938,'2005-0862',176,81,124,26),(939,'2005-0862',177,82,125,27),(940,'2005-0863',178,83,126,32),(941,'2005-0863',179,84,127,37),(942,'2005-0864',180,85,128,41),(943,'2005-0864',181,86,129,43),(944,'2005-0865',182,87,130,46),(945,'2005-0865',183,88,131,57),(946,'2005-0866',184,89,132,62),(947,'2005-0866',185,90,133,69),(948,'2005-0867',186,91,134,84),(949,'2005-0867',187,92,135,102),(950,'2005-0868',188,93,136,116),(951,'2005-0869',189,94,137,135),(952,'2005-0870',190,95,138,136),(953,'2005-0870',191,96,139,19),(954,'2005-0871',192,97,140,87),(955,'2005-0872',193,98,141,86),(956,'2005-0873',194,99,142,90),(957,'2005-0873',195,100,143,99),(958,'2005-0874',196,101,144,113),(959,'2005-0875',197,102,145,127),(960,'2005-0875',198,103,146,140),(961,'2005-0876',199,104,147,6),(962,'2005-0876',200,105,148,8),(963,'2005-0877',201,106,149,9),(964,'2005-0877',202,107,150,10),(965,'2005-0878',203,108,151,14),(966,'2005-0878',204,109,25,18),(967,'2005-0879',205,110,26,23),(968,'2005-0879',206,111,27,26),(969,'2005-0880',207,112,28,27),(970,'2005-0880',208,113,29,32),(971,'2005-0882',209,114,30,37),(972,'2005-0882',210,115,31,41),(973,'2005-0883',211,116,32,43),(974,'2005-0883',212,117,33,46),(975,'2005-0885',213,118,34,57),(976,'2005-0885',214,119,35,62),(977,'2005-0886',215,120,36,69),(978,'2005-0886',216,121,37,84),(979,'2005-0888',217,122,38,102),(980,'2005-0889',218,123,39,116),(981,'2005-0889',219,124,40,135),(982,'2005-0890',220,125,41,136),(983,'2005-0890',221,126,42,19),(984,'2005-0891',222,127,43,87),(985,'2005-0891',223,128,44,86),(986,'2005-0892',224,129,45,90),(987,'2005-0892',225,130,46,99),(988,'2005-0893',226,131,47,113),(989,'2005-0894',227,132,48,127),(990,'2005-0894',228,133,49,140),(991,'2005-0896',229,134,50,6),(992,'2005-0896',230,135,51,8),(993,'2005-0897',231,136,52,9),(994,'2005-0897',232,137,53,10),(995,'2005-0898',233,138,54,14),(996,'2005-0898',234,139,55,18),(997,'2005-0899',235,140,56,23),(998,'2005-0899',236,141,57,26),(999,'2005-0901',237,142,58,27),(1000,'2005-0901',238,143,59,32),(1001,'2005-0902',239,144,60,37),(1002,'2005-0902',240,145,61,41),(1003,'2005-0903',241,146,62,43),(1004,'2005-0905',242,147,63,46),(1005,'2005-0905',243,148,64,57),(1006,'2005-0906',244,149,65,62),(1007,'2005-0906',245,150,66,69),(1008,'2005-0907',246,151,67,84),(1009,'2005-0907',247,152,68,102),(1010,'2005-0908',248,153,69,116),(1011,'2005-0909',249,154,70,135),(1012,'2005-0910',250,155,71,136),(1013,'2005-0910',251,156,72,19),(1014,'2005-0911',252,157,73,87),(1015,'2005-0911',253,158,74,86),(1016,'2005-0913',254,159,75,90),(1017,'2005-0914',1,160,76,99),(1018,'2005-0914',2,161,77,113),(1019,'2005-0916',3,162,78,127),(1020,'2005-0916',4,163,79,140),(1021,'2005-0917',5,164,80,6),(1022,'2005-0918',6,165,81,8),(1023,'2005-0918',7,166,82,9),(1024,'2005-0919',8,167,83,10),(1025,'2005-0919',9,168,84,14),(1026,'2005-0920',10,169,85,18),(1027,'2005-0920',11,170,86,23),(1028,'2005-0921',12,171,87,26),(1029,'2005-0921',13,172,88,27),(1030,'2005-0923',14,173,89,32),(1031,'2005-0923',15,174,90,37),(1032,'2005-0924',16,175,91,41),(1033,'2005-0924',17,176,92,43),(1034,'2005-0925',18,177,93,46),(1035,'2005-0925',19,178,94,57),(1036,'2005-0926',20,179,95,62),(1037,'2005-0927',21,180,96,69),(1038,'2005-0927',22,181,97,84),(1039,'2005-0928',23,182,98,102),(1040,'2005-0928',24,183,99,116),(1041,'2005-0930',25,184,100,135),(1042,'2005-0931',26,185,101,136),(1043,'2005-0931',27,186,102,19),(1044,'2005-0932',28,187,103,87),(1045,'2005-0933',29,188,104,86),(1046,'2005-0934',30,189,105,90),(1047,'2005-0934',31,190,106,99),(1048,'2005-0935',32,191,107,113),(1049,'2005-0935',33,192,108,127),(1050,'2005-0936',34,193,109,140),(1051,'2005-0937',35,194,110,6),(1052,'2005-0937',36,195,111,8),(1053,'2005-0938',37,196,112,9),(1054,'2005-0938',38,197,113,10),(1055,'2005-0939',39,198,114,14),(1056,'2005-0939',40,199,115,18),(1057,'2005-0940',41,200,116,23),(1058,'2005-0941',42,201,117,26),(1059,'2005-0942',43,202,118,27),(1060,'2005-0942',44,203,119,32),(1061,'2005-0943',45,204,120,37),(1062,'2005-0944',46,205,121,41),(1063,'2005-0945',47,206,122,43),(1064,'2005-0945',48,207,123,46),(1065,'2005-0946',49,208,124,57),(1066,'2005-0947',50,209,125,62),(1067,'2005-0947',51,210,126,69),(1068,'2005-0948',52,211,127,84),(1069,'2005-0948',53,212,128,102),(1070,'2005-0949',54,213,129,116),(1071,'2005-0950',55,214,130,135),(1072,'2005-0950',56,215,131,136),(1073,'2005-0951',57,216,132,19),(1074,'2005-0951',58,217,133,87),(1075,'2005-0952',59,218,134,86),(1076,'2005-0954',60,219,135,90),(1077,'2005-0954',61,220,136,99),(1078,'2005-0955',62,221,137,113),(1079,'2005-0955',63,222,138,127),(1080,'2005-0956',64,223,10,140),(1081,'2005-0957',65,224,11,6),(1082,'2005-0958',66,225,12,8),(1083,'2005-0959',67,226,13,9),(1084,'2005-0960',68,227,14,10),(1085,'2005-0960',69,228,15,14),(1086,'2005-0961',70,229,16,18),(1087,'2005-0961',71,230,17,23),(1088,'2005-0962',72,231,18,26),(1089,'2005-0962',73,232,19,27),(1090,'2005-0963',74,233,20,32),(1091,'2005-0964',75,234,21,37),(1092,'2005-0964',76,235,22,41),(1093,'2005-0965',77,236,23,43),(1094,'2005-0966',78,237,24,46),(1095,'2005-0967',79,238,25,57),(1096,'2005-0967',80,239,26,62),(1097,'2005-0968',81,240,27,69),(1098,'2005-0968',82,241,28,84),(1099,'2005-0970',83,242,29,102),(1100,'2005-0971',84,243,30,116),(1101,'2005-0971',85,244,31,135),(1102,'2005-0973',86,245,32,136),(1103,'2005-0974',87,246,33,19),(1104,'2005-0974',88,247,34,87),(1105,'2005-0975',89,248,35,86),(1106,'2005-0975',90,249,36,90),(1107,'2005-0977',91,250,37,99),(1108,'2005-0977',92,251,38,113),(1109,'2005-0979',93,252,39,127),(1110,'2005-0979',94,253,40,140),(1111,'2005-0980',95,254,41,6),(1112,'2005-0980',96,100,42,8),(1113,'2005-0982',97,101,43,9),(1114,'2005-0983',98,102,44,10),(1115,'2005-0984',99,103,45,14),(1116,'2005-0985',100,104,46,18),(1117,'2005-0985',101,105,47,23),(1118,'2005-0986',102,106,48,26),(1119,'2005-0988',103,107,49,27),(1120,'2005-0989',104,108,50,32),(1121,'2005-0989',105,109,51,37),(1122,'2005-0990',106,110,52,41),(1123,'2005-0990',107,111,53,43),(1124,'2005-0995',108,112,54,46),(1125,'2005-0997',109,113,55,57),(1126,'2005-0997',110,114,56,62),(1127,'2005-0998',111,115,57,69),(1128,'2005-0999',112,116,58,84),(1129,'2005-1000',113,117,59,102),(1130,'2005-1000',114,118,60,116),(1131,'2006-0001',115,119,61,135),(1132,'2006-0001',116,120,62,136),(1133,'2006-0002',117,121,63,19),(1134,'2006-0002',118,122,64,87),(1135,'2006-0003',119,123,65,86),(1136,'2006-0004',120,124,200,90),(1137,'2006-0004',121,125,201,99),(1138,'2006-0005',122,126,202,113),(1139,'2006-0005',123,127,203,127),(1140,'2006-0006',124,128,204,140),(1141,'2006-0006',125,129,205,6),(1142,'2006-0007',126,130,206,8),(1143,'2006-0008',127,131,207,9),(1144,'2006-0008',128,132,208,10),(1145,'2006-0009',129,133,209,14),(1146,'2006-0009',130,134,210,18),(1147,'2006-0010',131,135,211,23),(1148,'2006-0010',132,136,212,26),(1149,'2006-0011',133,137,213,27),(1150,'2006-0011',134,138,214,32),(1151,'2006-0012',135,139,215,37),(1152,'2006-0013',136,140,216,41),(1153,'2006-0014',137,141,217,43),(1154,'2006-0014',138,142,218,46),(1155,'2006-0015',139,143,219,57),(1156,'2006-0016',140,144,220,62),(1157,'2006-0016',141,145,221,69),(1158,'2006-0017',142,146,222,84),(1159,'2006-0017',143,147,223,102),(1160,'2006-0018',144,148,224,116),(1161,'2006-0019',145,149,225,135),(1162,'2006-0020',146,150,226,136),(1163,'2006-0020',147,151,227,19),(1164,'2006-0021',148,152,228,87),(1165,'2006-0022',149,153,229,86),(1166,'2006-0023',150,154,230,90),(1167,'2006-0023',151,155,231,99),(1168,'2006-0024',152,156,232,113),(1169,'2006-0024',153,157,233,127),(1170,'2006-0025',154,158,234,140),(1171,'2006-0026',155,159,235,6),(1172,'2006-0027',156,160,236,8),(1173,'2006-0027',157,161,237,9),(1174,'2006-0028',158,162,238,10),(1175,'2006-0028',159,163,239,14),(1176,'2006-0029',160,164,240,18),(1177,'2006-0029',161,165,241,23),(1178,'2006-0030',162,166,242,26),(1179,'2006-0030',163,167,243,27),(1180,'2006-0031',164,168,244,32),(1181,'2006-0032',165,169,245,37),(1182,'2006-0033',166,170,246,41),(1183,'2006-0033',167,171,247,43),(1184,'2006-0034',168,172,248,46),(1185,'2006-0034',169,173,249,57),(1186,'2006-0035',170,174,250,62),(1187,'2006-0035',171,175,251,69),(1188,'2006-0036',172,176,252,84),(1189,'2006-0036',173,177,253,102),(1190,'2006-0037',174,178,254,116),(1191,'2006-0037',175,179,1,135),(1192,'2006-0038',176,180,2,136),(1193,'2006-0038',177,181,3,19),(1194,'2006-0039',178,182,4,87),(1195,'2006-0039',179,183,5,86),(1196,'2006-0040',180,184,6,90),(1197,'2006-0041',181,185,7,99),(1198,'2006-0041',182,186,8,113),(1199,'2006-0042',183,187,9,127),(1200,'2006-0043',184,188,10,140),(1201,'2006-0044',185,189,11,6),(1202,'2006-0044',186,190,12,8),(1203,'2006-0045',187,191,13,9),(1204,'2006-0045',188,192,14,10),(1205,'2006-0046',189,193,15,14),(1206,'2006-0046',190,194,16,18),(1207,'2006-0047',191,195,17,23),(1208,'2006-0047',192,196,18,26),(1209,'2006-0048',193,197,19,27),(1210,'2006-0049',194,198,20,32),(1211,'2006-0050',195,199,21,37),(1212,'2006-0050',196,200,22,41),(1213,'2006-0051',197,201,23,43),(1214,'2006-0052',198,202,24,46),(1215,'2006-0053',199,203,25,57),(1216,'2006-0054',200,204,26,62),(1217,'2006-0054',201,205,27,69),(1218,'2006-0055',202,206,28,84),(1219,'2006-0055',203,207,29,102),(1220,'2006-0056',204,208,30,116),(1221,'2006-0056',205,209,31,135),(1222,'2006-0057',206,210,32,136),(1223,'2006-0058',207,211,33,19),(1224,'2006-0059',208,212,34,87),(1225,'2006-0059',209,213,35,86),(1226,'2006-0059',210,214,36,90),(1227,'2006-0060',211,215,37,99),(1228,'2006-0061',212,216,38,113),(1229,'2006-0061',213,217,39,127),(1230,'2006-0062',214,218,40,140),(1231,'2006-0062',215,219,41,6),(1232,'2006-0063',216,220,42,8),(1233,'2006-0063',217,221,43,9),(1234,'2006-0064',218,222,44,10),(1235,'2006-0064',219,223,45,14),(1236,'2006-0065',220,224,46,18),(1237,'2006-0065',221,225,47,23),(1238,'2006-0066',222,226,48,26),(1239,'2006-0066',223,227,49,27),(1240,'2006-0067',224,228,50,32),(1241,'2006-0067',225,229,51,37),(1242,'2006-0068',226,230,52,41),(1243,'2006-0068',227,231,53,43),(1244,'2006-0069',228,232,54,46),(1245,'2006-0069',229,233,55,57),(1246,'2006-0070',230,234,56,62),(1247,'2006-0070',231,235,57,69),(1248,'2006-0071',232,236,58,84),(1249,'2006-0072',233,237,59,102),(1250,'2006-0072',234,238,60,116),(1251,'2006-0073',235,239,61,135),(1252,'2006-0073',236,240,62,136),(1253,'2006-0074',237,241,63,19),(1254,'2006-0074',238,242,64,87),(1255,'2006-0075',239,243,65,86),(1256,'2006-0075',240,244,66,90),(1257,'2006-0076',241,245,67,99),(1258,'2006-0076',242,246,68,113),(1259,'2006-0077',243,247,69,127),(1260,'2006-0077',244,248,70,140),(1261,'2006-0078',245,249,71,6),(1262,'2006-0078',246,250,1,8),(1263,'2006-0079',247,251,2,9),(1264,'2006-0080',248,252,3,10),(1265,'2006-0081',249,253,4,14),(1266,'2006-0082',250,254,5,18),(1267,'2006-0082',251,1,6,23),(1268,'2006-0083',252,2,7,26),(1269,'2006-0083',253,3,8,27),(1270,'2006-0084',254,4,9,32),(1271,'2006-0084',1,5,10,37),(1272,'2006-0085',2,6,11,41),(1273,'2006-0085',3,7,12,43),(1274,'2006-0086',4,8,13,46),(1275,'2006-0086',5,9,14,57),(1276,'2006-0087',6,10,15,62),(1277,'2006-0088',7,11,16,69),(1278,'2006-0088',8,12,17,84),(1279,'2006-0089',9,13,18,102),(1280,'2006-0089',10,14,19,116),(1281,'2006-0090',11,15,20,135),(1282,'2006-0090',12,16,21,136),(1283,'2006-0091',13,17,22,19),(1284,'2006-0091',14,18,23,87),(1285,'2006-0092',15,19,24,86),(1286,'2006-0092',16,20,25,90),(1287,'2006-0093',17,21,26,99),(1288,'2006-0093',18,22,27,113),(1289,'2006-0094',19,23,28,127),(1290,'2006-0094',20,24,29,140),(1291,'2006-0095',21,25,30,6),(1292,'2006-0095',22,26,31,8),(1293,'2006-0096',23,27,32,9),(1294,'2006-0096',24,28,33,10),(1295,'2006-0097',25,29,34,14),(1296,'2006-0097',26,30,35,18),(1297,'2006-0098',27,31,36,23),(1298,'2006-0099',28,32,37,26),(1299,'2006-0099',29,33,38,27),(1300,'2006-0100',30,34,39,32),(1301,'2006-0101',31,35,40,37),(1302,'2006-0101',32,36,41,41),(1303,'2006-0102',33,37,42,43),(1304,'2006-0103',34,38,43,46),(1305,'2006-0103',35,39,44,57),(1306,'2006-0104',36,40,45,62),(1307,'2006-0105',37,41,46,69),(1308,'2006-0105',38,42,47,84),(1309,'2006-0106',39,43,48,102),(1310,'2006-0107',40,44,49,116),(1311,'2006-0107',41,45,50,135),(1312,'2006-0108',42,46,51,136),(1313,'2006-0109',43,47,52,19),(1314,'2006-0109',44,48,53,87),(1315,'2006-0110',45,49,54,86),(1316,'2006-0110',46,50,55,90),(1317,'2006-0111',47,51,56,99),(1318,'2006-0111',48,52,57,113),(1319,'2006-0112',49,53,58,127),(1320,'2006-0112',50,54,59,140),(1321,'2006-0113',51,55,60,6),(1322,'2006-0113',52,56,61,8),(1323,'2006-0114',53,57,62,9),(1324,'2006-0114',54,58,63,10),(1325,'2006-0115',55,59,64,14),(1326,'2006-0116',56,60,65,18),(1327,'2006-0116',57,61,66,23),(1328,'2006-0118',58,62,67,26),(1329,'2006-0118',59,63,68,27),(1330,'2006-0119',60,64,69,32),(1331,'2006-0119',61,65,70,37),(1332,'2006-0120',62,66,71,41),(1333,'2006-0121',63,67,72,43),(1334,'2006-0121',64,68,73,46),(1335,'2006-0122',65,69,74,57),(1336,'2006-0122',66,70,75,62),(1337,'2006-0123',67,71,76,69),(1338,'2006-0123',68,72,77,84),(1339,'2006-0124',69,73,78,102),(1340,'2006-0124',70,74,79,116),(1341,'2006-0125',71,75,80,135),(1342,'2006-0125',72,76,150,136),(1343,'2006-0126',73,77,151,19),(1344,'2006-0126',74,78,152,87),(1345,'2006-0127',75,79,153,86),(1346,'2006-0127',76,80,154,90),(1347,'2006-0128',77,81,155,99),(1348,'2006-0128',78,82,156,113),(1349,'2006-0129',79,83,157,127),(1350,'2006-0129',80,84,158,140),(1351,'2006-0130',81,85,159,6),(1352,'2006-0130',82,86,160,8),(1353,'2006-0131',83,87,161,9),(1354,'2006-0131',84,88,162,10),(1355,'2006-0132',85,89,163,14),(1356,'2006-0132',86,90,164,18),(1357,'2006-0133',87,91,165,23),(1358,'2006-0133',88,92,166,26),(1359,'2006-0134',89,93,167,27),(1360,'2006-0134',90,94,168,32),(1361,'2006-0135',91,95,169,37),(1362,'2006-0135',92,96,170,41),(1363,'2006-0136',93,97,171,43),(1364,'2006-0136',94,98,172,46),(1365,'2006-0137',95,99,173,57),(1366,'2006-0137',96,100,174,62),(1367,'2006-0138',97,101,175,69),(1368,'2006-0138',98,102,176,84),(1369,'2006-0139',99,103,177,102),(1370,'2006-0140',100,104,178,116),(1371,'2006-0140',101,105,179,135),(1372,'2006-0142',102,106,180,136),(1373,'2006-0143',103,107,181,19),(1374,'2006-0143',104,108,182,87),(1375,'2006-0145',105,109,183,86),(1376,'2006-0145',106,110,184,90),(1377,'2006-0146',107,111,185,99),(1378,'2006-0146',108,112,186,113),(1379,'2006-0147',109,113,187,127),(1380,'2006-0147',110,114,188,140),(1381,'2006-0148',111,115,189,6),(1382,'2006-0148',112,116,190,8),(1383,'2006-0149',113,117,191,9),(1384,'2006-0150',114,118,192,10),(1385,'2006-0150',115,119,193,14),(1386,'2006-0151',116,120,194,18),(1387,'2006-0152',117,121,195,23),(1388,'2006-0152',118,122,196,26),(1389,'2006-0155',119,123,197,27),(1390,'2006-0155',120,124,198,32),(1391,'2006-0157',121,125,199,37),(1392,'2006-0157',122,126,200,41),(1393,'2006-0159',123,127,201,43),(1394,'2006-0160',124,128,202,46),(1395,'2006-0160',125,129,203,57),(1396,'2006-0162',126,130,204,62),(1397,'2006-0162',127,131,1,69),(1398,'2007-0001',128,132,2,84),(1399,'2007-0002',129,133,3,102),(1400,'2007-0002',130,134,4,116),(1401,'2007-0003',131,135,5,135),(1402,'2007-0004',132,136,6,136),(1403,'2007-0005',133,137,7,19),(1404,'2007-0005',134,138,8,87),(1405,'2007-0006',135,139,9,86),(1406,'2007-0007',136,140,10,90),(1407,'2007-0007',137,141,11,99),(1408,'2007-0008',138,142,12,113),(1409,'2007-0009',139,143,13,127),(1410,'2007-0010',140,144,14,140),(1411,'2007-0011',141,145,15,6),(1412,'2007-0011',142,146,16,8),(1413,'2007-0012',143,147,17,9),(1414,'2007-0012',144,148,18,10),(1415,'2007-0013',145,149,19,14),(1416,'2007-0014',146,150,20,18),(1417,'2007-0014',147,151,21,23),(1418,'2007-0015',148,152,22,26),(1419,'2007-0016',149,153,23,27),(1420,'2007-0016',150,154,24,32),(1421,'2007-0017',151,155,25,37),(1422,'2007-0017',152,156,26,41),(1423,'2007-0018',153,157,27,43),(1424,'2007-0018',154,158,28,46),(1425,'2007-0019',155,159,29,57),(1426,'2007-0019',156,160,30,62),(1427,'2007-0020',157,161,31,69),(1428,'2007-0020',158,162,32,84),(1429,'2007-0021',159,163,33,102),(1430,'2007-0021',160,164,34,116),(1431,'2007-0022',161,165,35,135),(1432,'2007-0022',162,166,36,136),(1433,'2007-0023',163,167,37,19),(1434,'2007-0023',164,168,38,87),(1435,'2007-0024',165,169,39,86),(1436,'2007-0025',166,170,40,90),(1437,'2007-0025',167,171,41,99),(1438,'2007-0026',168,172,42,113),(1439,'2007-0027',169,173,80,127),(1440,'2007-0027',170,174,81,140),(1441,'2007-0028',171,175,82,6),(1442,'2007-0028',172,176,83,8),(1443,'2007-0030',173,177,84,9),(1444,'2007-0030',174,178,85,10),(1445,'2007-0031',175,179,86,14),(1446,'2007-0031',176,180,87,18),(1447,'2007-0032',177,181,88,23),(1448,'2007-0033',178,182,89,26),(1449,'2007-0033',179,183,90,27),(1450,'2007-0034',180,184,91,32),(1451,'2007-0034',181,185,92,37),(1452,'2007-0035',182,186,93,41),(1453,'2007-0036',183,187,94,43),(1454,'2007-0036',184,188,95,46),(1455,'2007-0037',185,189,96,57),(1456,'2007-0038',186,190,97,62),(1457,'2007-0038',187,191,98,69),(1458,'2007-0039',188,192,99,84),(1459,'2007-0040',189,193,100,102),(1460,'2007-0040',190,194,101,116),(1461,'2007-0041',191,195,102,135),(1462,'2007-0041',192,196,103,136),(1463,'2007-0042',193,197,104,19),(1464,'2007-0044',194,198,105,87),(1465,'2007-0044',195,199,106,86),(1466,'2007-0045',196,200,107,90),(1467,'2007-0045',197,201,108,99),(1468,'2007-0046',198,202,109,113),(1469,'2007-0046',199,203,110,127),(1470,'2007-0047',200,204,111,140),(1471,'2007-0047',201,205,112,6),(1472,'2007-0048',202,206,113,8),(1473,'2007-0049',203,207,114,9),(1474,'2007-0049',204,208,115,10),(1475,'2007-0050',205,209,116,14),(1476,'2007-0050',206,210,117,18),(1477,'2007-0051',207,211,118,23),(1478,'2007-0051',208,212,119,26),(1479,'2007-0052',209,213,120,27),(1480,'2007-0052',210,214,121,32),(1481,'2007-0053',211,215,122,37),(1482,'2007-0053',212,216,123,41),(1483,'2007-0054',213,217,124,43),(1484,'2007-0054',214,218,125,46),(1485,'2007-0055',215,219,126,57),(1486,'2007-0055',216,220,127,62),(1487,'2007-0056',217,221,128,69),(1488,'2007-0056',218,222,129,84),(1489,'2007-0057',219,223,130,102),(1490,'2007-0057',220,224,1,116),(1491,'2007-0058',221,225,2,135),(1492,'2007-0059',222,226,3,136),(1493,'2007-0059',223,227,4,19),(1494,'2007-0060',224,228,5,87),(1495,'2007-0061',225,229,6,86),(1496,'2007-0062',226,230,7,90),(1497,'2007-0063',227,231,8,99),(1498,'2007-0063',228,232,9,113),(1499,'2007-0064',229,233,10,127),(1500,'2007-0064',230,234,11,140),(1501,'2007-0065',231,235,12,6),(1502,'2007-0065',232,236,13,8),(1503,'2007-0066',233,237,14,9),(1504,'2007-0067',234,238,15,10),(1505,'2007-0067',235,239,16,14),(1506,'2007-0068',236,240,17,18),(1507,'2007-0068',237,241,18,23),(1508,'2007-0069',238,242,19,26),(1509,'2007-0069',239,243,20,27),(1510,'2007-0070',240,244,21,32),(1511,'2007-0070',241,245,22,37),(1512,'2007-0071',242,246,23,41),(1513,'2007-0071',243,247,24,43),(1514,'2007-0072',244,248,25,46),(1515,'2007-0072',245,249,26,57),(1516,'2007-0073',246,250,27,62),(1517,'2007-0073',247,251,28,69),(1518,'2007-0074',248,252,29,84),(1519,'2007-0074',249,253,30,102),(1520,'2007-0075',250,254,31,116),(1521,'2007-0075',251,200,32,135),(1522,'2007-0076',252,201,33,136),(1523,'2007-0076',253,202,34,19),(1524,'2007-0077',254,203,35,87),(1525,'2007-0078',1,204,36,86),(1526,'2007-0078',2,205,37,90),(1527,'2007-0080',3,206,38,99),(1528,'2007-0081',4,207,39,113),(1529,'2007-0081',5,208,40,127),(1530,'2007-0082',6,209,41,140),(1531,'2007-0083',7,210,42,6),(1532,'2007-0083',8,211,43,8),(1533,'2007-0084',9,212,44,9),(1534,'2007-0085',10,213,45,10),(1535,'2007-0085',11,214,46,14),(1536,'2007-0086',12,215,47,18),(1537,'2007-0086',13,216,48,23),(1538,'2007-0087',14,217,49,26),(1539,'2007-0087',15,218,50,27),(1540,'2007-0088',16,219,51,32),(1541,'2007-0089',17,220,52,37),(1542,'2007-0089',18,221,53,41),(1543,'2007-0090',19,222,54,43),(1544,'2007-0090',20,223,55,46),(1545,'2007-0091',21,224,56,57),(1546,'2007-0091',22,225,57,62),(1547,'2007-0092',23,226,58,69),(1548,'2007-0092',24,227,59,84),(1549,'2007-0094',25,228,60,102),(1550,'2007-0094',26,229,61,116),(1551,'2007-0095',27,230,62,135),(1552,'2007-0096',28,231,63,136),(1553,'2007-0096',29,232,1,19),(1554,'2007-0097',30,233,2,87),(1555,'2007-0098',31,234,3,86),(1556,'2007-0098',32,235,4,90),(1557,'2007-0099',33,236,5,99),(1558,'2007-0099',34,237,6,113),(1559,'2007-0100',35,238,7,127),(1560,'2007-0100',36,239,8,140),(1561,'2007-0102',37,240,9,6),(1562,'2007-0102',38,241,10,8),(1563,'2007-0103',39,242,11,9),(1564,'2007-0104',40,243,12,10),(1565,'2007-0104',41,244,13,14),(1566,'2007-0105',42,245,14,18),(1567,'2007-0105',43,246,15,23),(1568,'2007-0106',44,247,16,26),(1569,'2007-0106',45,248,17,27),(1570,'2007-0107',46,249,18,32),(1571,'2007-0107',47,250,19,37),(1572,'2007-0108',48,251,20,41),(1573,'2007-0108',49,252,21,43),(1574,'2007-0109',50,253,22,46),(1575,'2007-0109',51,254,23,57),(1576,'2007-0110',52,100,24,62),(1577,'2007-0110',53,101,25,69),(1578,'2007-0112',54,102,26,84),(1579,'2007-0112',55,103,27,102),(1580,'2007-0113',56,104,28,116),(1581,'2007-0114',57,105,29,135),(1582,'2007-0114',58,106,30,136),(1583,'2007-0115',59,107,31,19),(1584,'2007-0115',60,108,32,87),(1585,'2007-0116',61,109,33,86),(1586,'2007-0116',62,110,34,90),(1587,'2007-0118',63,111,35,99),(1588,'2007-0119',64,112,36,113),(1589,'2007-0119',65,113,37,127),(1590,'2007-0120',66,114,38,140),(1591,'2007-0121',67,115,39,6),(1592,'2007-0122',68,116,40,8),(1593,'2007-0127',69,117,41,9),(1594,'2007-0128',70,118,42,10),(1595,'2007-0128',71,119,43,14),(1596,'2007-0131',72,120,44,18),(1597,'2007-0132',73,121,45,23),(1598,'2007-0134',74,122,46,26),(1599,'2007-0134',75,123,47,27),(1600,'2007-0135',76,124,48,32),(1601,'2007-0135',77,125,49,37),(1602,'2007-0140',78,126,50,41),(1603,'2007-0140',79,127,51,43),(1604,'2007-0142',80,128,52,46),(1605,'2007-0142',81,129,53,57),(1606,'2007-0144',82,130,54,62),(1607,'2007-0149',83,131,55,69),(1608,'2007-0149',84,132,56,84),(1609,'2007-0150',85,133,57,102),(1610,'2007-0150',86,134,58,116),(1611,'2007-0152',87,135,59,135),(1612,'2007-0152',88,136,60,136),(1613,'2007-0153',89,137,61,19),(1614,'2007-0153',90,138,62,87),(1615,'2007-0155',91,139,63,86),(1616,'2007-0155',92,140,64,90),(1617,'2008-0001',93,141,65,99),(1618,'2008-0001',94,142,66,113),(1619,'2008-0002',95,143,67,127),(1620,'2008-0003',96,144,68,140),(1621,'2008-0003',97,145,69,6),(1622,'2008-0004',98,146,70,8),(1623,'2008-0004',99,147,71,9),(1624,'2008-0005',100,148,72,10),(1625,'2008-0006',101,149,73,14),(1626,'2008-0006',102,150,74,18),(1627,'2008-0007',103,151,75,23),(1628,'2008-0007',104,152,76,26),(1629,'2008-0008',105,153,77,27),(1630,'2008-0008',106,154,78,32),(1631,'2008-0009',107,155,79,37),(1632,'2008-0010',108,156,80,41),(1633,'2008-0010',109,157,81,43),(1634,'2008-0011',110,158,82,46),(1635,'2008-0011',111,159,83,57),(1636,'2008-0012',112,160,84,62),(1637,'2008-0013',113,161,85,69),(1638,'2008-0013',114,162,86,84),(1639,'2008-0014',115,163,87,102),(1640,'2008-0014',116,164,88,116),(1641,'2008-0015',117,165,89,135),(1642,'2008-0015',118,166,90,136),(1643,'2008-0016',119,167,91,19),(1644,'2008-0016',120,168,92,87),(1645,'2008-0017',121,169,93,86),(1646,'2008-0017',122,170,94,90),(1647,'2008-0018',123,171,95,99),(1648,'2008-0018',124,172,96,113),(1649,'2008-0019',125,173,97,127),(1650,'2008-0019',126,174,98,140),(1651,'2008-0020',127,175,99,6),(1652,'2008-0021',128,176,100,8),(1653,'2008-0021',129,177,101,9),(1654,'2008-0022',130,178,102,10),(1655,'2008-0022',131,179,103,14),(1656,'2008-0023',132,180,104,18),(1657,'2008-0024',133,181,105,23),(1658,'2008-0024',134,182,106,26),(1659,'2008-0025',135,183,107,27),(1660,'2008-0025',136,184,108,32),(1661,'2008-0026',137,185,109,37),(1662,'2008-0026',138,186,110,41),(1663,'2008-0028',139,187,111,43),(1664,'2008-0029',140,188,112,46),(1665,'2008-0029',141,189,113,57),(1666,'2008-0030',142,190,114,62),(1667,'2008-0030',143,191,115,69),(1668,'2008-0031',144,192,116,84),(1669,'2008-0032',145,193,117,102),(1670,'2008-0033',146,194,118,116),(1671,'2008-0033',147,195,119,135),(1672,'2008-0034',148,196,120,136),(1673,'2008-0034',149,197,121,19),(1674,'2008-0035',150,198,122,87),(1675,'2008-0036',151,199,123,86),(1676,'2008-0036',152,200,124,90),(1677,'2008-0037',153,201,125,99),(1678,'2008-0037',154,202,126,113),(1679,'2008-0038',155,203,127,127),(1680,'2008-0038',156,204,128,140),(1681,'2008-0039',157,205,129,6),(1682,'2008-0039',158,206,130,8),(1683,'2008-0040',159,207,131,9),(1684,'2008-0040',160,208,132,10),(1685,'2008-0041',161,209,133,14),(1686,'2008-0042',162,210,134,18),(1687,'2008-0042',163,211,135,23),(1688,'2008-0043',164,212,136,26),(1689,'2008-0043',165,213,137,27),(1690,'2008-0044',166,214,138,32),(1691,'2008-0044',167,215,139,37),(1692,'2008-0045',168,216,140,41),(1693,'2008-0045',169,217,141,43),(1694,'2008-0046',170,218,142,46),(1695,'2008-0047',171,219,143,57),(1696,'2008-0048',172,220,144,62),(1697,'2008-0049',173,221,145,69),(1698,'2008-0049',174,222,146,84),(1699,'2008-0050',175,223,147,102),(1700,'2008-0051',176,224,148,116),(1701,'2008-0051',177,225,149,135),(1702,'2008-0052',178,226,150,136),(1703,'2008-0053',179,227,151,19),(1704,'2008-0054',180,228,152,87),(1705,'2008-0054',181,229,153,86),(1706,'2008-0055',182,230,154,90),(1707,'2008-0055',183,231,155,99),(1708,'2008-0056',184,232,156,113),(1709,'2008-0056',185,233,157,127),(1710,'2008-0057',186,234,158,140),(1711,'2008-0057',187,235,200,6),(1712,'2008-0058',188,236,201,8),(1713,'2008-0058',189,237,202,9),(1714,'2008-0059',190,238,203,10),(1715,'2008-0059',191,239,204,14),(1716,'2008-0060',192,240,205,18),(1717,'2008-0061',193,241,206,23),(1718,'2008-0062',194,242,207,26),(1719,'2008-0062',195,243,208,27),(1720,'2008-0063',196,244,209,32),(1721,'2008-0063',197,245,210,37),(1722,'2008-0064',198,246,211,41),(1723,'2008-0064',199,247,212,43),(1724,'2008-0065',200,248,213,46),(1725,'2008-0066',201,249,214,57),(1726,'2008-0066',202,250,215,62),(1727,'2008-0067',203,251,216,69),(1728,'2008-0067',204,252,217,84),(1729,'2008-0068',205,253,218,102),(1730,'2008-0069',206,254,219,116),(1731,'2008-0069',207,1,220,135),(1732,'2008-0070',208,2,221,136),(1733,'2008-0071',209,3,222,19),(1734,'2008-0071',210,4,223,87),(1735,'2008-0072',211,5,224,86),(1736,'2008-0072',212,6,225,90),(1737,'2008-0073',213,7,226,99),(1738,'2008-0073',214,8,227,113),(1739,'2008-0074',215,9,228,127),(1740,'2008-0074',216,10,229,140),(1741,'2008-0075',217,11,230,6),(1742,'2008-0075',218,12,231,8),(1743,'2008-0076',219,13,232,9),(1744,'2008-0076',220,14,233,10),(1745,'2008-0077',221,15,234,14),(1746,'2008-0077',222,16,235,18),(1747,'2008-0078',223,17,236,23),(1748,'2008-0079',224,18,237,26),(1749,'2008-0079',225,19,238,27),(1750,'2008-0080',226,20,239,32),(1751,'2008-0080',227,21,240,37),(1752,'2008-0081',228,22,241,41),(1753,'2008-0081',229,23,242,43),(1754,'2008-0082',230,24,243,46),(1755,'2008-0082',231,25,244,57),(1756,'2008-0083',232,26,245,62),(1757,'2008-0083',233,27,246,69),(1758,'2008-0084',234,28,247,84),(1759,'2008-0084',235,29,248,102),(1760,'2008-0085',236,30,249,116),(1761,'2008-0085',237,31,1,135),(1762,'2008-0086',238,32,2,136),(1763,'2008-0086',239,33,3,19),(1764,'2008-0087',240,34,4,87),(1765,'2008-0087',241,35,5,86),(1766,'2008-0088',242,36,6,90),(1767,'2008-0088',243,37,7,99),(1768,'2008-0090',244,38,8,113),(1769,'2008-0090',245,39,9,127),(1770,'2008-0091',246,40,10,140),(1771,'2008-0091',247,41,11,6),(1772,'2008-0092',248,42,12,8),(1773,'2008-0092',249,43,13,9),(1774,'2008-0093',250,44,14,10),(1775,'2008-0093',251,45,15,14),(1776,'2008-0094',252,46,16,18),(1777,'2008-0094',253,47,17,23),(1778,'2008-0095',254,48,18,26),(1779,'2008-0095',1,49,19,27),(1780,'2008-0096',2,50,20,32),(1781,'2008-0096',3,51,21,37),(1782,'2008-0098',4,52,22,41),(1783,'2008-0098',5,53,23,43),(1784,'2008-0099',6,54,24,46),(1785,'2008-0099',7,55,25,57),(1786,'2008-0100',8,56,26,62),(1787,'2008-0101',9,57,27,69),(1788,'2008-0101',10,58,28,84),(1789,'2008-0102',11,59,29,102),(1790,'2008-0102',12,60,30,116),(1791,'2008-0103',13,61,31,135),(1792,'2008-0104',14,62,32,136),(1793,'2008-0105',15,63,33,19),(1794,'2008-0105',16,64,34,87),(1795,'2008-0106',17,65,35,86),(1796,'2008-0106',18,66,36,90),(1797,'2008-0107',19,67,37,99),(1798,'2008-0109',20,68,38,113),(1799,'2008-0109',21,69,39,127),(1800,'2008-0110',22,70,40,140),(1801,'2008-0110',23,71,41,6),(1802,'2008-0111',24,72,42,8),(1803,'2008-0111',25,73,43,9),(1804,'2008-0112',26,74,44,10),(1805,'2008-0112',27,75,45,14),(1806,'2008-0113',28,76,46,18),(1807,'2008-0114',29,77,47,23),(1808,'2008-0114',30,78,48,26),(1809,'2008-0115',31,79,49,27),(1810,'2008-0115',32,80,50,32),(1811,'2008-0116',33,81,51,37),(1812,'2008-0116',34,82,52,41),(1813,'2008-0117',35,83,53,43),(1814,'2008-0117',36,84,54,46),(1815,'2008-0118',37,85,55,57),(1816,'2008-0118',38,86,56,62),(1817,'2008-0119',39,87,57,69),(1818,'2008-0119',40,88,58,84),(1819,'2008-0120',41,89,59,102),(1820,'2008-0122',42,90,60,116),(1821,'2008-0122',43,91,61,135),(1822,'2008-0123',44,92,62,136),(1823,'2008-0123',45,93,63,19),(1824,'2008-0124',46,94,64,87),(1825,'2008-0124',47,95,65,86),(1826,'2008-0125',48,96,66,90),(1827,'2008-0125',49,97,67,99),(1828,'2008-0127',50,98,68,113),(1829,'2008-0127',51,99,69,127),(1830,'2008-0128',52,100,70,140),(1831,'2008-0128',53,101,71,6),(1832,'2008-0129',54,102,72,8),(1833,'2008-0129',55,103,73,9),(1834,'2008-0130',56,104,74,10),(1835,'2008-0130',57,105,75,14),(1836,'2008-0131',58,106,76,18),(1837,'2008-0131',59,107,77,23),(1838,'2008-0132',60,108,78,26),(1839,'2008-0132',61,109,79,27),(1840,'2008-0133',62,110,80,32),(1841,'2008-0133',63,111,81,37),(1842,'2008-0135',64,112,82,41),(1843,'2008-0135',65,113,200,43),(1844,'2008-0136',66,114,201,46),(1845,'2008-0138',67,115,202,57),(1846,'2008-0138',68,116,203,62),(1847,'2008-0139',69,117,204,69),(1848,'2008-0139',70,118,205,84),(1849,'2008-0143',71,119,206,102),(1850,'2008-0143',72,120,207,116),(1851,'2008-0144',73,121,208,135),(1852,'2008-0144',74,122,209,136),(1853,'2008-0145',75,123,210,19),(1854,'2008-0146',76,124,211,87),(1855,'2008-0146',77,125,212,86),(1856,'2008-0147',78,126,213,90),(1857,'2008-0147',79,127,214,99),(1858,'2008-0148',80,128,215,113),(1859,'2008-0148',81,129,216,127),(1860,'2008-0149',82,130,217,140),(1861,'2008-0149',83,131,218,6),(1862,'2008-0150',84,132,219,8),(1863,'2008-0150',85,133,220,9),(1864,'2008-0152',86,134,221,10),(1865,'2008-0154',87,135,222,14),(1866,'2008-0155',88,136,223,18),(1867,'2008-0155',89,137,224,23),(1868,'2008-0157',90,138,225,26),(1869,'2008-0157',91,139,226,27),(1870,'2008-0158',92,140,227,32),(1871,'2008-0158',93,141,228,37),(1872,'2008-0159',94,142,229,41),(1873,'2008-0160',95,143,230,43),(1874,'2008-0160',96,144,231,46),(1875,'2008-0161',97,145,232,57),(1876,'2008-0161',98,146,233,62),(1877,'2008-0161',99,147,234,69),(1878,'2008-0162',100,148,235,84),(1879,'2008-0163',101,149,236,102),(1880,'2008-0163',102,150,237,116),(1881,'2008-0164',103,151,238,135),(1882,'2008-0164',104,152,239,136),(1883,'2008-0165',105,153,240,19),(1884,'2008-0165',106,154,241,87),(1885,'2008-0166',107,155,242,86),(1886,'2008-0166',108,156,243,90),(1887,'2009-0001',109,157,244,99),(1888,'2009-0001',110,158,245,113),(1889,'2009-0002',111,159,246,127),(1890,'2009-0002',112,160,247,140),(1891,'2009-0004',113,161,248,6),(1892,'2009-0004',114,162,249,8),(1893,'2009-0005',115,163,250,9),(1894,'2009-0005',116,164,251,10),(1895,'2009-0006',117,165,252,14),(1896,'2009-0006',118,166,253,18),(1897,'2009-0007',119,167,254,23),(1898,'2009-0008',120,168,200,26),(1899,'2009-0008',121,169,201,27),(1900,'2009-0009',122,170,202,32),(1901,'2009-0009',123,171,203,37),(1902,'2009-0010',124,172,204,41),(1903,'2009-0011',125,173,205,43),(1904,'2009-0011',126,174,206,46),(1905,'2009-0012',127,175,207,57),(1906,'2009-0013',128,176,208,62),(1907,'2009-0014',129,177,209,69),(1908,'2009-0014',130,178,210,84),(1909,'2009-0015',131,179,211,102),(1910,'2009-0015',132,180,212,116),(1911,'2009-0016',133,181,213,135),(1912,'2009-0016',134,182,214,136),(1913,'2009-0017',135,183,215,19),(1914,'2009-0018',136,184,216,87),(1915,'2009-0018',137,185,217,86),(1916,'2009-0019',138,186,218,90),(1917,'2009-0019',139,187,219,99),(1918,'2009-0020',140,188,220,113),(1919,'2009-0020',141,189,221,127),(1920,'2009-0021',142,190,222,140),(1921,'2009-0021',143,191,1,6),(1922,'2009-0022',144,192,2,8),(1923,'2009-0022',145,193,3,9),(1924,'2009-0023',146,194,4,10),(1925,'2009-0023',147,195,5,14),(1926,'2009-0024',148,196,6,18),(1927,'2009-0025',149,197,7,23),(1928,'2009-0025',150,198,8,26),(1929,'2009-0026',151,199,9,27),(1930,'2009-0027',152,200,10,32),(1931,'2009-0027',153,201,11,37),(1932,'2009-0028',154,202,12,41),(1933,'2009-0029',155,203,13,43),(1934,'2009-0031',156,204,14,46),(1935,'2009-0031',157,205,15,57),(1936,'2009-0032',158,206,16,62),(1937,'2009-0032',159,207,17,69),(1938,'2009-0033',160,208,18,84),(1939,'2009-0033',161,209,19,102),(1940,'2009-0034',162,210,20,116),(1941,'2009-0034',163,211,21,135),(1942,'2009-0035',164,212,22,136),(1943,'2009-0036',165,213,23,19),(1944,'2009-0036',166,214,24,87),(1945,'2009-0037',167,215,25,86),(1946,'2009-0037',168,216,26,90),(1947,'2009-0039',169,217,27,99),(1948,'2009-0040',170,218,28,113),(1949,'2009-0040',171,219,29,127),(1950,'2009-0041',172,220,30,140),(1951,'2009-0041',173,221,31,6),(1952,'2009-0042',174,222,32,8),(1953,'2009-0043',175,223,33,9),(1954,'2009-0043',176,224,34,10),(1955,'2009-0044',177,225,35,14),(1956,'2009-0044',178,226,36,18),(1957,'2009-0045',179,227,37,23),(1958,'2009-0045',180,228,38,26),(1959,'2009-0046',181,229,39,27),(1960,'2009-0046',182,230,40,32),(1961,'2009-0047',183,231,41,37),(1962,'2009-0047',184,232,42,41),(1963,'2009-0048',185,233,43,43),(1964,'2009-0048',186,234,44,46),(1965,'2009-0049',187,235,45,57),(1966,'2009-0049',188,236,46,62),(1967,'2009-0050',189,237,47,69),(1968,'2009-0051',190,238,48,84),(1969,'2009-0052',191,239,49,102),(1970,'2009-0052',192,240,50,116),(1971,'2009-0053',193,241,51,135),(1972,'2009-0053',194,242,52,136),(1973,'2009-0054',195,243,53,19),(1974,'2009-0055',196,244,54,87),(1975,'2009-0056',197,245,55,86),(1976,'2009-0057',198,246,56,90),(1977,'2009-0057',199,247,57,99),(1978,'2009-0058',200,248,58,113),(1979,'2009-0059',201,249,59,127),(1980,'2009-0060',202,250,60,140),(1981,'2009-0061',203,251,61,6),(1982,'2009-0061',204,252,62,8),(1983,'2009-0062',205,253,63,9),(1984,'2009-0063',206,254,64,10),(1985,'2009-0063',207,1,65,14),(1986,'2009-0064',208,2,66,18),(1987,'2009-0064',209,3,67,23),(1988,'2009-0065',210,4,68,26),(1989,'2009-0066',211,5,69,27),(1990,'2009-0067',212,6,70,32),(1991,'2009-0067',213,7,71,37),(1992,'2009-0068',214,8,72,41),(1993,'2009-0068',215,9,73,43),(1994,'2009-0069',216,10,74,46),(1995,'2009-0070',217,11,75,57),(1996,'2009-0070',218,12,76,62),(1997,'2009-0071',219,13,77,69),(1998,'2009-0072',220,14,78,84),(1999,'2009-0072',221,15,79,102),(2000,'2009-0073',222,16,80,116),(2001,'2009-0073',223,17,81,135),(2002,'2009-0074',224,18,20,136),(2003,'2009-0074',225,19,21,19),(2004,'2009-0075',226,20,22,87),(2005,'2009-0075',227,21,23,86),(2006,'2009-0076',228,22,24,90),(2007,'2009-0077',229,23,25,99),(2008,'2009-0078',230,24,26,113),(2009,'2009-0079',231,25,27,127),(2010,'2009-0080',232,26,28,140),(2011,'2009-0080',233,27,29,6),(2012,'2009-0081',234,28,30,8),(2013,'2009-0081',235,29,31,9),(2014,'2009-0082',236,30,32,10),(2015,'2009-0082',237,31,33,14),(2016,'2009-0083',238,32,34,18),(2017,'2009-0084',239,33,35,23),(2018,'2009-0084',240,34,36,26),(2019,'2009-0085',241,35,37,27),(2020,'2009-0085',242,36,38,32),(2021,'2009-0086',243,37,39,37),(2022,'2009-0086',244,38,40,41),(2023,'2009-0087',245,39,41,43),(2024,'2009-0087',246,40,42,46),(2025,'2009-0088',247,41,43,57),(2026,'2009-0089',248,42,44,62),(2027,'2009-0089',249,43,45,69),(2028,'2009-0090',250,44,46,84),(2029,'2009-0090',251,45,47,102),(2030,'2009-0091',252,46,48,116),(2031,'2009-0092',253,47,49,135),(2032,'2009-0093',254,48,50,136),(2033,'2009-0093',1,49,51,19),(2034,'2009-0095',2,50,52,87),(2035,'2009-0095',3,51,53,86),(2036,'2009-0097',4,52,54,90),(2037,'2009-0098',5,53,55,99),(2038,'2009-0098',6,54,56,113),(2039,'2009-0100',7,55,57,127),(2040,'2009-0101',8,56,58,140),(2041,'2009-0101',9,57,59,6),(2042,'2009-0102',10,58,60,8),(2043,'2009-0103',11,59,61,9),(2044,'2009-0104',12,60,62,10),(2045,'2009-0104',13,61,63,14),(2046,'2009-0106',14,62,64,18),(2047,'2009-0106',15,63,65,23),(2048,'2009-0107',16,64,66,26),(2049,'2009-0107',17,65,67,27),(2050,'2009-0108',18,66,68,32),(2051,'2009-0108',19,67,69,37),(2052,'2009-0109',20,68,70,41),(2053,'2009-0109',21,69,71,43),(2054,'2009-0111',22,70,72,46),(2055,'2009-0111',23,71,73,57),(2056,'2009-0112',24,72,74,62),(2057,'2009-0112',25,73,75,69),(2058,'2009-0113',26,74,76,84),(2059,'2009-0113',27,75,77,102),(2060,'2009-0114',28,76,78,116),(2061,'2009-0114',29,77,79,135),(2062,'2009-0115',30,78,80,136),(2063,'2009-0116',31,79,81,19),(2064,'2009-0116',32,80,82,87),(2065,'2009-0117',33,81,83,86),(2066,'2009-0117',34,82,84,90),(2067,'2009-0118',35,83,85,99),(2068,'2009-0118',36,84,86,113),(2069,'2009-0119',37,85,87,127),(2070,'2009-0119',38,86,88,140),(2071,'2009-0121',39,87,89,6),(2072,'2009-0121',40,88,90,8),(2073,'2009-0122',41,89,91,9),(2074,'2009-0122',42,90,92,10),(2075,'2009-0123',43,91,93,14),(2076,'2009-0123',44,92,94,18),(2077,'2009-0124',45,93,95,23),(2078,'2009-0124',46,94,96,26),(2079,'2009-0125',47,95,97,27),(2080,'2009-0126',48,96,98,32),(2081,'2009-0128',49,97,99,37),(2082,'2009-0128',50,98,100,41),(2083,'2009-0129',51,99,101,43),(2084,'2009-0130',52,100,102,46),(2085,'2009-0130',53,101,103,57),(2086,'2009-0131',54,102,104,62),(2087,'2009-0132',55,103,105,69),(2088,'2009-0133',56,104,106,84),(2089,'2009-0133',57,105,107,102),(2090,'2009-0134',58,106,108,116),(2091,'2009-0135',59,107,109,135),(2092,'2009-0135',60,108,110,136),(2093,'2009-0137',61,109,111,19),(2094,'2009-0137',62,110,112,87),(2095,'2009-0138',63,111,30,86),(2096,'2009-0138',64,112,31,90),(2097,'2009-0141',65,113,32,99),(2098,'2009-0142',66,114,33,113),(2099,'2009-0144',67,115,34,127),(2100,'2009-0144',68,116,35,140),(2101,'2009-0145',69,117,36,6),(2102,'2009-0145',70,118,37,8),(2103,'2009-0146',71,119,38,9),(2104,'2009-R002',72,120,39,10),(2105,'2009-R002',73,121,40,14),(2106,'2009-R003',74,122,41,18),(2107,'2009-R003',75,123,42,23),(2108,'2009-R004',76,124,43,26),(2109,'2009-R004',77,125,44,27),(2110,'2009-R005',78,126,45,32),(2111,'2009-R005',79,127,46,37),(2112,'2009-R006',80,128,47,41),(2113,'2009-R006',81,129,48,43),(2114,'2009-R007',82,130,49,46),(2115,'2009-R007',83,131,50,57),(2116,'2010-0001',84,132,51,62),(2117,'2010-0001',85,133,52,69),(2118,'2010-0002',86,134,53,84),(2119,'2010-0003',87,135,54,102),(2120,'2010-0003',88,136,55,116),(2121,'2010-0004',89,137,56,135),(2122,'2010-0005',90,138,57,136),(2123,'2010-0005',91,139,58,19),(2124,'2010-0006',92,140,59,87),(2125,'2010-0006',93,141,60,86),(2126,'2010-0007',94,142,61,90),(2127,'2010-0008',95,143,62,99),(2128,'2010-0008',96,144,63,113),(2129,'2010-0009',97,145,64,127),(2130,'2010-0009',98,146,65,140),(2131,'2010-0010',99,147,66,6),(2132,'2010-0010',100,148,67,8),(2133,'2010-0011',101,149,68,9),(2134,'2010-0012',102,150,69,10),(2135,'2010-0012',103,151,70,14),(2136,'2010-0013',104,152,71,18),(2137,'2010-0013',105,153,72,23),(2138,'2010-0014',106,154,73,26),(2139,'2010-0014',107,155,74,27),(2140,'2010-0015',108,156,75,32),(2141,'2010-0015',109,157,76,37),(2142,'2010-0016',110,158,77,41),(2143,'2010-0016',111,159,78,43),(2144,'2010-0017',112,160,79,46),(2145,'2010-0018',113,161,80,57),(2146,'2010-0018',114,162,81,62),(2147,'2010-0019',115,163,82,69),(2148,'2010-0019',116,164,83,84),(2149,'2010-0020',117,165,84,102),(2150,'2010-0020',118,166,85,116),(2151,'2010-0021',119,167,86,135),(2152,'2010-0021',120,168,87,136),(2153,'2010-0022',121,169,88,19),(2154,'2010-0022',122,170,89,87),(2155,'2010-0023',123,171,90,86),(2156,'2010-0023',124,172,91,90),(2157,'2010-0024',125,173,92,99),(2158,'2010-0024',126,174,93,113),(2159,'2010-0025',127,175,94,127),(2160,'2010-0026',128,176,95,140),(2161,'2010-0027',129,177,96,6),(2162,'2010-0027',130,178,97,8),(2163,'2010-0028',131,179,98,9),(2164,'2010-0028',132,180,99,10),(2165,'2010-0029',133,181,100,14),(2166,'2010-0029',134,182,101,18),(2167,'2010-0030',135,183,102,23),(2168,'2010-0030',136,184,103,26),(2169,'2010-0031',137,185,104,27),(2170,'2010-0031',138,186,105,32),(2171,'2010-0032',139,187,106,37),(2172,'2010-0032',140,188,107,41),(2173,'2010-0033',141,189,108,43),(2174,'2010-0033',142,190,109,46),(2175,'2010-0034',143,191,110,57),(2176,'2010-0034',144,192,111,62),(2177,'2010-0035',145,193,112,69),(2178,'2010-0035',146,194,113,84),(2179,'2010-0036',147,195,114,102),(2180,'2010-0036',148,196,115,116),(2181,'2010-0037',149,197,116,135),(2182,'2010-0037',150,198,117,136),(2183,'2010-0038',151,199,118,19),(2184,'2010-0038',152,200,119,87),(2185,'2010-0039',153,201,120,86),(2186,'2010-0039',154,202,121,90),(2187,'2010-0040',155,203,122,99),(2188,'2010-0040',156,204,123,113),(2189,'2010-0041',157,205,124,127),(2190,'2010-0041',158,206,125,140),(2191,'2010-0042',159,207,126,6),(2192,'2010-0042',160,208,127,8),(2193,'2010-0043',161,209,128,9),(2194,'2010-0043',162,210,129,10),(2195,'2010-0044',163,211,130,14),(2196,'2010-0044',164,212,131,18),(2197,'2010-0045',165,213,132,23),(2198,'2010-0045',166,214,133,26),(2199,'2010-0046',167,215,134,27),(2200,'2010-0046',168,216,135,32),(2201,'2010-0047',169,217,136,37),(2202,'2010-0047',170,218,137,41),(2203,'2010-0048',171,219,138,43),(2204,'2010-0048',172,220,139,46),(2205,'2010-0049',173,221,140,57),(2206,'2010-0049',174,222,141,62),(2207,'2010-0050',175,223,142,69),(2208,'2010-0051',176,224,1,84),(2209,'2010-0051',177,225,2,102),(2210,'2010-0052',178,226,3,116),(2211,'2010-0052',179,227,4,135),(2212,'2010-0053',180,228,5,136),(2213,'2010-0053',181,229,6,19),(2214,'2010-0054',182,230,7,87),(2215,'2010-0054',183,231,8,86),(2216,'2010-0055',184,232,9,90),(2217,'2010-0055',185,233,10,99),(2218,'2010-0056',186,234,11,113),(2219,'2010-0056',187,235,12,127),(2220,'2010-0057',188,236,13,140),(2221,'2010-0057',189,237,14,6),(2222,'2010-0058',190,238,15,8),(2223,'2010-0058',191,239,16,9),(2224,'2010-0059',192,240,17,10),(2225,'2010-0059',193,241,18,14),(2226,'2010-0060',194,242,19,18),(2227,'2010-0060',195,243,20,23),(2228,'2010-0061',196,244,21,26),(2229,'2010-0062',197,245,22,27),(2230,'2010-0062',198,246,23,32),(2231,'2010-0063',199,247,24,37),(2232,'2010-0063',200,248,25,41),(2233,'2010-0064',201,249,26,43),(2234,'2010-0064',202,250,27,46),(2235,'2010-0065',203,251,28,57),(2236,'2010-0065',204,252,29,62),(2237,'2010-0066',205,253,30,69),(2238,'2010-0066',206,254,31,84),(2239,'2010-0067',207,50,32,102),(2240,'2010-0067',208,51,33,116),(2241,'2010-0068',209,52,34,135),(2242,'2010-0068',210,53,35,136),(2243,'2010-0069',211,54,36,19),(2244,'2010-0069',212,55,37,87),(2245,'2010-0070',213,56,38,86),(2246,'2010-0070',214,57,39,90),(2247,'2010-0071',215,58,40,99),(2248,'2010-0071',216,59,41,113),(2249,'2010-0072',217,60,42,127),(2250,'2010-0072',218,61,43,140),(2251,'2010-0073',219,62,44,6),(2252,'2010-0073',220,63,45,8),(2253,'2010-0074',221,64,46,9),(2254,'2010-0074',222,65,47,10),(2255,'2010-0075',223,66,48,14),(2256,'2010-0075',224,67,49,18),(2257,'2010-0076',225,68,50,23),(2258,'2010-0076',226,69,51,26),(2259,'2010-0077',227,70,52,27),(2260,'2010-0077',228,71,53,32),(2261,'2010-0078',229,72,54,37),(2262,'2010-0078',230,73,55,41),(2263,'2010-0079',231,74,56,43),(2264,'2010-0079',232,75,57,46),(2265,'2010-0080',233,76,58,57),(2266,'2010-0080',234,77,59,62),(2267,'2010-0081',235,78,60,69),(2268,'2010-0081',236,79,61,84),(2269,'2010-0082',237,80,62,102),(2270,'2010-0082',238,81,63,116),(2271,'2010-0083',239,82,64,135),(2272,'2010-0083',240,83,65,136),(2273,'2010-0084',241,84,66,19),(2274,'2010-0084',242,85,67,87),(2275,'2010-0085',243,86,68,86),(2276,'2010-0085',244,87,69,90),(2277,'2010-0086',245,88,70,99),(2278,'2010-0086',246,89,71,113),(2279,'2010-0087',247,90,72,127),(2280,'2010-0087',248,91,40,140),(2281,'2010-0088',249,92,41,6),(2282,'2010-0088',250,93,42,8),(2283,'2010-0089',251,94,43,9),(2284,'2010-0089',252,95,44,10),(2285,'2010-0090',253,96,45,14),(2286,'2010-0091',254,97,46,18),(2287,'2010-0091',1,98,47,23),(2288,'2010-0092',2,99,48,26),(2289,'2010-0092',3,100,49,27),(2290,'2010-0093',4,101,50,32),(2291,'2010-0093',5,102,51,37),(2292,'2010-0094',6,103,52,41),(2293,'2010-0094',7,104,53,43),(2294,'2010-0095',8,105,54,46),(2295,'2010-0095',9,106,55,57),(2296,'2010-0096',10,107,56,62),(2297,'2010-0096',11,108,57,69),(2298,'2010-0097',12,109,58,84),(2299,'2010-0098',13,110,59,102),(2300,'2010-0098',14,111,60,116),(2301,'2010-0099',15,112,61,135),(2302,'2010-0099',16,113,62,136),(2303,'2010-0100',17,114,63,19),(2304,'2010-0100',18,115,64,87),(2305,'2010-0101',19,116,65,86),(2306,'2010-0101',20,117,66,90),(2307,'2010-0102',21,118,67,99),(2308,'2010-0102',22,119,68,113),(2309,'2010-0103',23,120,69,127),(2310,'2010-0103',24,121,70,140),(2311,'2010-0104',25,122,71,6),(2312,'2010-0104',26,123,72,8),(2313,'2010-0105',27,124,73,9),(2314,'2010-0105',28,125,74,10),(2315,'2010-0106',29,126,75,14),(2316,'2010-0106',30,127,76,18),(2317,'2010-0107',31,128,77,23),(2318,'2010-0107',32,129,78,26),(2319,'2010-0108',33,130,79,27),(2320,'2010-0108',34,131,80,32),(2321,'2010-0109',35,132,81,37),(2322,'2010-0109',36,133,82,41),(2323,'2010-0110',37,134,83,43),(2324,'2010-0110',38,135,84,46),(2325,'2010-0111',39,136,85,57),(2326,'2010-0111',40,137,86,62),(2327,'2010-0112',41,138,87,69),(2328,'2010-0112',42,139,88,84),(2329,'2010-0113',43,140,89,102),(2330,'2010-0113',44,141,90,116),(2331,'2010-0114',45,142,91,135),(2332,'2010-0114',46,143,92,136),(2333,'2010-0116',47,144,93,19),(2334,'2010-0116',48,145,94,87),(2335,'2010-0117',49,146,95,86),(2336,'2010-0117',50,147,96,90),(2337,'2010-0118',51,148,97,99),(2338,'2010-0118',52,149,98,113),(2339,'2010-0119',53,150,99,127),(2340,'2010-0119',54,151,100,140),(2341,'2010-0120',55,152,101,6),(2342,'2010-0120',56,153,102,8),(2343,'2010-0121',57,154,103,9),(2344,'2010-0121',58,155,104,10),(2345,'2010-0122',59,156,105,14),(2346,'2010-0122',60,157,106,18),(2347,'2010-0123',61,158,107,23),(2348,'2010-0124',62,159,108,26),(2349,'2010-0124',63,160,109,27),(2350,'2010-0125',64,161,110,32),(2351,'2010-0125',65,162,111,37),(2352,'2010-0127',66,163,112,41),(2353,'2010-0127',67,164,113,43),(2354,'2010-0128',68,165,114,46),(2355,'2010-0128',69,166,115,57),(2356,'2010-0129',70,167,116,62),(2357,'2010-0129',71,168,117,69),(2358,'2010-0130',72,169,118,84),(2359,'2010-0130',73,170,119,102),(2360,'2010-0131',74,171,120,116),(2361,'2010-0131',75,172,121,135),(2362,'2010-0132',76,173,122,136),(2363,'2010-0132',77,174,123,19),(2364,'2010-0133',78,175,124,87),(2365,'2010-0133',79,176,125,86),(2366,'2010-0134',80,177,126,90),(2367,'2010-0135',81,178,127,99),(2368,'2010-0135',82,179,128,113),(2369,'2010-0136',83,180,129,127),(2370,'2010-0136',84,181,130,140),(2371,'2010-0137',85,182,131,6),(2372,'2010-0137',86,183,132,8),(2373,'2010-0138',87,184,133,9),(2374,'2010-0138',88,185,134,10),(2375,'2010-0139',89,186,135,14),(2376,'2010-0140',90,187,136,18),(2377,'2010-0140',91,188,137,23),(2378,'2010-0141',92,189,138,26),(2379,'2010-0141',93,190,139,27),(2380,'2010-0142',94,191,140,32),(2381,'2010-0142',95,192,141,37),(2382,'2010-0143',96,193,142,41),(2383,'2010-0143',97,194,143,43),(2384,'2010-0144',98,195,144,46),(2385,'2010-0144',99,196,145,57),(2386,'2010-0145',100,197,146,62),(2387,'2010-0145',101,198,147,69),(2388,'2010-0146',102,199,148,84),(2389,'2010-0147',103,200,149,102),(2390,'2010-0148',104,201,150,116),(2391,'2010-0148',105,202,151,135),(2392,'2010-0149',106,203,152,136),(2393,'2010-0149',107,204,153,19),(2394,'2010-0150',108,205,154,87),(2395,'2010-0150',109,206,155,86),(2396,'99-2-0008',110,207,156,90),(2397,'99-2-0008',111,208,157,99),(2398,'99-2-0013',112,209,158,113),(2399,'01-1-0031',113,210,159,127),(2400,'01-1-0040',114,211,160,140),(2401,'01-1-0041',115,212,161,6),(2402,'01-1-0042',116,213,162,8),(2403,'01-1-0043',117,214,163,9),(2404,'01-1-0044',118,215,164,10),(2405,'01-2-0047',119,216,165,14),(2406,'01-2-0048',120,217,166,18),(2407,'01-2-0049',121,218,167,23),(2408,'04-1-0102',122,219,168,26),(2409,'04-1-0104',123,220,169,27),(2410,'04-1-0105',124,221,100,32),(2411,'04-1-0106',125,222,101,37),(2412,'04-1-0108',126,223,102,41),(2413,'04-1-0109',127,224,103,43),(2414,'04-1-0110',128,225,104,46),(2415,'04-1-0110',129,226,105,57),(2416,'04-1-0112',130,227,106,62),(2417,'04-1-0112',131,228,107,69),(2418,'04-1-0115',132,229,108,84),(2419,'04-1-0116',133,230,109,102),(2420,'04-2-0118',134,231,110,116),(2421,'04-2-0120',135,232,111,135),(2422,'04-2-0120',136,233,112,136),(2423,'05-1-0123',137,234,113,19),(2424,'05-1-0123',138,235,114,87),(2425,'05-1-0125',139,236,115,86),(2426,'05-1-0125',140,237,116,90),(2427,'05-1-0131',141,238,117,99),(2428,'05-1-0131',142,239,118,113),(2429,'05-1-0132',143,240,119,127),(2430,'05-1-0132',144,241,120,140),(2431,'05-1-0134',145,242,121,6),(2432,'05-1-0134',146,243,122,8),(2433,'05-1-0136',147,244,123,9),(2434,'05-1-0137',148,245,124,10),(2435,'05-1-0138',149,246,125,14),(2436,'05-1-0138',150,247,126,18),(2437,'05-1-0139',151,248,127,23),(2438,'05-1-0139',152,249,128,26),(2439,'05-1-0140',153,250,129,27),(2440,'05-1-0141',154,251,130,32),(2441,'05-2-0147',155,252,131,37),(2442,'05-2-0147',156,253,132,41),(2443,'05-2-0148',157,254,133,43),(2444,'05-2-0150',158,10,134,46),(2445,'05-2-0152',159,11,135,57),(2446,'06-1-0158',160,12,136,62),(2447,'06-1-0158',161,13,137,69),(2448,'06-1-0159',162,14,138,84),(2449,'06-1-0159',163,15,139,102),(2450,'06-1-0160',164,16,140,116),(2451,'06-1-0161',165,17,141,135),(2452,'06-1-0161',166,18,142,136),(2453,'06-1-0163',167,19,143,19),(2454,'06-1-0164',168,20,144,87),(2455,'06-1-0164',169,21,145,86),(2456,'06-1-0165',170,22,146,90),(2457,'06-1-0165',171,23,147,99),(2458,'06-1-0169',172,24,148,113),(2459,'06-1-0169',173,25,149,127),(2460,'06-1-0171',174,26,150,140),(2461,'06-1-0171',175,27,151,6),(2462,'06-1-0172',176,28,152,8),(2463,'06-1-0172',177,29,153,9),(2464,'06-1-0173',178,30,154,10),(2465,'06-1-0174',179,31,155,14),(2466,'06-2-0176',180,32,156,18),(2467,'06-2-0178',181,33,157,23),(2468,'06-2-0178',182,34,158,26),(2469,'07-1-0181',183,35,159,27),(2470,'07-1-0181',184,36,160,32),(2471,'07-1-0183',185,37,161,37),(2472,'07-1-0183',186,38,162,41),(2473,'07-1-0186',187,39,163,43),(2474,'07-1-0187',188,40,164,46),(2475,'07-1-0187',189,41,165,57),(2476,'07-1-0188',190,42,166,62),(2477,'07-1-0188',191,43,167,69),(2478,'07-1-0189',192,44,168,84),(2479,'07-1-0190',193,45,169,102),(2480,'07-1-0191',194,46,170,116),(2481,'07-1-0191',195,47,171,135),(2482,'07-1-0192',196,48,172,136),(2483,'07-1-0192',197,49,173,19),(2484,'07-1-0193',198,50,174,87),(2485,'07-1-0194',199,51,175,86),(2486,'07-2-0195',200,52,176,90),(2487,'07-2-0195',201,53,177,99),(2488,'07-2-0196',202,54,178,113),(2489,'07-2-0196',203,55,179,127),(2490,'07-2-0197',204,56,180,140),(2491,'07-2-0197',205,57,181,6),(2492,'07-2-0198',206,58,182,8),(2493,'07-2-0198',207,59,183,9),(2494,'07-2-0200',208,60,184,10),(2495,'07-2-0200',209,61,185,14),(2496,'07-2-0203',210,62,186,18),(2497,'07-2-0203',211,63,187,23),(2498,'07-2-0205',212,64,188,26),(2499,'07-2-0205',213,65,189,27),(2500,'07-2-0207',214,66,190,32),(2501,'07-2-0207',215,67,191,37),(2502,'08-1-0208',216,68,192,41),(2503,'08-1-0210',217,69,193,43),(2504,'08-1-0210',218,70,194,46),(2505,'08-1-0212',219,71,195,57),(2506,'08-1-0212',220,72,196,62),(2507,'08-1-0213',221,73,197,69),(2508,'08-1-0214',222,74,198,84),(2509,'08-1-0214',223,75,199,102),(2510,'08-1-0216',224,76,200,116),(2511,'08-1-0216',225,77,201,135),(2512,'08-1-0217',226,78,202,136),(2513,'08-1-0218',227,79,203,19),(2514,'08-1-0218',228,80,204,87),(2515,'08-1-0221',229,81,205,86),(2516,'08-1-0221',230,82,206,90),(2517,'08-1-0224',231,83,207,99),(2518,'08-1-0224',232,84,208,113),(2519,'08-1-0225',233,85,209,127),(2520,'08-1-0225',234,86,210,140),(2521,'08-1-0226',235,87,211,6),(2522,'08-1-0228',236,88,212,8),(2523,'08-1-0228',237,89,213,9),(2524,'08-1-0230',238,90,214,10),(2525,'08-1-0230',239,91,215,14),(2526,'08-1-0232',240,92,216,18),(2527,'08-1-0232',241,93,217,23),(2528,'08-1-0233',242,94,218,26),(2529,'08-1-0234',243,95,219,27),(2530,'08-1-0234',244,96,220,32),(2531,'08-2-0238',245,97,221,37),(2532,'08-2-0238',246,98,222,41),(2533,'08-2-0240',247,99,223,43),(2534,'08-2-0240',248,100,224,46),(2535,'08-2-0242',249,101,225,57),(2536,'09-1-0237',250,102,226,62),(2537,'09-1-0237',251,103,227,69),(2538,'09-1-0241',252,104,228,84),(2539,'09-1-0241',253,105,229,102),(2540,'09-1-0243',254,106,230,116),(2541,'09-1-0244',1,107,231,135),(2542,'09-1-0244',2,108,232,136),(2543,'09-1-0247',3,109,233,19),(2544,'09-1-0247',4,110,234,87),(2545,'09-1-0248',5,111,235,86),(2546,'09-1-0250',6,112,236,90),(2547,'09-1-0252',7,113,237,99),(2548,'09-1-0252',8,114,1,113),(2549,'09-1-0253',9,115,2,127),(2550,'09-1-0254',10,116,3,140),(2551,'09-1-0254',11,117,4,6),(2552,'09-1-0258',12,118,5,8),(2553,'09-1-0258',13,119,6,9),(2554,'09-1-0259',14,120,7,10),(2555,'09-1-0259',15,121,8,14),(2556,'09-1-0260',16,122,9,18),(2557,'09-1-0260',17,123,10,23),(2558,'09-1-0261',18,124,11,26),(2559,'09-1-0261',19,125,12,27),(2560,'09-1-0262',20,126,13,32),(2561,'09-1-0263',21,127,14,37),(2562,'09-1-0264',22,128,15,41),(2563,'09-1-0265',23,129,16,43),(2564,'09-1-0265',24,130,17,46),(2565,'09-2-0245',25,131,18,57),(2566,'09-2-0245',26,132,19,62),(2567,'09-2-0266',27,133,20,69),(2568,'09-2-0266',28,134,21,84),(2569,'09-2-0267',29,135,22,102),(2570,'09-2-0268',30,136,23,116),(2571,'09-2-0269',31,137,24,135),(2572,'09-2-0269',32,138,25,136),(2573,'09-2-0270',33,139,26,19),(2574,'09-2-0271',34,140,27,87),(2575,'09-2-0272',35,141,28,86),(2576,'09-2-0272',36,142,29,90),(2577,'09-2-0273',37,143,30,99),(2578,'09-2-0273',38,144,31,113),(2579,'09-2-0274',39,145,32,127),(2580,'09-2-0274',40,146,33,140),(2581,'09-2-0275',41,147,34,6),(2582,'09-2-0275',42,148,35,8),(2583,'09-2-0276',43,149,36,9),(2584,'09-2-0276',44,150,37,10),(2585,'09-2-0277',45,151,38,14),(2586,'09-2-0277',46,152,39,18),(2587,'09-2-0278',47,153,40,23),(2588,'09-2-0278',48,154,41,26),(2589,'10-1-0279',49,155,42,27),(2590,'10-1-0279',50,156,43,32),(2591,'10-1-0280',51,157,44,37),(2592,'10-1-0281',52,158,45,41),(2593,'10-1-0281',53,159,46,43),(2594,'10-1-0282',54,160,47,46),(2595,'10-1-0283',55,161,48,57),(2596,'10-1-0283',56,162,49,62),(2597,'10-1-0284',57,163,50,69),(2598,'10-1-0285',58,164,51,84),(2599,'10-1-0285',59,165,52,102),(2600,'10-1-0286',60,166,53,116),(2601,'10-1-0286',61,167,54,135),(2602,'10-1-0287',62,168,55,136),(2603,'10-1-0287',63,169,56,19),(2604,'10-1-0288',64,170,57,87),(2605,'10-1-0288',65,171,58,86),(2606,'10-1-0289',66,172,59,90),(2607,'10-1-0289',67,173,60,99),(2608,'10-1-0290',68,174,61,113),(2609,'10-1-0290',69,175,62,127),(2610,'10-1-0291',70,176,63,140),(2611,'10-1-0292',71,177,64,6),(2612,'10-1-0293',72,178,65,8),(2613,'10-1-0293',73,179,66,9),(2614,'10-1-0294',74,180,67,10),(2615,'10-1-0295',75,181,68,14),(2616,'10-1-0295',76,182,69,18),(2617,'10-1-0296',77,183,70,23),(2618,'10-1-0296',78,184,71,26),(2619,'10-1-0297',79,185,72,27),(2620,'10-2-0001',80,186,73,32),(2621,'10-2-0002',81,187,74,37),(2622,'10-2-0003',82,188,75,41),(2623,'10-2-0004',83,189,76,43),(2624,'10-2-0005',84,190,77,46),(2625,'10-2-0005',85,191,78,57),(2626,'10-2-0006',86,192,79,62),(2627,'10-2-0006',87,193,80,69),(2628,'10-2-0007',88,194,81,84),(2629,'10-2-0008',89,195,82,102),(2630,'10-2-0008',90,196,83,116),(2631,'10-2-0009',91,197,84,135),(2632,'10-2-0009',92,198,85,136),(2633,'10-2-0010',93,199,86,19),(2634,'10-2-0011',94,200,87,87),(2635,'10-2-0011',95,201,88,86),(2636,'10-2-0012',96,202,89,90),(2637,'10-2-0013',97,203,90,99),(2638,'10-2-0014',98,204,91,113),(2639,'10-2-0014',99,205,92,127),(2640,'10-2-0015',100,206,93,140),(2641,'10-2-0016',101,207,94,6),(2642,'10-2-0016',102,208,95,8),(2643,'10-2-0017',103,209,96,9),(2644,'10-2-0017',104,210,97,10),(2645,'10-2-0018',105,211,98,14),(2646,'11-1-0001',106,212,99,18),(2647,'11-1-0001',107,213,100,23),(2648,'11-1-0002',108,214,101,26),(2649,'11-1-0002',109,215,102,27),(2650,'11-1-0003',110,216,103,32),(2651,'11-1-0003',111,217,104,37),(2652,'11-1-0004',112,218,105,41),(2653,'11-1-0005',113,219,106,43),(2654,'11-1-0006',114,220,107,46),(2655,'11-1-0006',115,221,108,57),(2656,'11-1-0007',116,222,109,62),(2657,'11-1-0007',117,223,110,69),(2658,'11-1-0008',118,224,111,84),(2659,'11-1-0008',119,225,112,102),(2660,'11-1-0009',120,226,113,116),(2661,'11-1-0009',121,227,114,135),(2662,'11-1-0010',122,228,115,136),(2663,'11-1-0011',123,229,116,19),(2664,'11-1-0011',124,230,117,87),(2665,'11-1-0012',125,231,118,86),(2666,'11-1-0012',126,232,119,90),(2667,'11-1-0013',127,233,120,99),(2668,'11-1-0013',128,234,121,113),(2669,'11-1-0014',129,235,122,127),(2670,'11-1-0014',130,236,123,140),(2671,'11-1-0015',131,237,124,6),(2672,'11-1-0015',132,238,125,8),(2673,'11-1-0016',133,239,126,9),(2674,'11-1-0016',134,240,127,10),(2675,'11-1-0017',135,241,128,14),(2676,'11-1-0017',136,242,129,18),(2677,'11-1-0018',137,243,130,23),(2678,'11-1-0019',138,244,131,26),(2679,'11-1-0019',139,245,132,27),(2680,'11-1-0020',140,246,133,32),(2681,'11-1-0020',141,247,134,37),(2682,'11-1-0021',142,248,135,41),(2683,'11-1-0021',143,249,136,43),(2684,'11-1-0022',144,250,137,46),(2685,'11-1-0022',145,251,138,57),(2686,'11-1-0023',146,252,139,62),(2687,'11-1-0023',147,253,140,69),(2688,'11-1-0024',148,254,141,84),(2689,'11-1-0025',149,1,142,102),(2690,'11-1-0025',150,2,143,116),(2691,'11-1-0026',151,3,144,135),(2692,'11-1-0027',152,4,145,136),(2693,'11-1-0027',153,5,146,19),(2694,'11-1-0028',154,6,147,87),(2695,'11-1-0028',155,7,148,86),(2696,'11-1-0029',156,8,149,90),(2697,'11-1-0029',157,9,150,99),(2698,'11-1-0030',158,10,151,113),(2699,'11-1-0030',159,11,152,127);
/*!40000 ALTER TABLE `sinodalia` ENABLE KEYS */;
UNLOCK TABLES;

--
-- Table structure for table `tt`
--

DROP TABLE IF EXISTS `tt`;
/*!40101 SET @saved_cs_client     = @@character_set_client */;
/*!40101 SET character_set_client = utf8 */;
CREATE TABLE `tt` (
  `noTT` varchar(50) NOT NULL,
  `titulo` varchar(300) DEFAULT NULL,
  PRIMARY KEY (`noTT`)
) ENGINE=InnoDB DEFAULT CHARSET=latin1;
/*!40101 SET character_set_client = @saved_cs_client */;

--
-- Dumping data for table `tt`
--

LOCK TABLES `tt` WRITE;
/*!40000 ALTER TABLE `tt` DISABLE KEYS */;
INSERT INTO `tt` VALUES ('01-1-0031','Intra ESCOM'),('01-1-0040','Simulacion De Hoja Incompensable Por Metodos Numericos'),('01-1-0041','Sistema De Gestion Por Interner De Asociaciones Y Colegios Egresados Del Ipn'),('01-1-0042','Analisis Y Diagnostico De Un Electrocardiograma'),('01-1-0043','Software Para La Administraci¢n De Recursos Y Control De Alumnos Para El Depto De Control Escolar En El Cenlex-santo Tom s'),('01-1-0044','Clasificaci¢n De Textos Por M‚todos De Votaci¢n Con Aprendizaje Probabil¡stico'),('01-2-0047','Mercado Electr¢nico de Neocios MEN'),('01-2-0048','Sistema De Administracion Personal'),('01-2-0049','Sistema De Administracion De Alimentos'),('04-1-0102','Ambiente Virtual Distributivo Y Colaborativo Para La Construcci¢n Y Simulaci¢n De Circuitos El‚ctricos Digitales Y Anal¢gicos Basado En Internet'),('04-1-0104','Implementaci¢n De Un Sistema Administrador De Edificios Corporativos'),('04-1-0105','Mascota - Robot/ Fase2 R'),('04-1-0106','Sistema Inteligente De Procedimientos Aduaneros'),('04-1-0108','Sistema Autom tizado De Seguimiento De Un Producto Para Exportaci¢n'),('04-1-0109','Sistema Standar De Seguimiento De Solicitudes'),('04-1-0110','Sistema Generador De Rutas Viales Con Acceso Remoto '),('04-1-0112','Detecci¢n Y Correci¢n Autom tica De Errores En El Comercio Electr¢nico'),('04-1-0115','Sistema Bibliotecario Digital Con Realidad Virtual En Intenet'),('04-1-0116','Desarrollo De Un Editor Jsp'),('04-2-0118','solucion para gobierno electronico'),('04-2-0120','BIBLIOTECA WEB VIRTUAL PARA NI¥OS (TECNOLOGIA WEB3D)'),('05-1-0123','Modelo De Ilumniaci¢n De Render Para Superficies Irregulres Y Su Funcionamiento Por M‚todos Paralelizados'),('05-1-0125','Sistema De Informaci¢n Para El Control De La Donaci¢n De Ri¤ones'),('05-1-0131','Herramienta Case De Apoyo En El Desarrollo De Sistemas Bajo Uml'),('05-1-0132','Sistema De Informaci¢n Para El Control Y Administraci¢n De Recursos De Consumo Por Intervenci¢n Quir£rgica'),('05-1-0134','Sistema de Educaci¢n Vial para Ni¤os'),('05-1-0136','Herramienta para la Simulaci¢n de Cuerpos R¡gidos'),('05-1-0137','Prototipo de Herramienta Visual para el Aprendizaje de los Conceptos de la Programaci¢n Orientada a Objetos Aplicada al Lenguaje Java'),('05-1-0138','Portal de Educac¢n a Distancia'),('05-1-0139','Impresora Controlada V¡a Radiofrecuencia '),('05-1-0140','Generador y Administrador de Contenido Web Din mico'),('05-1-0141','Sistema Experto de Apoyo a la Toma de Decisiones Enfocado a Empresas de Mensajer¡a'),('05-2-0147','Robot M¢vil Tracert Para el Tendido de Cableado de Telecomunicaciones Sobre Estructura de Plaf¢n Falso y Espacios Reducidos'),('05-2-0148','Grabador Digital de Video, Sistema de Administraci¢n Virman (Video Recorder Manager)'),('05-2-0150','Videojuego de Acci¢n en 3D ESCOM-The Chaos Gate'),('05-2-0152','Sistema de Interconexi¢n de Tableros de Alarma por Medio de Internet Usando una Interfaz Electr¢nica'),('06-1-0158','Software Seis Sigma para Asegurar la Calidad y la Mehora Continua en los Procesos de Manufactura'),('06-1-0159','Sistema de Aprendizaje de las Estructuras de Datos'),('06-1-0160','Reconocimiento de Expresiones Faciales y Laterales'),('06-1-0161','Sistema Gestor de Seguros por C¢mputo M¢vil'),('06-1-0163','Sistema de Consultas, Ventas y Registro de Altas de Pases de una Aerol¡nea V¡a Internet'),('06-1-0164','Sistema para Determinar los Estilos de Aprendizaje y de Ense¤anza V¡a Web'),('06-1-0165','Sistema de Administraci¢n y Gesti¢n de Proyectos SAGPWEB-ESCOM'),('06-1-0169','Sistema Genrador de Fichas Virtuales'),('06-1-0171','Sistema de Gesti¢n y Monitoreo y Procesos a Trav‚s de Intranet'),('06-1-0172','Sistema Gestor de Tesis'),('06-1-0173','Libro Virtual de Java'),('06-1-0174','Portal de Comercio Electr¢nico'),('06-2-0176','Sistema para el Estudio de la Din mica de Cicatrizaci¢n de Ulceras Cr¢nicas Tratadas por Campos Electromagn‚ticos de Baja Frecuencia'),('06-2-0178','Modelado de Intranet Corporativo para el Procedimiento de Activo Fijo Bancario'),('07-1-0181','Prototipo para la Verfificaci¢n de Usuarios y Estad¡sticas de Correo Institucional para la DCYC'),('07-1-0183','Herramienta Web de Gesti¢n Colaborativa de Reportes T‚cnicos'),('07-1-0186','Visita Virtual al Proyecto Puerta Alameda'),('07-1-0187','Sistema de Seguridad Para Redes Privadas'),('07-1-0188','Sistema de Administraci¢n y Consulta para la Direcci¢n General de Educaci¢n Tegnol¢gica Agropecuaria (DGETA)'),('07-1-0189','Sistema de Gesti¢ Comercial'),('07-1-0190','Sistema de Gesti¢n de Pedidos Para Restaurantes'),('07-1-0191','Sistema de Alarma Remoto SIAR Modificado'),('07-1-0192','Sistema de Riego por Goteo'),('07-1-0193','M¢bil AGE'),('07-1-0194','Sistema Punto de Venta Orientado a Internet V¡a GPRS'),('07-2-0195','Sistema de Publicaci¢n y Acceso a Material Did ctico en L¡nea'),('07-2-0196','Bitacora de Incidencias Para Autom¢viles'),('07-2-0197','Propuesta de un Mecanismo de Descarga y Ligado Din mico de Componentes Web Desde el Buscador Web'),('07-2-0198','INTRANET CCV'),('07-2-0200','Sistema Interno de Apoyo, Seguimiento y Vinculaci¢n de Egresados de ESCOM (SIASVEE)'),('07-2-0203','Sistema de Efectos de Demolici¢n'),('07-2-0205','Sistema de Informaci¢n Para Bases de Datos Distribuidas Aplicando a un Sistema de Plantillas de Personal'),('07-2-0207','Lanacnidos. Herramienta de Dise¤o Para Redes LAN ETHERNET'),('08-1-0208','Dise¤o de una infraestructura de seguridad para Voip'),('08-1-0210','Sistema Para Veterinaria con Aplicaci¢n Web'),('08-1-0212','Modelo Virtual de Maquinaria de Movimiento de Tierras Para La Evaluaci¢n de Costos'),('08-1-0213','Sistema Pos Parametrizable'),('08-1-0214','Implementaci¢n de Algoritmos Cordic en FPGA'),('08-1-0216','Sistema Gestor de Procesos Administrativos de la Protectora Nacional de Animales A.C.'),('08-1-0217','Sistema de Apoyo Gr fico Para Tratamiento Digital de Im genes'),('08-1-0218','Sistema de Simulaci¢n de Fracturas en Metal y Madera Para Efectos Visuales'),('08-1-0221','(SISTAI) Sistema Tecnol¢gico de Almac‚n e Inventarios'),('08-1-0224','Prototipo de Sistema de Control de Accesos de Personal por Radio Frecuencia (RF)'),('08-1-0225','Sistema de Adquisici¢n de Datos en una PC Usando una Tarjeta de Sonido'),('08-1-0226','E-Learning Financiero'),('08-1-0228','Sistema de informaci¢n para la mejora en la atenci¢n de pacientes con problemas neurol¢gicos'),('08-1-0230','Sistema de Multimedia de M‚todos Matem ticos con Enfoque de An lisis de Fourier con Arquitectura Cliente Servidor'),('08-1-0232','Mensajer¡a Instantanea con Capacidad de Expresar Contenido Matem tico'),('08-1-0233','Sistema gestor de contenidos Web para la Escuela Superior de C¢mputo'),('08-1-0234','Sistema de Administraci¢n de Contenidos Para Educaci¢n a Distancia'),('08-2-0238','Sistema Para la Administraci¢n de Espacios y Salas de Trabajo Terminal en la Escuela Superior de C¢mputo (SATT-ESCOM)'),('08-2-0240','Sitio Web Colaborativo Para el Seguimiento de Trabajos Terminales de ESCOM (TT-WIKI)'),('08-2-0242','Sistema Visual de A yuda Para Navegaci¢n Urbana y Generaci¢n de Rutas Utilizando Sistemas de Informaci¢n'),('09-1-0237','Digy-cert: sistema generador de certificados digitales a trav‚s de un dispositivo m¢vil'),('09-1-0241','Aplicaci¢n de tecnolog¡a javacard y uso de smart card a portal web'),('09-1-0243','Cl¡o metodolog¡a para el desarrollo de cursos en l¡nea para la plataforma moodle'),('09-1-0244','Sistema de modelado de redes gen‚ticas'),('09-1-0247','Sistema de juegos para preescolar jugando'),('09-1-0248','Sistema generador de proyectos web con j2ee implementando el equipo mvc'),('09-1-0250','Aplicaci¢n web de matem ticas educativas: caso de raz¢n y proporci¢n'),('09-1-0252','Prototipo de distema de adquisici¢n de datos inal mbrico para un invernadero'),('09-1-0253','Generaci¢n de rutas de inter‚s tur¡stico del estado de michoacan'),('09-1-0254','Sistema de manejo de im genes por hardware (fpga)'),('09-1-0258','Programa de enlace con interface gr fica para t‚cnica doas'),('09-1-0259','Sistema de Gesti¢n y Control de correspondencia interna de la Escuela Superior de C¢mputo (GECOI)'),('09-1-0260','GECO Sistema Web para la Gesti¢n y Control de la Correspondencia en la Escuela Superior de C¢mputo. Oficios.'),('09-1-0261',' XOOK Digital: Administrador de Cursos'),('09-1-0262','Proyecto de ense¤anza mecanogr fica en l¡nea'),('09-1-0263','prototipo para portal web mochilas rotas'),('09-1-0264','Visita virtual al puerto L zaro C rdenas'),('09-1-0265','Hemer¢teca Virtual'),('09-2-0245','Device driver para el bus usb implementado en el sistema operativo linux'),('09-2-0266','Aplicaci¢n WEB para la publicaci¢n y administraci¢n de cursos, diplomados y convenios de la Coordinaci¢n de Educaci¢n Continua'),('09-2-0267','Sistema Auxiliarde monitoreo y gesti¢n de procesos de la cadena de suministro de Grupo Elektra'),('09-2-0268','Sistema de Control para env¡o de paquetes'),('09-2-0269','Sistema de consulta de firmas facultadas para autorizaci¢n de pagos'),('09-2-0270','Prototipo de un sistema basado en buenas pr cticas de seguridad aplicadas a una metodolog¡a de desarrollo de software'),('09-2-0271','An lisis de secuencias biol¢gicas'),('09-2-0272','Sistema de ense¤anza b sica para preescolar'),('09-2-0273','Sistema de apoyo para el ingreso a la universidad, enfocado a ofertas educativas de nivel licenciatura'),('09-2-0274','Sistemas de enlaces telef¢nicos \'Voz sobre IP\''),('09-2-0275','Aplicaci¢n web prototipo para el control administraivo y operativo para una empresa de distribuci¢n nacional de productos marinos'),('09-2-0276','E-learning Liderazgo'),('09-2-0277','herramienta de apoyo para el sistema de control patrimonial de la Escuela Superior de C¢mputo'),('09-2-0278','Prototipo de Sistema \'bolsa de Trabajo Institucional\''),('10-1-0279','Sistema para Generar Manuales De Procedimientos'),('10-1-0280','MàDULO ANALIZADOR DE LA ESTRUCTURA àSEA DE MANO'),('10-1-0281','SISTEMA DE DISPOSICIàN DE CUPONES PROMOCIONALES POR MEDIO DE DISPOSITIVOS MàVILES'),('10-1-0282','SALA DE EXCHIBICIãN VIRTUAL DE MONEDAS MEXICANAS'),('10-1-0283','MUSEO VIRTUAL DE TIMBRES UTILIZADOS EN EL SERVICIO POSTAL EN MXICO'),('10-1-0284','SISTEMA DE APOYO PARA EL TRATAMIENTO DE NI¥OS CON DIFICULTADES DE LECTOESCRITURA'),('10-1-0285','VISITA VIRTUAL A UNA SALA DE EXHIBICIàN DE BILLETES MEXICANOS APOYADOS EN EL BANCO DE MXICO'),('10-1-0286','PROGRAMA PARA LA VISULIZACIàN Y ANµLISIS DE DATOS DE UN ESPECTàMETRO'),('10-1-0287','CLIENTE MàVIL PARA LEVANTAMIENTO DE PEDIDOS DE LIBROS CON SERVICIOS WEB'),('10-1-0288','VISITA VIRTUAL AL PALACIO POSTAL MEXICANO'),('10-1-0289','PROTOTIPO DE MEDICIàN DIGITAL PARA EL CONSUMO DE ENERGÖA ELCTRICA EN BAJA TENSIàN VÖA GPRS MEDIANTE UN SISTEMA WEB'),('10-1-0290','MàDULO DE RECONOCIMIENTO, SOLUCION DE OPERACIONES MATEMµTICAS BµSICAS Y GENERACIàN DE ARCHIVO DE CLASES PARA UN PIZARRàN INTELIGENTE'),('10-1-0291','SISTEMA DIDµCTICO PARA EL APRENDIZAJE DEL DISE¥O DE PµGINAS WEB CON MàDULO GENERADOR DE PORTALES'),('10-1-0292','PORTAL WEB 2,0 PARA LA ESCUELA SUPERIOR DE CàMPUTO -ESCOM-UNIDAD'),('10-1-0293','BOLSA DE TRABAJO VIRTUAL DE ACCESO MEDIANTE TECNOLOGÖA MàVIL'),('10-1-0294','PROTOTIPO PARA LA ADMINISTRACIàN Y GESTIàN DE PROCESOS BASADO EN BPM, CASO DE PRUEBA: UTEYCV DE LA ESCOM'),('10-1-0295','MàDULO PARA COORDINACIàN DE SERVICIOS MEDIANTE LA IMPLEMENTACIàN DE PATRONES DE ESB PARA APLICACIONES SOA'),('10-1-0296','Sistema Auxiliar en el Control del Procedimiento Administrativo en Materia Aduanera (PAMA) y Seguimiento de la Ubicaci¢n del Bien Resguardado'),('10-1-0297','Sistema para la gesti¢n de documentos administrativos digitales'),('10-2-0001','Programaci¢n paralela en el procesador Cell aplicada a la identificaci¢n de genes en regiones gen¢micas vastas'),('10-2-0002','Tarjeta Did ctica para AVR\'s'),('10-2-0003','Recorrido Virtual al Museo Nacional de las Intervenciones (parte I)'),('10-2-0004','Herramienta Computacional did ctica para la visualizaci¢n de reacciones qu¡micas  cido-base'),('10-2-0005','Librer¡a dim mica para la administraci¢n de cat logos dentro de aplicaciones web'),('10-2-0006','Sistema de administraci¢n de roles y aprovisionamiento de usuarios'),('10-2-0007','Control de eventos en FaceBook mediante c¢digo QR'),('10-2-0008','robot para traslado deobjetos guiado con dispositivo externo'),('10-2-0009','Implementaci¢n de una estrategia para la deducci¢n de la secuencia de ADN a partir de la huella gen¢mica'),('10-2-0010','sistema de informaci¢n web para la administraci¢n del registro de asistentes a eventos en la UPDCE'),('10-2-0011','reingenier¡a del sistema integral para el equipamiento y conservaci¢n de talleres y laboratorios RESIECLA'),('10-2-0012','Sistema de gesti¢n de congresos para el Centro de Formaci¢n e Innovaci¢n Educativa'),('10-2-0013','Sitio web para el fomento del ecoturismo del Municipio de Nicolas Romero'),('10-2-0014','Simulador 3D de contingencias para la estaci¢n POLITCNICO de la L¡nea 5 del Sistema de transporte Colectivo Metro'),('10-2-0015','Sistema de b£squeda de protocolos y trabajos terminales Escanett'),('10-2-0016','Sistema de adquisici¢n de se¤ales para an lisis de fonocardiogramas'),('10-2-0017','Desarrollo de un sistema computacional para la construcci¢n de  rboles filogen‚ticos'),('10-2-0018','Sistema para localizac¢n de trabajo utilizando realidad virtual.'),('11-1-0001','PLATAFORMA PARA EL APOYO EN LA EDUCACIàN EN LINE (PAEL)'),('11-1-0002','DISE¥O DE UNA ARQUITECTURA PARA UNA RED NEURONAL ARTIFICIAL PERCEPTRON SOBRE UN FPGA'),('11-1-0003','APLICACIàN WEB PARA LA GESTIàN Y SEGUIMIENTO ACADMICO PARA ALUMNOS DE POSGRADO EN ESCOM'),('11-1-0004','SISTEMA DE CONTROL Y ADMINISTRACIàN DE LOS RECURSOS DE RED PARA LA INFRAESTRUCTURA DE RED DE DATOS UNINET'),('11-1-0005','SISTEMA DIGITAL PARA CONTROL DE ACCESO BIBLIOGRµFICO (SIDICAB)'),('11-1-0006','PROTOTIPO DE HERRAMIENTA DE APOYO AL DISE¥O DE EXHIBICIONES EN MUSEOS'),('11-1-0007','HERRAMIENTA DE VISUALIZACIàN DE LAS ESTRUCTRURAS DE DATOS BµSICAS'),('11-1-0008','SISTEMA DE FACTURACIàN ELECTRàNICA'),('11-1-0009','SISTEMA GESTOR DE COSTOS DE OPERACIàN ENTRANSPORTE (SISGECOT)'),('11-1-0010','SISTEMA DE CONTROL DE INVENTARIO DE EQUIPO DE CàMPUTO'),('11-1-0011','SISTEMA DE GESTIàN Y SEGUIMIENTO DE PROYECTOS DE INVESTIGACIàN (SISGEPI)'),('11-1-0012','SISTEMA EDITOR DE PRESENTACIONES EN LÖNEA'),('11-1-0013','SISTEMA DE ADMINISTRACIàN DE CATµLOGOS ELECTRàNICOS PARA VENTAS Y COMPRA VÖA WEB'),('11-1-0014','MàDULO DE COMUNICACIàN USANDO UN CONTROLADOR USB'),('11-1-0015','SISTEMA DE SEGURIDAD E IDENTIFICACIàN'),('11-1-0016','HERRAMIENTA PARA TRAZADOS DE DIBUJOS A MANO ALZADA'),('11-1-0017','EASY TRANSLATOR PROGRAMMING LANGUAGES'),('11-1-0018','MODELO VIRTUAL CRANEAL CONTROLADO POR DISPOSITIVO BLUETOOTH'),('11-1-0019','SISTEMA DE TELEMONITOREO DE PRESIàN ARTERIAL'),('11-1-0020','SISTEMA PARA EL DISE¥O DE LA ESTRCUTURA ACADMICA EN ESCOM'),('11-1-0021','SISTEMA PARA LA ADQUISICIàN DE SE¥ALES EEG DE BAJO COSTO'),('11-1-0022','TOFU-GAME: JUEGO DE VIDEO, COMO HERRAMIENTA AUXILIAR EN LA MEDICIàN DE LA TOLERANCIA A LA FRUSTRACIàN'),('11-1-0023','SISTEMA PARA LA APLICACIàN DE EXµMENES TEàRICOS'),('11-1-0024','SISTEMA DE GESTIàN MDICA PARA LA DIABETES A TRAVES DE LA SMS'),('11-1-0025','SISTEMA DE NAVEGACIàN PARA MàVILES BASADO EN PLATAFORMA ANDROID (FOLLOW ME­)'),('11-1-0026','APLICACIàN PARA EL PRE-DIAGNàSTICO DE INFLUENZA'),('11-1-0027','SISTEMA DE CAPTURA DE IMµGENES DE EVENTOS EN MOVIMIENTO'),('11-1-0028','HERRAMIENTA DE APOYO PARA LA GENERACIàN DE CàDIGO FUENTE A PARTIR DE DIAGRAMAS DE FLUJO Y UML'),('11-1-0029','Aplicacion del Head Tracking en videojuegos y/o realidad virtual'),('11-1-0030','SISTEMA DE ADMINISTRACION Y GENERACION DE DOCUMENTOS SAYGED'),('1996-0002','Red Centralizada De Computadoras Usando Radiomodem'),('1996-0003','Manejador De Variables En Tiempo Real En Sistemas Distribu¡dos'),('1996-0004','Aracnotr¢n: Robot Experimental En Forma De Ara¤a'),('1996-0005','Sistema De Reconocimiento De Huellas Digitales'),('1996-0006','Sistema Inform tico De Electrocardiograf¡a'),('1996-0007','Control Fino De Un Brazo Artificial'),('1996-0008','Creaci¢n De Un Ambiente De C¢mputo Distribu¡do Orientado A Objetos'),('1996-0009','Sisne-v: Sistema De Navegaci¢n De Escenarios Virtuales'),('1996-0010','Procesamiento De Lenguaje Natural'),('1996-0011','Lenguaje Orientado A La Ense¤anza De Las Matem ticas'),('1996-0012','Control De Un Brazo Pintor'),('1996-0013','Millenium: Sistema Interactivo En Inform tica Educativa'),('1997-0016','Desarrollo De Un Sistema De Reconocimiento De Voz Basado En L¢gica Difusa'),('1997-0020','Desarrollo De Un Controlador Gpib Para Computadora Persona'),('1997-0023','Especificaci¢n De Algoritmos En Csp'),('1997-0024','Especificaci¢n De Protocolos Con Promela'),('1997-0026','Dise¤o E Implementaci¢n Parcial De Un Sistema Operativo'),('1997-0027','Herramientas Gr ficas De Dise¤o (HGD)'),('1997-0028','Sistema De Archivos Distribuido'),('1997-0030','Hm1 (electroencefal¢grafo Digital)'),('1997-0031','Desarrollo De Un Generador De Funciones Con Forma De Onda Arbitraria E Interfaz Gpib'),('1997-0034','Monitoreo De Se¤ales Ambientales Mediante El Microcontrolador Mc68hc11'),('1997-0041','Prototipo De Una Guitarra-bajo Midi'),('1997-0044','Pron¢sticos En La Bolsa Mexicana De Valores'),('1997-0047','Software Para La Investigaci¢n En Gen‚tica Aplicada Al Mejoramiento Animal'),('1997-0052','Sistema De Captura De Se¤ales Fisiol¢gicas'),('1997-0055','Mapeo Laplaciano De La Superficie Corporal Del Coraz¢n'),('1997-0062','Desarrollo De Un Manejador De Bases De Datos'),('1997-0064','Sistema Automatizado Para El Dise¤o De Carreteras'),('1998-0068','Case Para El Dise¤o De Sistemas De Informaci¢n Orientada A Objetos'),('1998-0070','Desarrollo De Un Osciloscopio De Almacenamiento Digital Con Interfaz Gpib'),('1998-0073','Inteligencia Artificial Aplicada Al Control De Un Sem foro'),('1998-0075','Control De Acceso Electr¢nico Mediante Tarjetas'),('1998-0078','Desarrollo De Un Sistema De Mandos Por Voz'),('1998-0079','Inteligencia Artificial Aplicada A La Automatizaci¢n De Un M¢vil'),('1998-0080','RoboTaladro'),('1998-0081','Sistema Digitalizador De Objetos'),('1998-0082','Sistema De Apoyo Computacional Para El Fortalecimiento De Actividades Psicomotrices En Ni¤os Con Par lisis Cerebral'),('1998-0089','An lisis De Un Modelo Econ¢mico Con Comportamiento Ca¢tico'),('1998-0090','Juego De Negocios'),('1998-0091','Identificador De Personas Mediante La Voz'),('1998-0092','Un Lenguaje Para Especificar Redes De Petri Estoc sticas'),('1998-0097','Software Para La Validaci¢n De Datos De La Bmv'),('1998-0098','Sistema Gr fico Para Modelaci¢n De Redes De Petri'),('1998-0102','Control De Bases De Datos Distribu¡as Redundantes Por Concenso Mayoritario'),('1998-0104','Sistema Evaluador De Desarrollo De Productos De Software Bajo La Norma Spice'),('1999-0108','Biblioteca Estad¡stica (ma401)'),('1999-0109','Sistema Para La Clasificaci¢n De Objetos Planos'),('1999-0110','Sistema De Diagn¢stico Del Grado De Movilidad En Extremidades Superiores En Personas Con Par lisis Cerebral O Con Traumatismo F¡sico'),('1999-0111','Sistema Mec nico Para La Clasificaci¢n De Partes, Usando Informaci¢n Visual'),('1999-0113','Visualizaci¢n Del Cuerpo Humano En 3d'),('1999-0114','Montura Para Telescopio Controlada Por Computadora'),('1999-0115','Eied: Editor Interactivo De Estructuras De Datos'),('1999-0118','Recurso De Revocaci¢n En La Agji'),('1999-0119','Graficador De Funciones En 2D y 3D'),('1999-0120','Protocolo De Control De Copias En Una Base De Datos Distribu¡da'),('1999-0121','Prototipo De Jard¡n Hidrop¢nico Automatizado'),('1999-0122','Intra ESCOM'),('1999-0123','Robinn: Robot Inteligente De Navegaci¢n'),('1999-0124','Controlador Gpib Basado En Microcontrolador'),('1999-0125','Generador Cartogr fico Basado En Coordenadas GPS'),('1999-0126','Procesador Digital De Se¤ales Empleando Dispositivos Programables'),('1999-0127','SIMMANs (simulador De Manejo Para La Evaluaci¢n De Las T‚cnicas De Conducci¢n Econ¢micas En Diferentes Unidades De Transporte'),('1999-0129','Ping-pong: Interceptor De Objetos En 2d Usando Visi¢n Por Computadora'),('1999-0130','Sistema De Informaci¢n Bibliotecario Para La Intranet Del Senado De La Rep£blica'),('1999-0131','Sistema Aut¢nomo M¢vil De Adquisici¢n De Im genes A Distancia'),('1999-0132','Ejecuci¢n Autom tica De Un Archivo Midi En Una Guitarra Ac£stica'),('1999-0133','Dispositivo Traductor De Texto A Sistema Braile'),('1999-0134','Control En Tiempo Real: Experimentaci¢n Por Medio De Telepresencia'),('1999-0135','Hedie: Herramienta Cad Para El Dise¤o De Instalaciones El‚ctricas En Casas-habitaci¢n'),('1999-0136','Metamorfosis (sistema De Transformaci¢n De Im genes)'),('1999-0138','Un Sistema Multi-agente Para Un Ambiente Virtual De Aprendizaje Cooperativo'),('1999-0139','Sistema De Instrumentaci¢n A Baja Distancia Por Medio De Fibra ¢ptica'),('1999-0141','M¢vil Electr¢nico Controlado Internamente A Trav‚s De Se¤ales De Voz (mecias)'),('1999-0142','Control Inteligente De Un Brazo M¢vil'),('1999-0143','Listener/talker Gpib Basado En Microcontrolador'),('1999-0144','M¢dulo De Instrumentaci¢n Electr¢nica Con Interfaz Para Pc'),('1999-0146','Reconocedor Y Analizador De Las Coordenadas De Los Objetos Puntuales En Mapas Cartogr ficos Tipo Raster'),('1999-0149','Soporte T‚cnico Remoto En Entornos De Red'),('1999-0150','Ulama: Video Juego Educativo Para Ni¤os Por Medio De T‚cnicas De Agentes'),('1999-0151','Fenix: Video Juego De Carrera De Autos'),('1999-0152','Sistema De Consulta Para Una Casa De Bolsa Basado En Tecnolog¡as Web'),('1999-0154','Convertidor de archivos con formato WAVE a archivos con formato MIDI'),('1999-0158','L¢gica Difusa Aplicada A Un Juego Por Computadora'),('1999-0160','C-case: Componente De Una Herramienta Case Para El Dise¤o De Bases De Datos'),('1999-0161','Jiba 3d (juego Inteligente De Batalla A‚rea Tridimensional Basada En T‚cnicas De Aprendizaje'),('1999-0162','Biblioteca De Ecuaciones Diferenciales'),('1999-0163','Desarrollo De Una Estructura Aproximada A La Morfolog¡a De Una Mano De Cuatro Grados De Libertad Utilizando Alambres Piezoel‚ctricos Y Controlada A Trav‚s De La Computadora Y Una Interfaz Gr fica De Planeaci¢n Y Control De Movimientos'),('1999-0165','Vcd-shop (tienda Virtual De Discos Compactos En Internet/intranet)'),('1999-0168','Construcci¢n De Un Protocolo Sobre Ip'),('1999-0170','Manipulaci¢n De Un Escenario Virtual Por Medio De Una Interfaz De Hardware De Prop¢sito Espec¡fico'),('1999-0172','Dise¤o De Un Robot M¢vil Para El Reconocimiento Y Clasificaci¢n De Objetos De Acuerdo A Su Color'),('1999-0173','Herramientas Case Para La Simulaci¢n De Sistemas De Control Autom tico Inteligente Bajo Ambiente Windows'),('1999-0174','Secretario Inform tico De Control De Personal Para La Direcci¢n De C¢mputo Y Comunicaciones De La Secretar¡a De Seguridad P£blica Del Ddf'),('1999-0178','Sistema De Aprendizaje Virtual En Grupo'),('1999-0179','Siba (sistema De Informaci¢n Bibliotecario Avanzado)'),('1999-0183','Smot'),('1999-0184','Control De Un Servomecanismo Por Medio De Internet'),('1999-0185','Soap: Sistema Operativo De Agencias Mayoristas'),('1999-0186','Uva (universidad Virtual Amigable)'),('1999-0189','Chess-3d'),('1999-0190','Sistema Inform tico De Gesti¢n De Servicios Escolares (SIGSE)'),('1999-0191','Sistema De Informaci¢n Para Procesos De Negocio'),('2000-0192','Identificador De Personas Por Medio De Im genes Del Iris'),('2000-0193','Manipulaci¢n De Un M¢vil Por Visi¢n Artificial'),('2000-0194','Analizador De Espectro Digital Basado En Computadora'),('2000-0199','Sistema Para El An lisis De Un Electroencefalograma'),('2000-0201','Espectrofot¢metro'),('2000-0202','Herramienta Para El Desarrollo De Bases De Datos Usando El Modelo De Objeto Sem ntico'),('2000-0203','Desarrollo De Un Sistema De Telemetr¡a Basado En Una Pc Y Un M¢vil'),('2000-0204','Escaneo De Objetos En 3d Con T‚cnica L ser'),('2000-0205','Edificio Inteligente (dom¢tica)'),('2000-0206','Sistema El‚ctrico Manipulado Por Voz'),('2000-0207','Rostro Virtual'),('2000-0208','Aplicaci¢n De La Infraestructura De La Telefon¡a Celular Y Del Servicio GPS Para La Localizaci¢n Y Monitoreo De Un M¢vil'),('2000-0209','Sistema De Informaci¢n Para Bases De Datos Distribuidas Aplicado A Una Empresa De Ventas De Material De Construcci¢n'),('2000-0210','Tarjeta De Adquisici¢n De Datos Aut¢mata Con Interfase Rs-232'),('2000-0211','Entorno De Desarrollo Integrado Para Aplicaciones Embebidas De Tiempo Real'),('2000-0212','Optimizaci¢n De Un Portafolio Burs til Mediante Modelos Matem ticos Financieros'),('2000-0213','Instrumentos De Laboratorio Basados En Una Tarjeta De Sonido'),('2000-0214','Sistema Interactivo Multimedia Para El Aprendizaje De La Lengua De Se¤as'),('2000-0215','Suit ESCOM'),('2000-0216','Bit cora Para El Registro De Las Condiciones De Los Pozos Y La Calidad Del Agua Alumbrada De La Red Hidr ulica Del Valle De M‚xico'),('2000-0217','Dise¤o De Un Sistema De Calibraciones Para Instrumentos Que Cumplen Con La Norma Iso 9000'),('2000-0218','Sistema Administrador De Recursos Para Una Comercializadora De C¢mputo, Basado En Base De Datos Relacionales Y Arquitectura Cliente-servidor'),('2000-0219','Sistema De Control De Proyectos Para Una Intranet'),('2000-0220','Sistema De Archivos Con Cifrado De Datos'),('2000-0221','Sici- Sistema De Conteo De Im genes En Una Escena'),('2000-0222','Prototipo De Equipo De Ultrasonido Empleando Frecuencias Sonoras'),('2000-0223','Sitio Web Adaptativo'),('2000-0224','Servidor Proxy'),('2000-0225','Videojuego Rpg En 3d'),('2000-0226','Sistema De Monitoreo Remoto Y Seguridad Integral De Inmuebles'),('2000-0227','Manejo De Operaciones De Lectura Y Escritura En Una Base De Datos Distribuida Redundante'),('2000-0228','Sistema De Ventas Basado En Tecnolog¡as Web Para Una Comercializadora De Calzado'),('2000-0229','Ecg-sys (electrocardi¢grafo Y Sistema De Informaci¢n Basado En Microcontrolador Pc)'),('2000-0230','Vilnet, Prototipo De Una Red Inal mbrica'),('2000-0231','Sistema Reconstructor De Rostros Humanos A Partir Del Modelo Tridimensional Del Cr neo'),('2000-0232','Sistema Evolutivo Para Consultas En Lenguaje Natural Restringido A Bases De Datos'),('2000-0233','Reconocimiento Autom tico De Un Mapa De Regiones'),('2000-0234','Sistema De Informaci¢n Con Bases De Datos Distribuidas Para Control De Ventas E Inventario'),('2000-0235','Tienda Electr¢nica'),('2000-0236','Sistema De Embotellado'),('2000-0237','Prototipo De Un Sistema De Pagos Basado En Dinero Digital'),('2000-0238','Procesamiento De Consultas En Bases De Datos Distribuidas'),('2000-0239','Sistema Administrador De Un Estacionamiento'),('2000-0240','Animaci¢n Por Computadora Aplicada A Un Videojuego De Aventura En 3d'),('2000-0241','Generaci¢n Y Caracterizaci¢n De Texturas Empleando Geometr¡a Fractal, Para Aplicaciones En Microscop¡a Optica'),('2000-0243','Gis: Sistema De Informaci¢n Tur¡stica Para El Distrito Federal'),('2000-0244','An lisis De Requerimientos En Lenguaje Natural Para El Dise¤o Conceptual De Una Base De Datos'),('2000-0245','Silla De Ruedas Con Control Digital Basado En L¢gica Difusa'),('2000-0246','Espertcom'),('2000-0247','Software Did ctico Para F¡sica (mec nica)'),('2000-0248','Dise¤o Y Construcci¢n De Un Sistema De Adquisici¢n De Datos Basado En Una Computadora Personal'),('2000-0249','Sistema Parametrizable De Servicios De Informaci¢n Y Gesti¢n De Banca-seguros Para La Intranet Del Banco Santander Mexicano'),('2000-0250','Guornetcom, Un Portal Para Dispositivos Inal mbricos'),('2000-0251','Celda De Procesamiento Flexible Para La Refrigeraci¢n De Moldes Usados En La Fabricaci¢n De Objetos De Pl stico De Plastisoles De Pvc (policloruro De Vinilo)'),('2000-0252','Control ¢ptimo De Un M¢vil Aut¢nomo Por Rf En Una Pista Con Obst culos'),('2000-0253','Procesador Digital De Se¤ales'),('2000-0254','Tarjeta Receptora De Televisi¢n Para Computadora Personal'),('2000-0255','Generador De Paginas Web'),('2000-0256','Sistema Interactivo De Gesti¢n Y Formaci¢n Empresarial'),('2000-0257','Portal De Internet Para Comercio Electr¢nico'),('2000-0258','Sistema Lector Y Editor De Partituras Musicales'),('2000-0259','Sistema De Adquisici¢n De Datos De Alta Velocidad'),('2001-0276','Listener/talker Gpib Basado En Microcontrolador'),('2001-0277','Autenticaci¢n De Firmas Manuscritas Por Algoritmos De Inteligencia Artificial'),('2001-0278','Secuenciador Musical A Partir De Archivos De Audio Filtrados Digitalmente'),('2001-0279','Dise¤o Y Realizaci¢n De Una Red Para Interconectar Varios Teclados A Una Pc'),('2001-0280','Sistema Traductor Del Lenguaje De Se¤as A Voz'),('2001-0281','Sistema De Diagn¢stico M‚dico Portatil Con Transmisi¢n Remota'),('2001-0282','Sistema De Seguridad Dom‚stico'),('2001-0284','Video Juego 3d Multiusuario'),('2001-0285','Juego De Simulaci¢n En Tercera Dimensi¢n'),('2001-0286','Sistema Orientado A Ventas Al Detalle Por Internet (sovdi)'),('2001-0289','Sistema De Detecci¢n Y Localizaci¢n De Rostros Humanos En Una Imagen'),('2001-0290','C‚lula Robotizada Para Corte De Piezas'),('2001-0291','Herramienta De Generaci¢n De C¢digo A Partir De Patrones De Dise¤o Oo'),('2001-0292','Recuperaci¢n Y Restauraci¢n De Videos En Formato Comprimido'),('2001-0293','Morfismo 3d'),('2001-0294','Algoritmo De Detecci¢n De Abrazos Mortales En Una Base De Datos Distribu¡da'),('2001-0295','Integraci¢n De Soluciones Busines To Busines (isb2b)'),('2001-0296','Lineas De Espera En Urgencias O Quir¢fanos En El Hospital La Raza'),('2001-0299','Sistema De Seguridad Automotriz, Para Activaci¢n De Alarmas, Utilizando Radiofrecuencia'),('2001-0300','Generador De Mundos Virtuales'),('2001-0301','Sistema De Reconocimiento De Formas A Trav‚s Del Tacto (sipertac)'),('2001-0302','Sistema De Desarrollo De Prototipos Basado En Dispositivos Programables Intel'),('2001-0304','Interpretaci¢n De Lenguaje De Se¤as Por Tratamiento Digital De Video'),('2001-0305','Prototipo De Reproductor De Cd Con Formato Mp3 Por Hardware'),('2001-0308','Sistema De Generaci¢n De Documentos De Estructura Viable'),('2001-0311','Sistema De Mimetismo Basado En Gram tica Para Ocultamiento De Informaci¢n'),('2001-0312','Sistema Computarizado Para Detecci¢n Del Melanoma Humano'),('2001-0313','Sim-traffic-city'),('2001-0314','Sistema Para El Pre-diagn¢stico De Anemias Basado En El Reconocimiento De Patrones Dentro De Las Im genes De Una Muestra Sangu¡nea'),('2001-0315','Mobusco: Motor De B£squeda Por Contexto'),('2001-0317','Prototipo De Armonizaci¢n De Una Melod¡a Por Computadora'),('2001-0318','Protocolo Para El Env¡o De Informaci¢n A Trav‚s De Sokets De Forma Cifrada Y/o Firmada (canal Seguro)'),('2001-0319','Trabajo Para La Recuperaci¢n De Im genes'),('2001-0320','Sistema De Modulaci¢n Tridimensional De Figuras S¢lidas, Isom‚tricas A Partir De Sus Vistas Laterales'),('2001-0322','Plataforma Gen‚rica E-learning'),('2001-0324','Generador De Im genes En Un Medio Exterior A La Computadora'),('2001-0325','Capturador De Movimientos 3d (cm3d)'),('2001-0326','Tienda Virtual De Regalos'),('2001-0327','Dise¤o De Implementaci¢n De Un Ambiente Web Para Editar Y Compartir Documentos'),('2001-0328','Int‚rprete De Texto A Voz'),('2001-0329','Sistema De Mantenimiento En L¡nea Y En Tiempo Real En Web (simaltir-w)'),('2001-0330','Dise¤o De Autos Asistido Por Computadora (caad)'),('2001-0331','Marketplace: Sitio De Compra- Venta En El Web'),('2001-0332','Ecosistemas Simulados En Mundos Virtuales (esmv)'),('2001-0333','Simulador Para La Eliminaci¢n De Hidrocarburos En Una Corriente De Aguas Residuales Mediante El M‚todo De Ozonizaci¢n'),('2001-0334','Sistema De Ventas M¢vil'),('2001-0335','Control De Citas M‚dicas'),('2001-0336','Sistema Para Comunicaci¢n Segura En Canales Inseguros Con Cifrado De Llave Privada En Linea'),('2001-0337','Sistema De Reconocimiento De Patolog¡as Oculares'),('2001-0338','Sistema De Reconocimiento De Personas Por Medio Del Rostro'),('2001-0339','Sistema Demostrativo De Servicios Seguros De Red Empresarial (sssre)'),('2001-0340','Convertidor De Tecnolog¡as De Elevaci¢n (gis) En Ambiente Vrml'),('2001-0342','Sistema De Reconocimiento De Caracteres Impresos'),('2001-0343','Sistema De Administraci¢n Curricular (sac)'),('2001-0344','Herramienta Basada En Comercio Electr¢nico, Para Crear Soluciones De Negocios A Consumidor (b2c)'),('2001-0345','Chess_3d Ajedrez, En Tercera Dimensi¢n'),('2001-0346','Sistema De Desarrollo De Prototipos Basado En Dispositivos Programables Intel'),('2001-0347','Alta Disponibilidad, Disponibilidad Continua Y Tolerancia A Fallas: Metodolog¡a Y Estrategias De An lisis, Dise¤o E Implantaci¢n De Soluciones De Hardware Y Software Para Empresas Altamente Dependientes De La Tecnolog¡a De Informaci¢n Casos Pr cticos: Grupo Electra, Grupo Ado Y Iusacell'),('2001-0348','Svdj- Sistema Visual De Desarrollo Para Java'),('2001-0349','Sistema De Informaci¢n Para Bases De Datos Distribu¡das Aplicado A Un Sistema De Inventario'),('2001-0350','Atlas Commerce'),('2001-0352','Sistema Programador De Microcontroladores'),('2001-0353','Sistema Para Administraci¢n De Informaci¢n De Centros Comerciales'),('2001-0354','Simulador De Un Manejador De Bases De Datos Bajo La Plataforma Xml'),('2001-0355','Estudio De La Dimensi¢n Del Campo Electromagn‚tico Difractado Por Redes Fractales'),('2001-0444','Sistema Para La Elaboracion De Circuitos Impresos'),('2001-0445','Simulacion De Solidos Con Automatas Celulares'),('2001-0446','Sistema De Contabilidad Para La Escuela Superior De C¢mputo'),('2001-0447','Reconstrucci¢n De Im genes En 2dy Manejo En 3d'),('2001-0448','Servidor Para Administraci¢n De Recursos De Una Red Corporativa'),('2001-0449',' Quitajtohuilia'),('2001-0450','Desarrollo De Un Sistema De Identificaci¢n De Personas Empleando An lisi De Prodicci¢n Lineal Sobre Se¤ales De Voz'),('2001-0451','Automatizador De Ventas Utilizando T‚cnicas De Workflow'),('2001-0452','(cancelado) Monitoreo De Ondas Neuroel‚ctricas Para El Diagn¢stico Preliminar De Padecimientos Cerebrales'),('2001-0455','Sistema De Respuesta De Emergencia Del Ordenador'),('2001-0456','Sistema De Interacci¢n Remota Con Bases De Datos Empresariales'),('2001-0459','Identificaci¢n De Personas Por Medio De La Imagen De Su Mano'),('2001-0460','Sensores Inal mbricos'),('2001-0461','Mercadonet: Sistema Deventas Con Tecnolog¡a Web Y Wap'),('2001-06 b','Sistema M¢vil Remoto'),('2002-0356','Dise¤o De Casas Virtuales'),('2002-0357','Sistema De Control Y Monitoreo Para El Edificio De La Escom'),('2002-0358','Sistema Reconocedor De Texco A Partir De Caracteres Manuscritos'),('2002-0359','Sistema De Prediagn¢stico Para Determinar El Grado De Miop¡a Y Astigmatismo'),('2002-0360','Sistemas Bibliotecario Para La Escuela Superior De Computo'),('2002-0361','Sistema Experto Fase I'),('2002-0362','Sistema Simulador De La Sensaci¢n De Contactos Con Objetos Virtuales'),('2002-0363','Zool¢gico Virtual'),('2002-0364','Sistema De Aprendizale Para Ni¤os Con Paralisis Cerebral Asistido Por Computadoras'),('2002-0366','Mascota Robot P-bot'),('2002-0367','Monedero Electr¢nico Estudiantil'),('2002-0368','Azteca Rpg'),('2002-0369','Desarrollo De Editor De Jsp'),('2002-0370','Xinaztli Sistema De Fomento Exhibici¢n Y Venta De Artesan¡as Por Internet'),('2002-0371','Administraci¢n De Recursos De Docuementos Web En Un Entorno Compartido Y Cooperativo'),('2002-0372','Desarrollo E Implementaci¢n De Una Autoridad De Certificados Digitales'),('2002-0373','Sistema De Administraci¢n Radiof¢nica'),('2002-0374','Sistema De Control De Personal A Trav‚s Del Reconocimiento De Huella Dactilar'),('2002-0375','Sistema De Control Escolar IntraESCOM'),('2002-0376','Sistema Prediagnosticador De Las Malformaciones Del Pie'),('2002-0377','Sistema De Reservaciones V¡a Internet Para Compa¤¡as Hoteleras Y Para Generaci¢n De Facturas Por Hu‚sped'),('2002-0378','Sistema De Administracion Y Control De Personal Para La Escuela Superior De Computo (aycp-intra-escom)'),('2002-0379','Pantalla Electronica Controlada Via Internet'),('2002-0380','Sistema Inteligente De Comercio Electronico B2b (sice - B2b)'),('2002-0381','Video Juego De Horror Y Supervivencia'),('2002-0382','Controlador Logico Programable'),('2002-0383','Simulacion De Un Flujo (olas)'),('2002-0384','Herramienta De Software Para Analiza Series De Tiempo En Grid'),('2002-0385','Reconocimiento De Texto A Mano Alzada'),('2002-0386','Sistema De Administracion Del Activo Fijo Y Control De Espacios Para La Escuela Superior De Computo (adesintra-escom)'),('2002-0387','Equipo De Adquisici¢n Y Procesamiento De Datos Metereolo¢gicos'),('2002-0389','Sistema De Gesti¢n Para Distribuidoras Grisavo'),('2002-0390','Simulaci¢n Rob¢tica De Comportamiento Animal Para B£squeda De Objetos'),('2002-0391','Sistema De Corte De Materiales Mediante L ser De Co Con Control Y Optimizaci¢n Mediante Softaware'),('2002-0392','Guante-mouse'),('2002-0393','Sistema De Informaci¢n Geogr fica M¢vil Para La Optimizaci¢n De Rutas De Transporte En Un  rea Urbasna'),('2002-0394','La £ltima Batalla- Videojuego Rpg En El Que Se Combinan T‚cnicas 2d Y 3d'),('2002-0395','Pasword Para Computadora Basado En Reconocimiento Facial'),('2002-0396','Sistema De Ayuda Para Reconstruir Formatos De Archivos Con Registros De Tama¤o Fijo'),('2002-0397','Desarrollo De Una Infraestructura De Llave Publica Pki  Para Una Intranet'),('2002-0398','Simulaci¢n Del Comportamiento Animal Para Mapeo De Superficies Planas'),('2002-0401','M¢dulo Portatil De Monitoreo Continuo De Ecg Termometr¡a Y Oximetr¡a'),('2002-0402','Sistema Int‚rprete Real De Archivos Midi'),('2002-0403','Red Privada Virtual Rpv'),('2002-0404','Planetario Virtual Basado En Internet'),('2002-0405','Sistema De Desarrollo De Mundos Virtuales De Gran Escala Con Base En Vrml'),('2002-0406','Entorno Integrado De Desarrollo De Agentes (eida)'),('2002-0407','Sistema De Monitoreo Programable'),('2002-0408','Turismo Virtual'),('2002-0409','Sistema De Marcado Telef¢nico Por Voz'),('2002-0410','Editor Visual De Vrml'),('2002-0411','Duplicador Con Control Autom tico'),('2002-0412','Sistema De Informaci¢n Para La Administraci¢n De Una Empresa Generadora De Productos Aplicando Bases De Datos Distribuidas'),('2002-0413','Sistema Para Establecer La Normalidad De La M cula Y La Papila En Im genes En Colores de Fondo De Ojo Humano'),('2002-0414','Sistema De Escritura Barile-¢bice'),('2002-0415','Conmutador Electr¢nico Digital'),('2002-0416','Generador De Rutas Para Carreteras De La Rep£blica Mexicana Basado En Un Sistema De Informaci¢n Geogr fica'),('2002-0417','Generador De Analizadores Sint cticos Lar Para Java'),('2002-0418','Sistema De Casa De Cambio'),('2002-0419','Sistema De Identificaci¢n De Modos De Propagaci¢n Tem De Luz L ser'),('2002-0420','Sistema De Apoyo Para El Aprendizaje Del Idioma Ingl‚s (saII)'),('2002-0421','Sistema Generador De Rutas Viales'),('2002-0422','The Final Shoot'),('2002-0423','Consultas En Lenguaje Natural Restringido A Una Base De Datos (cenat)'),('2002-0424','Sistema Intranet Estructura Educativa Para Programaci¢n De Cursos Y Cargas Acad‚micas'),('2002-0426','Robot Explorador Constructor De Espacios Virtuales'),('2002-0427','Seguridad De Acceso Interno A Bases De Datos'),('2002-0428','Sistema De Administraci¢n De Investigaci¢n Y De Trabajos Terminales'),('2002-0429','Edusoft Fie (software Educativo De F¡sica Para Interacciones El‚ctricas)'),('2002-0430','Videojuego De Aventuras Con Opci¢n Multiusuario En Red Y Caracter¡sticas De Realidad Virtual Utilizando Mandos De Movimiento  Corporal'),('2002-0431','Sistema Mensajero Con Trayectoria No Definidas En Un Plano Para Sistema Conocidos Con Interfaz Pc'),('2002-0432','Medidor De Energia Electrica Digital (meed)'),('2002-0433','Medical Diseases Prediagnosys System'),('2002-0434','Sistema Academico De Ense¤anza Para Estacione De Trabajo En Lan'),('2002-0435','Sistema De Informacion Multimedia Para La Cafeteria Del Cic'),('2002-0436','Video Juego Educativo InteligenTTe Para La Promocion De Conocimientos En Astronomia'),('2002-0438','Sistema De Navegacion Inteligente Para Ambulancias De La Cruz Roja Mexicana Mediante GPS'),('2002-0439','Sistema Electronico Para El Diagnostico De Ciertas Enfermedades Por Acupuntura'),('2002-0440','Implantaci¢n De Balance O De Carga Y Alta Disponibilidad En Servidores Linux'),('2002-0441','Corector Ortografico Para El Idioma Espa¤ol'),('2002-0442','Ademuvi-pci- Adquisitor Y Editor Multiple De Video Con Interfaz Pci'),('2002-0443','Movil Explorador De Terrenos'),('2002-0445','simulacion de solidos con automatas celulares'),('2002-0446','sistema de contabilidad para la escuela superior de computo'),('2002-0449','quitajhuilia'),('2002-0450','desarrollo de un sistema de identificacion de personas empleados analisis prediccion lineal sobre se¤ales de voz'),('2002-0451','automatizador de ventas utilizando tecticas de workflov'),('2002-0453','asistente para dise¤ar y crear portales de formas automatizada'),('2002-0457','desarrollo del sistema sacf (sistema administrador para contabilidad y finanzas)'),('2002-0461','Mercadonet: sistema de ventas con tecnolog¡a web y wap'),('2002-0463','Portafolio Burs til Inteligente'),('2002-0464','Prototipo De Sistema De Monitoreo Del Consumo De Energia El‚ctrica'),('2002-0465','Herramienta Case Generadora De Aplicaciones Para La Intranet'),('2002-0466','Sistema De Posicionamiento Local'),('2002-0467','Sistema De Compresi¢n Adpcm Para La Adquisi¢n De Datos En Alta Velocidad'),('2002-0470','proyectoren 3d de imagenes estereoscopicas'),('2003-0124','Sistema de exportaci¢n de archivos en l¡nea'),('2003-0473','Arquitectura de software dirigida a integraci¢n B2B'),('2003-0480','Sistema De Evoluci¢n Facial Katun'),('2003-0481','Password Gr fico'),('2003-0482','Sistema De Autentificaci¢n De Huellas Dactilares'),('2003-0483','Sistema De Comunicaci¢n De Voz Y Datos En Una Red De  rea Local'),('2003-0484','Glucosdetec'),('2003-0485','Arquitectura De Colaboraci¢n Mediante Dispositivos M¢viles Aplicada A La Administraci¢n Del Conocimiento'),('2003-0486','Control Y Monitoreo De Algunas Variables F¡sicas V¡a Remota Usando La Plataforma Tini'),('2003-0487','Capturador De Movimientos Tridimensionales Del Cuerpo Humano'),('2003-0488','Coe:the Game'),('2003-0489','Simulador De Intercambio De Gases En Los Pulmones'),('2003-0490','Desarrollo De Un Dispositivo Port til Para Almacenamiento Inteligente De Electrocardiograma (holter)'),('2003-0492','Traductor De Texto A Braille'),('2003-0493','Reconocimiento De Voz Mediante T‚cnicas Lpc Para Fonemas Sonoros'),('2003-0494','Editor De Objetos En 3d'),('2003-0495','Sensor Remoto Laser-lidar (light Detection And Ranging)'),('2003-0497','Sistema de Verificaci¢n De Placas De Autom¢vil (SIVEPA)'),('2003-0498','Caracterizaci¢n De La Red Vascular Del Polo Posterior De Una Retina Normal'),('2003-0500','Project Vai, Video Juego De Acci¢n/aventura En 3d'),('2003-0501','Sistema Pre-diagnosticador De Fallas De Veh¡culos De Motor A Gasolina'),('2003-0502','Guante Interpretador Del Lenguaje De Se¤as'),('2003-0503','Sistema De Control Y Monitoreo De Recintos Usando Dispositivos M¢viles'),('2003-0505','Sistema De Trazado Cefalom‚trico Para Tratamiento De Ortodoncia'),('2003-0507','Traje Para Captura De Movimientos En Tiempo Real'),('2003-0508','Generaci¢n De Vistas De Im genes Cad Mediante Laser'),('2003-0510','Sistema Identificador De Materiales'),('2003-0511','Mapeo Cerebral Por Computadora En Base A Se¤ales Del Ee'),('2003-0512','Dise¤o Y Construcci¢n De Un M¢vil Manipulado Por La Pc'),('2003-0513','Invernadero Inteligente De Producci¢n Automatizada Invipa'),('2003-0514','Sistema Biom‚trico De Control De Personal'),('2003-0515','Sistema De Simulaci¢n Del Movimiento Del Esqueleto Humano En 3d'),('2003-0516','Sistema Contable Multiplataforma Y Multiversi¢n Diablo'),('2003-0517','Sistema de informaci¢n integral para la administraci¢n de empresas fabricantes de envases y embalajes usando Bases de Datos Distribuidas y aplicaciones en  internet'),('2003-0518','Sistema Gen‚rico De Reservaciones Por Internet Compatible Con Pcs Y Dispositivos M¢viles'),('2003-0519','Sistema Experto De Investigaci¢n De Mercado Y An lisis Publicitario Seimap'),('2003-0520','Seta Sistema Evaluador De Trabajos Acad‚micos'),('2003-0521','Sistema De Diagnostico De Signos Vitales En Casos De Trauma'),('2003-0522','Desarrollo De Circuitos Impresos'),('2003-0524','Sistema De Reservaci¢n De Boletos De Autobus Utilizando Internet'),('2003-0525','Ez - Portal'),('2003-0527','Herramienta De Dise¤o De Patrones De Paginas Web'),('2003-0530','Sistema De Env¡o De Mensajes Publicitarios A Tel‚fonos Celulares'),('2003-0531','Prototipo De Tallado De Figuras 3d En Yeso'),('2003-0532','Sistema Administrador De Restaurantes Y Control De Comandas Apoyado En Bases De Datos Distribuidas Con Acceso V¡a Internet'),('2003-0533','Protocolo de control de copias en una base de datos distribuida utilizando un m‚todo de votaci¢n din mico'),('2003-0537','Sistema Para Monitoreo Y Seguimiento De Actividades Relacionadas A Promociones Editoriales Utilizando Internet'),('2003-0539','Sistema Experto Para El Diagnostico Y Control De Enfermedades'),('2003-0541','Aplicaci¢n De Agentes Inteligentes A Un Juego De Horror Y Estrateg¡a'),('2003-0542','Sistema De Control De Informaci¢n Con M¢dulos Inal mbricos Con Respuestas A Emergencias'),('2003-0543','Comunidad Virtual Distribuida Persistente'),('2003-0544','Sistema Distribuido De Administraci¢n Hotelera (sidah)'),('2003-0545','Sistema De Simulaci¢n De Cirug¡as Pl sticas ( Siscp )'),('2003-0546','Rat¢n Controlado Con El Potencial Bioel‚ctrico Generado Por El Movimiento De Los Ojos (electrooculograf¡a) Que Interact£a En Una Palm'),('2003-0549','Kinich Enoc Sistema De Control De Acceso Empleando Reconocimiento De Im genes'),('2003-0551','Skullder Generador De Aplicaciones Web Con Tecnolog¡a Java A Partir De Xml Y Grafos'),('2003-0552','Brazo Mec nico Con Reconocimiento De Im genes'),('2003-0554','Gestor De Aplicaciones Y Documentaci¢n Uml'),('2003-0555','Sistema De Manejo De Nomina Y Presupuesto'),('2003-0557','Sistema De Simulaci¢n De Motores Ssedem'),('2003-0558','Mano Mec nica'),('2003-0560','Impresora Controlada V¡a Radiofrecuencia'),('2003-0561','Sistema De Informaci¢n Geogr fica Para La Localizaci¢n De Sitios Geogr ficos Para El Distrito Federal En La Internet'),('2003-0562','Portal De Comercio Electr¢nico Con Soporte Para Dispositivos M¢viles'),('2003-0563','Sistema Experto De Apoyo A La Toma De Decisiones Enfocada A Empresas De Inform tica'),('2003-0564','Asesor Inteligente Para La Ense¤anza De Uml'),('2003-0565','Evoluci¢n De C£mulos Gal cticos Con Materia Obscura Escalar'),('2003-0566','Simulaci¢n De Flujos Turbulentos'),('2003-0567','Sistema De An lisis De Ondas Cerebrales Para El Prediagn¢stico De Padecimiento Y Caracter¡sticas'),('2003-0568','Robot Con Capacidad De Vuelo Manipulado Por Medio De Internet (volador)'),('2003-0569','Autom¢vil Inteligente'),('2003-0571','Automatizaci¢n de procesos que se realizan dentro de la unidad de soporte t‚cnico y operativo del Centro de Investigaci¢n en Computaci¢n (INTRA-USTO)'),('2003-0572','Sistema Generador De Retratos Hablados En 3d'),('2003-0573','Material did ctico de Adquisici¢n de Datos por Internet'),('2003-0576','Simulaci¢n De Par metros Fisiol¢gicos Basado En Redes Fr ctales'),('2003-0577','Simulador De Movimientos S¡smicos (estudio De Ondas El sticas En Medios Homog‚neos Y No Homog‚neos)'),('2003-0578','Photomosaic'),('2003-0586','Sistema De Administraci¢n De Conferencias Orientado A La Web'),('2003-0588','Servicio Inal mbrico De Informaci¢n De Actividades Recreativas'),('2003-0589','Sistema Emulador De Perif‚ricos Virtuales'),('2003-0591','Quicksql - Base De Datos Paralela Sobre Un Cluster En Linux'),('2003-0592','Modelo De Iluminiaci¢n De Render Para Superficies Irregulares'),('2003-0593','Sistema Del Prediagn¢stico De Anomal¡as En C‚lulas C‚rvico Uterinas Basado En La Citolog¡a Exfoliativa (prediaccu)'),('2003-0594','Sistema De Pre-diagnostico Medico En Ortopedia'),('2003-0595','Entorno De Desarrollo De Animaciones En Tercera Dimensi¢n De Modelos Humanoides'),('2003-0596','S I M E D C O R Sistema Inteligente Multimedia De Educaci¢n A Distancia Con Componentes Reutilizables'),('2003-0598','Templario'),('2003-0599','Bildverbindung:uni¢n De Im genes(aleman)'),('2003-0603','Sistema Identificador De Expresiones Faciales'),('2003-0604','Sistema De Captura De Movimiento Para Detecci¢n De Patolog¡as Ortop‚dicas \'DEPAO\''),('2003-0606','Robot M¢vil Explorador Xplorer'),('2003-0607','Sistema De Regulaci¢n Autom tica De Trenes Para El Stc Del Df (sirat-stc-df)'),('2003-0608','Sistema De Monitoreo Inteligente Aplicado A Equipos De Computo'),('2003-0609','Modelo De Seguridad Para El Comercio Electr¢nico En Plataforma Linux'),('2003-0611','Administrador De Un Servidor Linux V¡a Web (adsel)'),('2003-0612','Sistema Experto Inteligente De Selecci¢n De Personal'),('2003-0614','Sistema De Asistencia Virtual Para La Atenci¢n Al Publico De Una Empresa Hotelera'),('2003-0615','Sistema De Informaci¢n Integral Empresarial Basado En Web Services (ssie)'),('2003-0616','Clasificaci¢n De Objetos Complejos, Mediante Un Brazo Mec nico Y Visi¢n Por Computadora'),('2003-0617','Sistema De Administraci¢n Para El Hospital Conde De Valenciana Iap'),('2003-0619','P - BOT MASCOTA ROBOT'),('2003-0620','Sistema De Localizaci¢n Y Navegaci¢n Para Veh¡culos Empleando La Tecnolog¡a GPS'),('2003-0621','Sistema Identificador Por Mandos De Voz'),('2003-0622','Sistema de administraci¢n para el equipo de computo del laboratorio de redes de la ESCOM'),('2003-0624','Sistema De Administraci¢n Y Control De Personal A Trav‚s De La Web Para La Escuela Superior De Computo (sacpaw- Intra-escom)'),('2003-0625','Simulador De Autom¢vil Para Escuela De Manejo Virtual'),('2003-0626','Coi (sistema Para Ocultar Informaci¢n)'),('2003-0627','Prototipo De Un Simulador De Accidentes De Tr nsito Terrestre'),('2003-0629','Sistema Administrador De Tramites(satflow)'),('2003-0630','Desarrollo De Una Aplicaci¢n M¢vil De Tipo Acad‚mica Para El Centro De Investigaci¢n En Computaci¢n'),('2003-0631','Implementaci¢n De Un Algoritmo Para S¡ntesis De Voz Port til'),('2004-0633','Sistema Auxiliar Para El Diagnostico De Carcinoma Epidermoide Invasor En tejdo cervix empleando tecnolog¡a l ser'),('2004-0635','Sistema De Autemtificaci¢n D ctilar'),('2004-0636','Fuente De Alimentaci¢n Casera Solar'),('2004-0637','Ervin-espacios Did cticos En Realidad Virtual Para Ni¤os'),('2004-0638','Sistema Para La Obtenci¢n Personalizada Del Peso Ideal De Un Bat De B‚isbol'),('2004-0639','Sistema De Diagnostico Para La Osteoporosis'),('2004-0640','Spim Sistema Portatil De Informaci¢n Y Mp3\'s'),('2004-0641','Sistema Detector De Patologias Visuales'),('2004-0642','Robots Controlados Por Internet Para La Localizacion De Objetos (fase1)'),('2004-0643','M¢vil Inal mbrico Para  reas De Dif¡cil Acceso'),('2004-0644','Sistema De Votaci¢n Electr¢nico'),('2004-0645','Sistema Para Detecci¢n De Gases T¢xicos'),('2004-0646','Sistema De Seguridad Automotriz'),('2004-0647','Detecci¢n De Anomal¡a En Im genes Ultras¢nicas Del Ri¤on'),('2004-0649','Sistema M¢vil Integral De Seguridad Automotriz (smisa)'),('2004-0650','Algoritmo De Control De Copias Progresivo En Una Base De Datos Distribuida Con Estampas De Tiempo'),('2004-0652','Sistema De Adquisici¢n De Im genes De Huellas Dactilares'),('2004-0653','Sistema Integral De Identificaci¢n Personal (sIIp)'),('2004-0654','M¢vil De Navegaci¢n Aut¢noma Usando Un Sistema De Informaci¢n Geogr fica'),('2004-0655','Sistema Portatil De Electrocardiografia Y Monitoreo'),('2004-0656','PRO CD: Procesamiento de Consultas Distribuidas'),('2004-0657','Reconstruci¢n De Ruinas Arqueologicas A Partir Del Procesamiento Digital De imagenes'),('2004-0658','C¢mputo Distribuido Aplicado Al Problema De Los Tres Cuerpos'),('2004-0659','Sistema De Monitoreo Integral Para Casa Habitaci¢n V¡a Internet'),('2004-0660','Localizaci¢n De Moviles A Traves De Internet'),('2004-0661','Arquitectura Distribuida De Software Basada En Corba Orientada A Comercio Electr¢nico'),('2004-0662','Optimizaci¢n De La Estructura Relacional Para Consultas De Un E-catalogo'),('2004-0664','Robots Controlados Por Internet Para La Localizaci¢n De Objetos (fase 1)'),('2004-0665','Sistema Inteligente Generador De Rutas Factibles Para El Traslado De Paqueter¡a Alrededor Del Mundo V¡a Internet (sigram)'),('2004-0666','Sistema De Software Para La Simulaci¢n Y Graficaci¢n Del Proceso De Extracci¢n De Petroleo De Yacimientos A Traves De Inyecci¢n De Aire'),('2004-0667','Sistema De Seguridad Por Detecci¢n De Rasgos Fisiol¢gicos Y Clave De Acceso'),('2004-0668','Sistema Integral De Turismo Y Asistencia Vehicular'),('2004-0669','Sistema Reconocedor De Texto De Diagn¢sticos M‚dicos'),('2004-0671','Analizador De Consultas Para Obtener La Estructura Del Cubo Que Contenga La Informaci¢n Requerida'),('2004-0672','Portal De Subastas En Internet Utilizando Agentes'),('2004-0673','Arquitectura Basada En Pc Para La Creaci¢n De Informes Acreca Del Grado De Purificaci¢n En Plantas Tratadoras De Agua Potable'),('2004-0674','Clasificaci¢n De Im genes De Muestras De Tejidos Musculares'),('2004-0675','Sistema De Reconocimiento De Kanjis'),('2004-0676','Sistema De Seguridad (firewall-pared De Fuego) Para La Administraci¢n De La Red Escom'),('2004-0677','Sistema De Informaci¢n Para La Administraci¢n De Un Consultorio Medico'),('2004-0678','Arquitectura Basada En Pc Para La Implementaci¢n De Sistemas De Inspeccio¢n Visual, Con Aplicaci¢n En Linea De Producci¢n'),('2004-0679','Sistema De Adquisici¢n Y An lisis De Se¤ales Para USB'),('2004-0680','Fingerprints Recognizer Car Security System (frecss)'),('2004-0681','Sistema De Bases De Datos Distribuida Para El Manejo Y Control De Ventas Para Una Empresa De Equipos De C¢mputo Y Electr¢nica'),('2004-0682','Sistema De Gesti¢n Administrativo Y Operativo De Una Empresa Recicladora'),('2004-0683','Sistema Para Compartir Archivos Y Busquedas Inteligentes'),('2004-0684','C-prov Sistema De Control De Procesos, Versiones Y Errores'),('2004-0685','Sistema Para Autentificaci¢n Dactilar'),('2004-0686','Sistema De Informaci¢n Para Control De Asistencia (synapsys)'),('2004-0687','Dise¤o E Implementaci¢n De Un Sistema De C¢mputo Para La Modelaci¢n Estoc stica De Yacimientos'),('2004-0688','Generador De Im genes 3d A Partir De Tomas A‚reas En Planos 2d'),('2004-0689','Sistema Propietario De Voz Sobre Ip'),('2004-0690','Sistema De Stock Con Aplicaci¢n Web Por Medio De Dispositivos M¢viles Para La Cruz Roja'),('2004-0691','Agente Detector De Abrazos Mortales En Bases De Datos Distribuidas'),('2004-0692','Sistema Visualizador De Prototipos De Lugares Con Objetos 3-d'),('2004-0693','Dise¤o De Un Sistema De Telemetr¡a Para Medios Ac£sticos'),('2004-0694','Telefono Digital Integrado A Una Computadora Personal'),('2004-0695','Sistema De Informaci¢n Tur¡stica Utilizando Tecnolog¡a Inal mbrica (siTTi)'),('2004-0696','Sistema De Aseguramiento De Calidad Aplicando La Metodolog¡a Seis Sigma Para La Mejora Continua'),('2004-0697','Sistema Integral Para La Administraci¢n Y Control Para Empresas Productoras De Ca¤a'),('2004-0698','Sistema De Informaci¢n Geogr fico Para Determinar Rutas De Costo M¡nimo'),('2004-0699','Sistema De Acceso Al Personal Mediante Autentificaci¢n De Iris'),('2004-0700','Analisis Y Sintesis Del Movimiento Del Cuerpo Humano'),('2004-0701','Dise¤ar E Implementar Un Controlador De Grupo Electr¢geno'),('2004-0702','Herramienta Para La Visualizaci¢n De La Informaci¢n Contenida En La Base De Datos Del Sistema Empresa Suri Sa De Cv'),('2004-0703','Sistema De Administraci¢n De Una Casa Habitaci¢n Por Medio De Comandos De Voz'),('2004-0704','Sistema Dise¤ador De Construcciones De Casa Sistema Dise¤ador De Construcciones De Casa Habitaci¢n'),('2004-0705','Desarrollo De Herramientas Para El An lisis De Objetos Arqueol¢gicos Y An lisis De Desplazamiento De Culturas Dhaa-adc'),('2004-0706','Entorno De Desarrollo Integrado (ide) Para Desarrollo De Aplicaciones Web Con Java'),('2004-0707','Express Money Transfer'),('2004-0708','Guante Virtual Implementado Con Fibra ¢ptica'),('2004-0709','Estudio Num‚rico De Algunos Problemas De La F¡sica Matem tica'),('2004-0710','Simulador Virtual De La M‚c nica Del Colon'),('2004-0711','Sistema Para El Estudio De La Din mica De Cicatrizaci¢n De £lceras Cr¢nicas Tratadas Por Campos Electromagn‚ticos De Ultra Baja Frecuencia'),('2004-0712','Entorno De Desarrollo De Videojuegos En 3-d'),('2004-0713','Saevius Deus'),('2004-0714','Tablero Y Duela De Basquetbol Inteligentes'),('2004-0715','Conmutador Electr¢nico Para Red De  rea Local'),('2004-0716','Administrador De Procesos Distribuidos Para Linux'),('2004-0717','Simulador Anal¢gico - Digital De La Din mica Sanguinea Cardiaca'),('2004-0718','Video-juego De Rol En Ambiente 3d Utilizando Redes Neuronales'),('2004-0719','Desarrollo De Un Sistema De Adquisici¢n De Datos Empleando Radio Y Usb'),('2004-0720','Sistema Analizador Din mico De La R¢tula'),('2004-0721','Traductor de voz ESCOM'),('2004-0722','Desarrollo De Una Suite Mp3'),('2004-0723','Sistema Para Generar Mapas Tridimensionales De Fluorescencia Inducida Por L ser'),('2004-0724','Observatorio Astron¢mico V¡a Internet'),('2004-0725','Sistema Est ndar De Administraci¢n De Informaci¢n Curricular'),('2004-0726','Tarjeta Did ctica'),('2004-0727','Arquitectura Est ndar De Autentificaci¢n Para Sistemas De Informaci¢n'),('2004-0728','Recorrido Virtual De Un Inmueble Desde Una Web'),('2004-0729','M¢vil Con Algoritmos De Navegaci¢n Para Un Escenario Dan mico'),('2004-0730','Sistema De Integraci¢n De Bases De Datos E Interfaces'),('2004-0731','Sistema De Administraci¢n De Informaci¢n Para C¢mputo M¢vil Por Dominios'),('2004-0732','Sistema Desarrollador De Aplicaciones Para La Web'),('2004-0733','Interfaz Virutal De Acceso A Servicios Del Centro De Investigaciones En Computacion (cic-ipn)'),('2004-0734','Sistema De An lisis Y Captura De La Variabilidad De Frecuencia Cardiaca'),('2004-0735','Proyevisi¢n Hl3d'),('2004-0736','Spy-m'),('2004-0737','Entorno De Desarrollo Integrado Distribuido'),('2004-0738','Sistema Simulador De La Mejor T‚cnica De Bateo En El Base Ball'),('2004-0739','Sistema Virtual 3d De Ventas A Trav‚s De Internet'),('2004-0740','Simulaci¢n Y Graficaci¢n De Part¡culas Gas (t£nel Con Un Flujo De Gas)'),('2004-0741','Annhiquilation, Videojuego De Acci¢n En 3d, Usando Algoritmos Neurodifusos En La Inteligencia Del Juego'),('2004-0742','Sistema De Informaci¢n Geogr fica Local Y V¡a Remota (sig-lr)'),('2004-0743','sistema M¢vil De Administraci¢n De Cartera Para Agentes De Seguros'),('2004-0744','Supervisi¢n Y Vigilancia Remota De Un Hogar'),('2004-0745','Control De Dsipositivos Inal mbricos De Manera Remota'),('2004-0746','Sistema Administrador De Recursos Humanos Para La Sedesol (sarhsede)'),('2004-0747','Sistema De Administraci¢n Orientado A La Planeaci¢n'),('2004-0748','Sistema De Dise¤o Din mico De Una Base De Datos Para La Captura De Informaci¢n En Tiempo Real'),('2004-0749','Cade :( Control Administrativo De Desarrollo Empresarial)'),('2004-0750','Sistema De Seguridad Para La Identificaci¢n De Personas Por Medio De La Voz'),('2004-0752','Sistema De Ventas De Artesan¡as Mexicanas Por Internet'),('2004-0753','Sistema De Control Y Registro De Las Patolog¡as Del Coraz¢n A Trav‚s De Una Pda'),('2004-0754','Sistema De Informaci¢n Ejecutiva Para Una Empresa Productora De Envases'),('2004-0756','Sistema De Informaci¢n De Los Componentes De Una Red Lan Utilizando La Arquitectura Del Protocolo Dmi'),('2004-0757','Optimizaci¢n De Un Registrador Electr¢nico Monocanal Para Presiones En Ductos'),('2004-0758','Simulador De Propagacion De Un Virus Biologico En Una Comunidad Humana'),('2004-0759','Portal De Voz Para La Intercomunicaci¢n Museum Guide Voice Box (m G Vbox) Desarrollado Con La Tecnolog¡a De Voicexml'),('2004-0760','Enterprise Solutions Mixture'),('2004-0761','Sistema De Posicionamiento Local De Personas'),('2004-0762','Syscodec'),('2004-0763','Herramienta Colaborativa Para La Implementaci¢n De Elearning Con Pizarra Electr¢nica'),('2004-0764','Seav (sistema De Ense¤anza Y Aprendizaje Virtual)'),('2004-0765','Visual Heart'),('2004-0766','Transmision De Una Se¤al De Audio Por Internet'),('2004-0767','Generador De Aplicaciones Web De Informaci¢n, Mediante El Modelo Relacional Extendido'),('2004-0768','Aztlan: Un Mundo Persistente En Linea'),('2004-0769','Simulaci¢n De Vibraciones En Estructuras No Peri¢dicas'),('2004-0770','Etnos'),('2004-0771','Simulador De Pulmones Para La Obtenci¢n De Variables Neumol¢gicas Empleando T‚cnicas De Computaci¢n Anal¢gica Y Digital'),('2004-0772','El Sgv (sistema De Galer¡as Virtuales)'),('2004-0773','Sistema De Control De Tr nsito De Ordenes De Servicio El‚ctrico'),('2004-0774','Sistema De Control De Taximetros V¡a GPS'),('2004-0775','Sistema De Control Inteligente De Trenes Para La Sct De La Ciudad De M‚xico'),('2004-0776','Prototipo De Una Red Privada Virtual Aplicada A La Red Escomusando Los Protocolos L2pt E Ipsec'),('2004-0778','Desarrollo De Un Sistema De Transferencia Electr¢nica De Remesas (ster)'),('2004-0779','Sistema Para La Soluci¢n De Problemas En El Transporte'),('2004-0780','Dise¤o, Construcci¢n Y Prueba De Un Conjunto De Bibliotecas Para Facilitar Eol Manejo De La Web En Distintos Lenguajes De Programaci¢n'),('2004-0784','Desarrollo De Texturas Y Fondos Para Ambientes Interactivos Virtuales'),('2004-0785','Simulacion De Colisiones Entre Estructuras'),('2004-0786','Sistema De Consulta De Informaci¢n Geogr fica Remota Y Por Dispositivos M¢viles'),('2004-0787','Sistema De Informaci¢n Geogr fica Para El Apoyo En Prevenci¢n De Desastres'),('2004-0788','Estrategias Para La Autenticaci¢n De Huellas Dactilares'),('2004-0790','Detecci¢n De Hemorragias En Im genes Oftalmol¢gicas De Retina Humana'),('2004-0791','Data Miner: Herramienta Basada En Miner¡a De Datos Para Aplicaciones De Inteligencia De Negocios (business Intelligence)'),('2004-0792','Sistema Multiplataforma Y Multimedios Para Lecto -Escritura Infantil (smmile)'),('2004-0794','Sistema Reconstructor De C‚lulas Sangu¡neas En 3d Por Medio De Im genes Fijas'),('2004-0796','Servicio De Compra Y Reservaci¢n V¡a Dispositivos M¢viles'),('2004-0797','Xdexml Development Enviroment'),('2004-0798','Sistema De Informaci¢n Para La Administraci¢n De Empresas De Paqueter¡a Usando Bases De Datos Distribuidas Y Aplicaciones Web'),('2004-0799','Sistema Simulador De Procesos Para Entrenamiento En Empresas'),('2004-0800','Detecci¢n De La Normalidad De La Macula Lutea En Im genes Oftalmoscopicas De Retina Humana'),('2004-0801','Sistema Integral De Control Para La Empresa De Fabricaci¢n De Racks Y Gabinetesdoortel'),('2004-0802','Materiales Didacticos Interactivos Para Electronica Analogica'),('2004-0803','Modelo Y Arquitectura De Implementaci¢n De Agentes De Asistencia Para Entornos Colaborativos'),('2004-0804','Sistema De Automatizaci¢n Pesaje - Cobro Y L¢gistica Del Transporte'),('2004-0805','Sistema De Reconocimiento Y Clasificaci¢n De Las Formas Normales En La Celula Sangu¡nea (chulel)'),('2004-0806','Detector Digital De Objetos'),('2004-0807','Detecci¢n Y Clasificaci¢n De Exudados En Im genes Oftalmosc¢picas De Retina Humana'),('2004-0808','Entorno Integrado Para La Administraci¢n De Consultor¡as De Desarrollo De Software'),('2004-0809','Sistema Prototipo Para Apoyo Y Seguimiento En Procesos Judidciales Utilizando Reconocimiento Facial'),('2004-0810','Ambiente Integral De Desarrollo Visual'),('2004-0811','Sistema De Aprendizaje De Lectura Y Escritura Para Ni¤os'),('2005-0815','sistema de navegacion vial en el distrito federal via internet'),('2005-0816','Caracterizaci¢n de la papila ¢ptica en im genes oftalmosc¢picas de retina humana'),('2005-0817','Entorno de desarrollo para el dise¤o y simulaci¢n de sistemas difusos'),('2005-0818','sistema de reconocimiento y administraci¢n de huellas dactilares'),('2005-0819','Sistema de simulaci¢n y visualizaci¢n de reacciones qu¡micas (REXCOM)'),('2005-0820','MàVIL CON SISTEMAS DE DESPLAZAMIENTOS EN TUBERÖA VERTICAL'),('2005-0821','Predicci¢n de estructuras de prote¡nas en 3d mediante el paradigma de homolog¡a'),('2005-0822','Predicci¢n de la geometr¡a 3D de una proteina utilizando el paradigma threading'),('2005-0823','Sistema de clasificaci¢n de huellas dactilares'),('2005-0824','Sistema de verificaci¢n de personal a trav‚s de caracter¡sticas del rostro por medio de una red neuronal de prop¢sito espec¡fico'),('2005-0825','Control logico programable (PLC) con interfaz amigable de programaci¢n'),('2005-0826','interaccion de robots insecto en un ecosistema simulado'),('2005-0827','Simulaci¢n de oligop‚ptidos por computadora (SOLIC)'),('2005-0828','Sistema de control inteligente de trenes para las l¡neas 1,2 y 3 del STC metro de la Ciudad de M‚xico'),('2005-0829','Videojuego Afectivo Interactivo'),('2005-0831','sistema distribuido de administraci¢n bibliotecaria (SDAB)'),('2005-0832','Sinapsys: Sistema de Administraci¢n distribuida, basado en clientes delgados. Tecnolog¡as de informaci¢n y Comunicaciones aplicadas a la educaci¢n'),('2005-0833','Localizaci¢n m¢vil de productos con actualizaci¢n din mica mediante la implementaci¢n de web services'),('2005-0834','simulador de circuitos cu nticos'),('2005-0835','Predicci¢n de estructura de prote¡nas utilizando din mica molecular (MODYPP)'),('2005-0836','Sistema de Pre-diagn¢stico de Enfermedades Mediante el Estudio del Iris humano'),('2005-0837','emulaci¢n de un sistema de conexi¢n de una red LAN a trav‚s de un protocolo de comunicaci¢n para la transmisi¢n de datos y la interconexi¢n de los diferentes nodos localizados en una red de suministro el‚ctrico'),('2005-0838','Robot b¡pedo caminante REATIN'),('2005-0839','Sistema de control de informacion de empresas de mensajeria utilizando dispositivos moviles'),('2005-0840','Automatizaci¢n de tareas y servicios escolares con un sistema de identificaci¢n personal'),('2005-0841','Dise¤o y construcci¢n de una m quina CNC (Control Num‚rico por Computadora), para generaci¢n de prototipos r pidos de circuitos impresos'),('2005-0843','Medici¢n de part¡culas contaminantes empleando espectroscop¡a ¢ptica de absorci¢n diferencial (DOAS)'),('2005-0844','Sistema de control de acceso mediante tarjetas magn‚ticas'),('2005-0845','generacion de portales verticales'),('2005-0846','sistema para el desarrollo de interfaces orientadas a aplicaciones web m¢viles'),('2005-0847','Sistema traductor del lenguaje IUPAC a simulaci¢n 3D, molecular 3D (M-3D)'),('2005-0849','Implementaci¢n de hardware de una red neuronal para la identificaci¢n de fuentes independientes'),('2005-0850','Detenccion de microaneurismas en imagenes oftalmoscopicas de retinas humanas patologicas'),('2005-0851','MIR16B'),('2005-0853','control sistematisado del proceso de gestion para la industria restaurantera'),('2005-0854','Visita virtual a Teotihuac n'),('2005-0855','Reconocimiento de palabras por medio de la visualizaci¢n del movimiento de los labios'),('2005-0856','Sistema Evaluador de Compatibilidad Electromagn‚tica para radiocomunicaci¢n SECER'),('2005-0857','Envejecimiento de rostro por medio de im genes estereosc¢picas'),('2005-0858','Separaci¢n y extracci¢n de caracter¡sticas de las redes vasculares arterial y venosa en im genes de retinas humanas'),('2005-0859','Prototipo para toma de im genes ultras¢nicas de huesos'),('2005-0860','prototipo de procesamiento de im genes aplicado a la visi¢n nocturna'),('2005-0861','An lisis financiero para la toma de decisiones'),('2005-0862','sistema para el control de invernadero automatizado mediante realidad virtual'),('2005-0863','visualizador de objetos en tres dimensiones'),('2005-0864','Sistema de conformaci¢n de un directorio para egresados de la ESCOM DIRESCOM'),('2005-0865','sistema distribuido para administraci¢n de departamentos docentes (SIADD)'),('2005-0866','Sistema de entrenamiento para reguladores del puesto central de control (PCC) de las l¡neas 4 y 5 del STC metro'),('2005-0867','Desarrollo de un sistema de tienda virtual de un establecimiento comercial (PYME)'),('2005-0868','Sistema verificador de personal por medio del iris utilizando representaci¢n multiescala de cruces por cero (KARI)'),('2005-0869','sistema administrador de LAN\'s WEBS'),('2005-0870','Sistema de control y monitoreo v¡a remota de temperatura y humedad en incubadoras de iguanas'),('2005-0871','Sistema para el procesamiento de video en tiemporeal bajo Linux (PROVI)'),('2005-0872','sivep java'),('2005-0873','Sistema de reconocimiento ¢ptico de caracteres tipo Kanjis'),('2005-0874','Generador de tiendas virtuales'),('2005-0875','Sistema distribuido de administraci¢n de Recursos Humanos (SDARH)'),('2005-0876','prototipo de administraci¢n de proyectos en plataforma web'),('2005-0877','Sistema para el seguimiento de egresados de ESCOM SISEE'),('2005-0878','Sistema de Control de un M¢vil Volador'),('2005-0879','Sistema de informaci¢n para la administraci¢n de empresas comercializadoras de equipos de c¢mputo con soporte para ventas por internet'),('2005-0880','sistema generico autoconfigurable punto de venta'),('2005-0882','SDAE Sistema Distribuido de Administraci¢n Escolar'),('2005-0883','Prototipo de un sistema experto para ecuaciones diferenciales'),('2005-0885','Sistema detector de intrusos con notificaci¢n a dispositivos m¢viles'),('2005-0886','Sistema de apoyo para la supervisi¢n y control de la l¡nea 6 del SCT - Metro'),('2005-0888','Patrones para el reconocimiento de estados de  nimo y/o enfermedades (PREYADE)'),('2005-0889','calculo de variables macroecon¢micas (STOCKS) con matem ticas complejas'),('2005-0890','prototipo de sistema de previsualizaci¢n tridimensional de cirug¡as est‚ticas (PLASTICPREVIEW)'),('2005-0891','sistema para el control de acceso de personal para peque¤as y medianas empresas utilizando la huella dactilar'),('2005-0892','prototipo de sistema de adquisici¢n automatizada y procesamiento de informaci¢n obtenida en una l¡nea de producci¢n'),('2005-0893','HErramienta virtual para el parendizaje de estructuras de datos en lenguaje C'),('2005-0894','sistema de c¢mputo distribuido para el desarrollo de actividades fundamentales de admon. acad‚mica en instituciones de educaci¢n superior'),('2005-0896','sistema unificador de descripciones de busqueda en linea'),('2005-0897','sistema de informaci¢n para empresas comercializadoras y distribuidoras de acceso m¢vil'),('2005-0898','prototipo de sistemas para la toma de decisiones en inversiones basado en indicadores macroeconomicos a niveles gerenciales'),('2005-0899','algoritmo para el procesamiento y realce de im genes (escala de grises)'),('2005-0901','sistema institucional para la automatizaci¢n e integraci¢n de actividades concernientes a la oficina del abogado general'),('2005-0902','Compresi¢n de im genes con algoritmo fractal'),('2005-0903','Procesamiento de video para la detecci¢n de bordes y generar un escenario virtual en tres dimensiones'),('2005-0905','PUBLISYS'),('2005-0906','sistema multiagente para facilitar el an lisis de informaci¢n sobre patentes'),('2005-0907','Software de simulaci¢n QUBIT\'S orientado a criptograf¡a cu ntica'),('2005-0908','Desarrollo de un sistema de archivos distribuidos orientados a objetos'),('2005-0909','Conmutador telef¢nico para red de  rea local'),('2005-0910','Sistema de Apoyo Did ctico para Ni¤os'),('2005-0911','prototipo para la medicion y despliegue gr fico de se¤ales el‚ctricas sobre el craneo humano'),('2005-0913','Robot Agricultor de Jitomate'),('2005-0914','Sistema de monitoreo de temperatura corporal y frecuencia cardiaca para entrenamiento deportivo'),('2005-0916','sistema de informaci¢n para la administraci¢n de una cadena hotelera utilizando bases de datos distribuidas'),('2005-0917','dispositivo de monitoreo ambulatorio de la presi¢n arterial Arteris'),('2005-0918','DAC-BD Dise¤ador asisteido para la creacion de bases de datos'),('2005-0919','Sistema distribuido de administraci¢n de recursos materiales SDARN'),('2005-0920','mano robot controlada via internet que produce los movimientos sensados por un guante con fibra optica'),('2005-0921','Centro de C¢mputo Interactivo Remoto'),('2005-0923','prototipo para la creaci¢n de una credencial con chip para pago de servicios ESCOM'),('2005-0924','sistema de control de versiones para grupos de desarrolladores de software'),('2005-0925','E-LISA E-Learning interactivo sencillo y amigable'),('2005-0926','software de aprendizaje para criptograf¡a'),('2005-0927','Control de un m¢vil con algoritmos de navegaci¢n en escenarios din micos'),('2005-0928','Bit cora de incidencias para Autom¢viles (BIA)'),('2005-0930','Sistema para la obtenci¢n personalizada de un carro por medio de GPS'),('2005-0931','sistema de gestion de inventarios y ventas en l¡nea'),('2005-0932','sistema de administracion y estad¡stica para un conmutador telef¢nico digital'),('2005-0933','movil autonomo para el almacenamiento de objetos'),('2005-0934','Sistema de monitoreo de un invernadero'),('2005-0935','SAVA: Sistema de Aprendizaje Virtual Afectivo'),('2005-0936','Juego de estrategia en tiempo real'),('2005-0937','sistema de transacciones electr¢nicas de fondos para dispositivos m¢viles'),('2005-0938','SIAR sistema de alarma remota'),('2005-0939','sistema de reconocimiento de informacion util para invidentes (lentes para ciegos)'),('2005-0940','simulacion de estructuras rigidas bajo efectos sismicos'),('2005-0941','Sistema de informaci¢n de educaci¢n ind¡gena'),('2005-0942','herramientas para la generaci¢n de c¢digos a partir de un diagrama de flujo para el PIC 12F629'),('2005-0943','osciloscopio digital'),('2005-0944','Componentes CASE para bases de datos'),('2005-0945','Sistema de autentificaci¢n de personas por medio de im genes de la mano - SAIM'),('2005-0946','Visita virtual al museo del Templo Mayor (Teopantli)'),('2005-0947','Sistema de identificaci¢n vehicular para dispositivos m¢viles'),('2005-0948','Sistema generador de diagramas de secuencia UML a partir de la descripci¢n de casos de uso utilizando el lenguaje natural'),('2005-0949','Monitoreo inteligente utilizabdo dispositivos m¢viles inal mbricos'),('2005-0950','Construcci¢n de un lenjuage y motor reactivo en C/C++'),('2005-0951','SIGI Sistema de gesti¢n integral escolar'),('2005-0952','Sistema de monitoreo de tr fico de p ginas web visitadas, asi como, procesos ejecut ndose en l¡nea en cada terminal dentro de una red local'),('2005-0954','Herramientas de ense¤anza/aplicaci¢n para curso de qu¡mica b sica'),('2005-0955','Ambiente gr fico de programaci¢n reactiva'),('2005-0956','HAMMLET editor de p ginas web'),('2005-0957','SABER 1: M¢dulo de Control de Alumnos'),('2005-0958','SABER 1: M¢dulo de Seguridad'),('2005-0959','Monitoreo remoto v¡a SMS de m quinas despachadoras de refrescos'),('2005-0960','criptograf¡a para transmisiones sobre plataforma web'),('2005-0961','SABER 1: M¢dulo de Control de Asistencia'),('2005-0962','SABER 1: Sistema de Administraci¢n de una Base de Datos Escolar Release I'),('2005-0963','Sistema de caracterizaci¢n de se¤ales cardiacas mediante t‚cnicas fractales'),('2005-0964','Sistema multimedia de inform tica tur¡stica'),('2005-0965','Sistema de automatizaci¢n para la generaci¢n de horarios'),('2005-0966','LAVISIS (Laboratorio virtual de sistemas digitales)'),('2005-0967','Pr¢tesis mec nica de antebrazo controlado por medio de se¤ales electromiogr ficas'),('2005-0968','modelado de prendas de vestir en 3D'),('2005-0970','Detecci¢n de microaneurismas en im genes oftalmosc¢picas de retinas humanas patol¢gicas'),('2005-0971','Sistema de segmentaci¢n de materia blanca en im genes cerebrales generadas por RM'),('2005-0973','sistema para el descubrimiento din mico de servicios m‚dicos basado en servicios web'),('2005-0974','sistematizacion del archivo de la base de datos nominal de institucion de servicios periciales de la pgr'),('2005-0975','SABER 1: m¢dulo de trabajos terminales '),('2005-0977','SIMULADOR DE APRENDIZAJE DE MANEJO PARA TRANSPORTE AUTOMOTRIZ'),('2005-0979','sistema de informacion web multimedia interactivo para un aeropuerto'),('2005-0980','sistema de comunicaci¢n empresarial VIOP'),('2005-0982','Desarrollo de sistemas gr ficos interactivos con aplicaciones de dispositivos m¢viles'),('2005-0983','Sistema prototipo para la administraci¢n de contenidos electr¢nicos en sitio web'),('2005-0984','An lisis y trazado de rutas viales en tiempo real'),('2005-0985','Compresi¢n fractal de im genes'),('2005-0986','prototipo de gaceta para la web'),('2005-0988','Sistema de control de potencia de un veh¡culo'),('2005-0989','sistema para el diacnostico de cancer (cervix) empleado fluorescencia laser'),('2005-0990','sistema de control de gestion de flujo de informacion para la delegacion gustavo a.madero (g.a.m)'),('2005-0995','metodo didactico aplicado tic para el aprendizaje de la materia de control'),('2005-0997','sistema de servicios integrales para la comunidad de escom'),('2005-0998','museo de papiroflexia virtual (mupavir)'),('2005-0999','sistema de administracion y control de inventarios de activos aplicando tecnologias rfid (sacia)'),('2005-1000','g2-lab gestor y gobernador de laboratorios de computo de escom'),('2006-0001','sistema para gesti¢n de individuos mediante c¢mputo ubicuo utilizando identificaci¢n por radiofrecuencia'),('2006-0002','sistema de capacitaci¢n para jueces en la disciplina de clavados'),('2006-0003','Sistema constructor de aplicaciones controladas por movimiento de brazo y manos'),('2006-0004','acuario virtual'),('2006-0005','Yoyin sistema de realidad virtual para la ense¤anza de valores ‚ticos a nivel preescolar.'),('2006-0006','prototipo de sistema de seguridad para tel‚fonos celulares.'),('2006-0007','cret cico virtual'),('2006-0008','sistema urbano de log¡stica terrestre'),('2006-0009','sistema gestor hospitalario en web (SGHWEB)'),('2006-0010','sistema autom tico para el manejo de inventarios(sami)'),('2006-0011','SCE sistema contable empresarial'),('2006-0012','sistema de an lisis de voz'),('2006-0013','sistema de adquisici¢n de movimiento (sam)'),('2006-0014','sistema de control y administraci¢n para caf‚s-internet'),('2006-0015','Poligochi PET 3D'),('2006-0016','sistema detector de efectos de colisiones sobre autom¢viles'),('2006-0017','seguridad y tolerancia a fallas para la arquitectura de software distribuida obsidiana'),('2006-0018','desarrollo de una herramienta case para realizar ingenier¡a inversa de software'),('2006-0019','sistema de gesti¢n de aprendizaje basado en el est ndar scorm 1.2'),('2006-0020','sistema de reconocimiento de informaci¢n £til para invidentes 2 (lentes para ciegos)'),('2006-0021','sistema tutorial inteligente con lenguaje natural'),('2006-0022','estudio de una vida artificial e.v.a.'),('2006-0023','sistema para salvaguardar los equipos de un laboratorio ¢ almac‚n'),('2006-0024','administrador de servicios para c¢mputo m¢vil y ubicuo'),('2006-0025','dise¤o de una protesis de antebrazo empleando impulsos bioelectricos'),('2006-0026','arquitectura est ndar para identificaci¢n digital'),('2006-0027','prototipo para un sistema de auditor¡a para estados financieros y del imss implementado de manera interna'),('2006-0028','Incubadora Virtual de Empresas (IVE)'),('2006-0029','Sistema de disparo asistido por computadora'),('2006-0030','MEDIM (monedero electr¢nico para un dispositivo m¢vil)'),('2006-0031','Sistema afectivo de entretenimiento'),('2006-0032','es-comunicacion portal web para la comunicacion en una comunidad academica'),('2006-0033','definici¢n del lenguaje de especificaci¢n de interfaz lei y compilador lei2java para la arquitectura de software distribuida obs'),('2006-0034','street racer 3d'),('2006-0035','clasificador y contador inteligente de c‚lulas'),('2006-0036','prototipo de sistema de comunicaci¢n para educaci¢n a distancia (siced)'),('2006-0037','mejoramiento de im genes de fondo de ojo oftalmosc¢picas de retina humana.'),('2006-0038','sistema de compresi¢n/descompresi¢n fractal de im genes paralelizado'),('2006-0039','sistema de levantamiento de encuestas con dispositivos m¢viles'),('2006-0040','vida artificial para colonia de robots insectos'),('2006-0041','detecci¢n de la degeneraci¢n macular dependiente de la edad en im genes oftalmosc¢picas de retina humana.'),('2006-0042','Reconocimiento de patrones afectivos mediante movimientos corporales'),('2006-0043',' traje entrenador de porteros (tep)'),('2006-0044','sistema de apoyo al jueceo para la ejecuci¢n de clavados'),('2006-0045','Sistema de Control de Acceso'),('2006-0046','sistema de control de acceso vehicular mediante identificaci¢n por radiofrecuencia.'),('2006-0047','videojuego de estrategia con mundo persistente en l¡nea e interfaz 3d, empleando computo evolutivo y algoritmos gen‚ticos'),('2006-0048','sistema de informaci¢n situacional para dispositivos m¢viles (sisidimo)'),('2006-0049','sistema experto de orientaci¢n vocacional \'sisor\''),('2006-0050','e-payroll manager epm'),('2006-0051','evaluacion del desempe¤o de un veh¡culo terrestre aut¢nomo basado en redes neuronales y sensores ¢pticos.'),('2006-0052','v-ls int‚rprete de lenguaje de se¤as virtual a partir de una l¡nea de texto.'),('2006-0053','prototipo de una red privada virtual en internet2'),('2006-0054','Sistema de Anatom¡a Dental'),('2006-0055','sistema generador de escenarios tridimensionales para simulaci¢n de ambientes (sigetsa)'),('2006-0056','prototipo de sistema movil para aseguradoras de autos'),('2006-0057','sistema de electroencefalograf¡a de 19 canales'),('2006-0058','mascota afectiva inal mbrica'),('2006-0059','sistema gestor de subestaciones mediante dispositivos m¢viles'),('2006-0060','sistema de administraci¢n contable alquilable para peque¤as y medianas empresas'),('2006-0061','servicio de busqueda de puntos de llegada oportunos para una infraestructura de telefonia celular'),('2006-0062','desarrollo de una aplicaci¢n para transmisi¢n de video en tiempo real empleando ipv6'),('2006-0063','E-milio prototipo de sistema de transmisi¢n de multimedia multicast para e-learning'),('2006-0064','prototipo de sistema integral de administraci¢n de tarjetas bancarias'),('2006-0065','prototipo de sistema de supervisi¢n y control de una l¡nea de alimentaci¢n de c.a.'),('2006-0066','arquitectura multicapa para negocios diversos orientada a dispositivos m¢viles.'),('2006-0067','prototipo de un sistema de monitoreo y registro de inclinacion de un plano'),('2006-0068','sistema de busqueda de informacion por conceptos en la web'),('2006-0069','Sistema de informaci¢n para la administraci¢n de proyectos y capacidades tecnol¢gicas de la Unidad Polit‚cnica para el Desarrollo y Competitividad Empresarial (UPDCE)'),('2006-0070','centinela: prototipo de sistema de monitoreo y control remoto de un inmueble por medio de un dispositivo m¢vil.'),('2006-0071','control de dispositivos electrodomesticos a traves de la red electrica'),('2006-0072','sistema de diagnostico para la evaluacion de competencias laborales en linea'),('2006-0073','sistema colaborativo multimedia para la educaci¢n preescolar (sicomep)'),('2006-0074','deteccion de figuras humanas'),('2006-0075','sistema medidor de emisores contaminantes'),('2006-0076','sirce sistema de recomendaci¢n para comercio electr¢nico aplicado a una tienda virtual'),('2006-0077','sistema de investigaci¢n de mercados'),('2006-0078','sistema de bioretroalimentacion y terapias para ni¤os con paralisis cerebral'),('2006-0079','Sistema de adquisici¢n de datos utilizando una PDA'),('2006-0080','dise¤o de un prototipo de arquitectura para procesamiento de se¤ales en una fpga'),('2006-0081','prototipo de monitor de red remoto'),('2006-0082','sistema autom tico para la generalizaci¢n de datos geoespaciales'),('2006-0083','sistema de aprendizaje para ni¤os de preescolar con paralisis cerebral moderada (sisanp)'),('2006-0084','invocador de componentes distribuidos para la arquitectura de software distribuida obsidiana'),('2006-0085','repositorio de componentes para la arquitectura de software distribuido obsidiana'),('2006-0086','siclim (sistema de informaci¢n para una cl¡nica m‚dica utilizando dispositivos m¢viles)'),('2006-0087','robot hexapodo de 12 grados de libertad controlado por medio de un sistema neurodifuso via radio frecuencia.'),('2006-0088','sistema de informaci¢n ejecutiva para control de la calidad de una linea de producci¢n sie-cc'),('2006-0089','sistema de programaci¢n de actividades de mantenimiento del sistema de transporte colectivo metro'),('2006-0090','movil auxiliar antiexplosivos'),('2006-0091','sistema de control de informaci¢n con m¢dulos inal mbricos con respuestas orientado a uno de los principales destinos tur¡sticos en la ciudad de m‚xico.'),('2006-0092','Sistema Chita (Control del Hogar Integrando Tecnolog¡a Avanzada)'),('2006-0093','sistema de informaci¢n geogr fico orientado a mercadotecnia para procesos electorales'),('2006-0094','sistema para la administraci¢n del c lculo de reexpresi¢n fiscal'),('2006-0095','lacertus ultra visus'),('2006-0096','Sistema de Administraci¢n para un invernadero'),('2006-0097','Procesamiento digital de im genes para la conversi¢n de texto a voz (CIMATEV)'),('2006-0098','sistema de control y acceso para hoteles de gran turismo.'),('2006-0099','sistema para la optimizaci¢n de costos de trasporte'),('2006-0100','Sistema de adquisi¢n de im genes de huellas dactilares'),('2006-0101','sistema de adquisici¢n de datos inal mbrico por radiofrecuencia (rf).'),('2006-0102','sistema de animaci¢n mediante captura de movimiento(samcam)'),('2006-0103','sistema de identificaci¢n de pacientes por rfid (sipr)'),('2006-0104','sistema inteligente de poqu‚r en l¡nea'),('2006-0105','Sistema para el control y seguimiento de programa institucional de tutor¡as en la ESCOM (PITESCOM)'),('2006-0106','prototipo de sistema de informaci¢n con miner¡a de datos para la toma de decisiones'),('2006-0107','sistema de modulaci¢n y entrenamiento para el tracto vocal (simetrav)'),('2006-0108','sistema emulador de servidor x-window para windows con librerias java'),('2006-0109','Sistema manejador de informaci¢n personalizada del empleado docente SISIPED'),('2006-0110','analizador de se¤ales implementado en un fpga'),('2006-0111','sistema integral de gestion de ventas configurable posmex'),('2006-0112','sistema de evaluacion de personal'),('2006-0113','sistema de informaci¢n medica para una red de hospitales'),('2006-0114','pizarra de f£tbol soccer inteligente (pfsi)'),('2006-0115','sistema virtual de aprendizaje (sva)'),('2006-0116','sistema gestor de nutricion'),('2006-0118','sistema dinamico de administracion de actividades y comunicaci¢n empresarial'),('2006-0119','integraci¢n de rfid a erp'),('2006-0120','sistema de distribucion de datos con lenguajes formales.'),('2006-0121','sistema para impresi¢n de c¢digo braille'),('2006-0122','herramienta fiscal'),('2006-0123','aplicaci¢n de la tecnica de minimos cuadrados'),('2006-0124','scry power software para proyecciones de venta '),('2006-0125','mezcladora virtual multicanal de audio'),('2006-0126','sistema de calculo vectorial para las escuelas de ingenieria \'anvec- media\''),('2006-0127','prototipo movil aereo para captaci¢n de imagenes (macavi)'),('2006-0128','sistema m¢vil para el control de emergencias'),('2006-0129','sistema integral de servicios de informaci¢n para la gesti¢n de agua potable'),('2006-0130','sistema integral de expediente medico portatil(siemp)'),('2006-0131','marco de trabajo para el manejo de modelos digitales de elevaci¢n (dem)'),('2006-0132','sistema de charla electr¢nica con s¡mbolos matem ticos, charles'),('2006-0133','prototipo b sico de mandos de voz'),('2006-0134','segmentaci¢n aproximada del ri¤¢n a partir de im genes ultras¢nicas'),('2006-0135','siprodir-ai: sistema prototipo de detecci¢n de intrusos en la red utilizando agentes inteligentes'),('2006-0136','sistemas de control de ventas e inventario para una refaccionaria automotriz utilizando bases de datos distribuidas.'),('2006-0137','modulo de intranet corporativa del procedimiento del activo fijo bancario'),('2006-0138','prototipo de una comunidad virtual de colaboraci¢n para la bncyt del ipn'),('2006-0139','simulador de esquemas de decaimiento radioactivo a partir de tablas de radioisotopos'),('2006-0140','software de analisis de seguridad de sistemas operativos'),('2006-0142','comercio electr¢nico empleando palmos'),('2006-0143','prototipo de un sistema de administracion de histiorales clinicos apoyo en consultas y \'health cards\' utilizados targetas inteligentes'),('2006-0145','coordinador de aplicaciones distribuidas para la arquitectura de software distribuida obsidiana'),('2006-0146','sistema operativo xru'),('2006-0147','sistema para la toma de decisiones aplicada al mercado burs til mexicano'),('2006-0148','simulador de navegaci¢n mar¡tima (sima).'),('2006-0149','telefono voip'),('2006-0150','sistema prototipo para la evaluaci¢n del desempe¤o de personal'),('2006-0151','electrocardiograma usando una pc mediante el usb'),('2006-0152','sistema de reconocimiento de patrones efectivos mediante la dilatacion del iris'),('2006-0155','Visita Virtual al Centro Historico de la Ciudada de M‚xico'),('2006-0157','Implantacion de un cluster de alta velocidad para aplicacion de multiples'),('2006-0159','Sistema generador de mapas virtuales de zonas de riesgo sismico para la ciudad de mexico'),('2006-0160','Sistema para la ense¤anza del idioma ingles para ni¤os'),('2006-0162','sistema gestor de ventas para una ferreteria'),('2007-0001','Robots cooperativos'),('2007-0002','Pron¢stico poblacional y desarrollo urbano sustentable'),('2007-0003','NEPTUNO 1: VEHICULO OPERADO A DISTANCIA PARA LA ADQUISICIàN DE IMµGENES Y SOFTWARE DE TRATAMIENTO DIGITAL'),('2007-0004','Generacion de imagenes tridimensionales hologr ficas mediante computadora'),('2007-0005','Prototipo de un sistema de administraci¢n de voip en una red de  rea local'),('2007-0006','Sistema de cifrado de video que usa codificaci¢n mpeg'),('2007-0007','Lector de textos con animaci¢n en realidad virtual LECTARV'),('2007-0008','Tracking para el estufio y aprendizaje de expresiones faciales'),('2007-0009','Sistema distribuido para control automatizado de espacios'),('2007-0010','Sistema de control de distancia con un dispositivo m¢vil'),('2007-0011','Dom¢tica para personas con discapacidad motriz'),('2007-0012','Sistema experto remoto de asistencia sobre el reglamento de transito para el Distrito Federal'),('2007-0013','Sistema de monitoreo y administraci¢n de la seguridad de una red'),('2007-0014','Sistema de terapias tridimensionales para ni¤os con par lisis cerebral via web con control de navegaci¢n'),('2007-0015','Prototipo de sistema multiagente para auditor¡a e integridad y archivos'),('2007-0016','Desambiguaci¢n de sentidos de palabras usando sin¢nimos'),('2007-0017','Sadri: sistema de apoyo para el diagn¢stico y rehabilitaci¢n de infantes de entre 4 y 8, con problemas de lenguaje, dislexia, deficit de atenci¢n o hiperactividad'),('2007-0018','Constructor molecular tridimensional'),('2007-0019','Sistema generador y modelador de retratos hablados \'krax 3d\''),('2007-0020','Reconstrucci¢n virtual a partir de un levantamiento batim‚trico (matsu)'),('2007-0021','Sistema m¢vil de publicidad utilizando tecnolog¡as m¢viles'),('2007-0022','Sistema de despacho autom tico y control de ubicaci¢n para el metrob£s'),('2007-0023','Sistema de prediagn¢sticos m‚dicos mediante an lisis de im genes de c‚lulas sangu¡neas'),('2007-0024','Sistema de an lisis y evaluaci¢n de cifrados de flujo'),('2007-0025','Sistema de prevenci¢n de colisiones automovil¡sticas'),('2007-0026','Sistema gen‚rico de reconocimiento visual y tracking de la mano en tres dimensiones mediante webcams'),('2007-0027','Herramienta computacional did ctica para el estudio de mecanismos de reacci¢n con realidad aumentada'),('2007-0028','Simulaci¢n de reacciones qu¡micas sencillas usando campos de fuerza polarizables (moleculex)'),('2007-0030','Generaci¢n y evaluaci¢n de ex menes en l¡nea'),('2007-0031','Prototipo de un sistema de administraci¢n y control para un restaurante empleando PDAs.'),('2007-0032','Plataforms para la consulta de cat logos de productos utilizando servicios web'),('2007-0033','Sistema prototipo de comunicaci¢n segura para voz sobre ip (vosip)'),('2007-0034','Implementaci¢n de un algoritmo de b£squeda distribuido en una aplicaci¢n p2p'),('2007-0035','Sistema Paralelo de Ataque a Sistema de Cifrado'),('2007-0036','Sttarv: software para el tratamiento de trastornos de ansiedad mediante realidad virtual'),('2007-0037','Sistema de informaci¢n y multimedia de acceso remoto (simar) por dispositivos m¢viles'),('2007-0038','Sistema de planeaci¢n de rutas tur¡sticas'),('2007-0039','Voip sobre protocolos sip (siphone)'),('2007-0040','Sistema (prototipo) \'peer to peer\' aplicando un algoritmo para un motor de b£squeda'),('2007-0041','Identificaci¢n de matr¡culas de veh¡culos automotores a trav‚s de reconocimiento digital de im genes'),('2007-0042','Prototipo de sistema de comunicaci¢n de ip m¢vil'),('2007-0044','Sistema m¢vil identificador de kanjis empleando memorias asociativas'),('2007-0045','Prototipo de audio y video multiformato basado en linux'),('2007-0046','Infodive'),('2007-0047','Herramienta auxiliar en la evaluaci¢n psicol¢gica de ni¤os entre 10 y 12 a¤os'),('2007-0048','Aplicaci¢n de agentes m¢viles para monitorear procesos en una red linux'),('2007-0049','Sistema de compresi¢n de voz bajo la norma g729 implantando en un chip fpga'),('2007-0050','Sistema de ayuda para la navegaci¢n de un minihelic¢ptero mediante procesamiento de im genes'),('2007-0051','Cifrado para seguridad de correo por curvas el¡pticas'),('2007-0052','Sistema de apoyo para el aprendizaje de las matem ticas en tercero de secundaria (SEPAMAT)'),('2007-0053','Sistema de adquisici¢n de datos did ctico'),('2007-0054','Paalil: herramienta multimedia de apoyo en la educaci¢n sexual infantil'),('2007-0055','Sistema punto de venta con predicci¢n de pedidos: venta inteligente'),('2007-0056','Sistema movil de acceso a informaci¢n de TT SIMATT'),('2007-0057','Reconstruccion de objetos regulares en 3d mediante escaneo l ser'),('2007-0058','Sistema de detecci¢n de figuras humanas para seguridad'),('2007-0059','Brazo mec nico para levantar y depositar objetos'),('2007-0060','Sistema de control de inventarios para una microempresa de abastecimiento industrial de productos qu¡micos'),('2007-0061','Sistema de administraci¢n integral para un sitio de taxis'),('2007-0062','Sistema de monitoreo distribu¡do para casas habitaci¢n'),('2007-0063','Aplicaci¢n web entorno de escritorio virtual para reproducci¢n de archivos de audio'),('2007-0064','Visita virtual a la zona arqueol¢gica del taj¡n'),('2007-0065','Visita virtual a ESIA zacatenco'),('2007-0066','Sistema computacional de estimulaci¢n cerebral a trav‚s de software'),('2007-0067','Prototipo de un sistema de monitoreo de recintos v¡a internet'),('2007-0068','Visita virtual al castillo de chapultepec (vvsc)'),('2007-0069','Sistema de control virtual por radiofrecuencia'),('2007-0070','Sistema de procesamiento de voz para reconocimiento de palabras aisladas implementado en un dsp'),('2007-0071','Sistema de registro de personal mediante ¡ndice biom‚trico'),('2007-0072','Hunna digital-biblioteca ESCOM'),('2007-0073','Sistema de pre-diagn¢stico de escoliosis por medio de an lisis de im genes de radiograf¡a'),('2007-0074','Sistema reconstructor de objetos en 3d por medio de im genes en 2d a partir de cortes transversales'),('2007-0075','Sistema de an lisis de fonocardiogramas'),('2007-0076','Sistema de informaci¢n para el control de rcursos materiales y servicios generales del h.ayuntamiento de jilotepec'),('2007-0077','Sistema de autenticaci¢n de usuarios de dispositivos m¢viles'),('2007-0078','Prototipo de sistema gestor de exposiciones empresariales'),('2007-0080','Mezcladora digital multicanal de audio'),('2007-0081','Simulador biol¢gico con aut¢matas celulares'),('2007-0082','Sistema para administraci¢n de mantenimiento industrial (sadmin)'),('2007-0083','Sistema de apoyo cl¡nico con diagn¢stico genitourinario'),('2007-0084','Herramienta para predecir palabras dentro de un mensaje de texto basado en contexto'),('2007-0085','Sistema de informaci¢n para el desempe¤o docente'),('2007-0086','Sistema de facturaci¢n electr¢nica para la empresa \'c¢mputadoras y perif‚ricos de canc£n s.a de c.v.\''),('2007-0087','Gestor de comunicaciones de voip implementado sobre fpga'),('2007-0088','Una aproximaci¢n al fen¢meno de muerte celular programada utilizando t‚cnicas computacionales'),('2007-0089','Implementaci¢n del kernel uml 2.0 yatsu'),('2007-0090','Dise¤o y desarrollo de m¢dulo transmisor-receptor de rfid'),('2007-0091','Rat¢n controlado por el movimiento ocular'),('2007-0092','Implementaci¢n del algoritmo ica en un sistema embebido para el problema bss'),('2007-0094','sistema de visualizaci¢n de placas de autos detectados por un sistema que detecta la velocidad de los autos'),('2007-0095','Sistema de apoyo interactivo para el aprendizaje del idioma ingl‚s'),('2007-0096','Sistema para caracterizaci¢n de sensores de gas de semiconductores'),('2007-0097','Cat logo de referencia para implementaci¢n de interfaces electr¢nicas'),('2007-0098','Sistema de informaci¢n para control de expedientes m‚dicos usando bases de datos distribuidas'),('2007-0099','Sistema para la integracion de entornos reales y virtuales mediante realidad aumentada'),('2007-0100','Desarrollo y aplicaci¢n para la reconstrucci¢n de entornos reales utilizando realidad aumentada'),('2007-0102','Aplicaci¢n de simulaci¢n a interpolaci¢n en f¡sica \'henoc\''),('2007-0103','Modelado del comportamiento alimentado de un insecto en un ambiente controlado mediante redes neuronales'),('2007-0104','Centro de formacion e innovacion educativa-virtual'),('2007-0105','Sistema de mensajer¡a instantanea en un ambiente 3d virtual (subsistema de intercambio de voz y datos)'),('2007-0106','Sistema de mensajer¡a instantaneo en un ambiente 3d virtual (subsistema de construcci¢n de mundos virtuales y reconstrucci¢n del rostro)'),('2007-0107','Sistema de expedientes cl¡nicos con identificaci¢n de pacientes por medios electr¢nicos'),('2007-0108','Sistema de apoyo para el aprendizaje de la asignatura espa¤ol (ESPA-ESCOM)'),('2007-0109','Sistema de filtrado de informaci¢n para generaci¢n de opciones basado en algoritmos colaborativos'),('2007-0110','Sistema de telemetr¡a inal mbrico para un invernadero'),('2007-0112','Herramienta case para uml online'),('2007-0113','Sistema computacional para la fertirrigaci¢n usado en cultivos hidrop¢nicos'),('2007-0114','Cliente m¢vil para consulta de cat logos con servicios web'),('2007-0115','Sistema de adquisici¢n de datos con ancho de banda variable usando usb'),('2007-0116','Implantaci¢n de un sistema de control para un tel‚fono ip sobre un sistema de desarrollo fpga'),('2007-0118','Levantamiento geod‚sico asistido por sat‚lite para mapas urbanos'),('2007-0119','Identificaci¢n de eucariontes por medio de la huella gen¢mica de su adn mitocondrial y de cloroplastos'),('2007-0120','Sistema port til de espectroscop¡a de fluorescencia inducida (efi) para el diagn¢stico de c ncer'),('2007-0121','Introducci¢n b sica a la computaci¢n cu ntica'),('2007-0122','Motor de juego de ajedrez basado en aprendizaje evolutivo'),('2007-0127','Sistema organizacional para control de gestion en plataforma web 2.0'),('2007-0128','Analizador l¢gico virtual'),('2007-0131','Portafolios de inversion mediante el modelo de markowitz'),('2007-0132','Sistema oso'),('2007-0134','Prototipo para encontrar el peso ideal de un palo de golf'),('2007-0135','Sistema de rastreo autom tico con disponibilidad para la web'),('2007-0140','sistema generador web de documentos, textos y multimedia educativos (sisge-wedoteme)'),('2007-0142','Autentificaci¢n de medias firmas en cheques bancarios'),('2007-0144','modelado y simulaci¢n a base de aut¢matas celulares para el flujo vehicular de zonas urbanas'),('2007-0149','SISTEMA PROTOTIPO PARA RECUPERACIàN DE INFORMACIàN'),('2007-0150','SISTEMA GENERADOR DE REVISTAS EN LINEA'),('2007-0152','(SBII) SISTEMA DE BéSQUEDA DE INFORMACIàN INTEGRADA ENFOCADO A OFERTAS EDUCATIVAS DE NIVEL SUPERIOR DEL I.P.N.'),('2007-0153','APLICACIàN WEB PARA EL APOYO DE LA ENSE¥ANZA DE LA TEORÖA MUSICAL CASO DE ESTUDIO: PIANO'),('2007-0155','SISTEMA DE MODELADO DE PROCESO DE NEGOCIO'),('2008-0001','Heterodonto: herramienta auxiliar para el diagn¢stico de deformidades dentofaciales y predicci¢n de su tratamiento a trav‚s de im genes radiol¢gicas'),('2008-0002','Aplicaci¢n de mapas autoorganizados al problema del plegamiento de prote¡nas'),('2008-0003','Tt-sajan (sistema de aprendizaje para el juego de ajedrez para ni¤os)'),('2008-0004','Identificaci¢n de individuos y ubicaci¢n por medios m¢viles basados en sistemas de informaci¢n geogr fica'),('2008-0005','Revista electr¢nica digital para la ESCOM'),('2008-0006','Byte-thoven SAEP ( sistema de apoyo a la ense¤anza de piano)'),('2008-0007','Sistema simulador de pruebas de choque'),('2008-0008','Sistema de recomendaci¢n h¡brido para una tienda virtual de libros'),('2008-0009','Sistema Linux m¡nimo para la detecci¢n de movimiento'),('2008-0010','M¢dulos de reconocimiento y soluci¢n de operaciones matem ticas b sicas para un pizarr¢n inteligente'),('2008-0011','Sistema de seguridad y control a distancia para casa habitaci¢n'),('2008-0012','Arquitectura de autentificaci¢n por biom‚trico de voz basada en ontolog¡as'),('2008-0013','Marca de agua digital'),('2008-0014','Sistema de informaci¢n para el proceso administrativo de archivo de derechohabientes del imss.'),('2008-0015','Clasificador de recurrencia de c ncer de mama'),('2008-0016','Videojuego con tem tica shooter en 2D'),('2008-0017','Criptograf¡a visual'),('2008-0018','Implantaci¢n de un esquema de protecci¢n de datos contra fallas consecutivas en un sistema de almacenamiento de datos basado en RAID 5'),('2008-0019','Sistema de tr mite de documentos y consulta de informaci¢n escolar'),('2008-0020','Sistema de identificaci¢n y ubicaci¢n de individuos por medios m¢viles'),('2008-0021','Framework para pruebas de penetraci¢n'),('2008-0022','Generaci¢n de n£meros pseudoaleatorios criptogr ficamente fuertes para linux'),('2008-0023','Sistema de intercambio de archivos entre memorias usb mediante una interfaz inal mbrica'),('2008-0024','Sistema de seguimiento de futbolistas SISEFUT'),('2008-0025','Segmentaci¢n y clasificaci¢n de anomal¡as simples en im genes de las c‚lulas sangu¡neas denominadas eritrocitos'),('2008-0026','Hando ide de desarrollo para la creaci¢n y dise¤o de ontolog¡as y plantillas para p ginas web'),('2008-0028','Visualizaci¢n del estado de un autom¢vil por medio de un esc ner automotriz'),('2008-0029','Sistema web de votaci¢n electr¢nica segura'),('2008-0030','Comunidad virtual de aprendizaje cultural basado en Web (COMVAC)'),('2008-0031','Videojuego para el autoaprendizaje interactivo de piano, basado en la estimulaci¢n visual y auditiva'),('2008-0032','Software para la ubicaci¢n de un m¢vil en superficie terrena con uso de GPS'),('2008-0033','M¢dulo de adquisici¢n bi-canal para se¤ales electroencefalogr ficas'),('2008-0034','Visage-r-sistema de clasificaci¢n de rostros orientado a la publicidad'),('2008-0035','Sistema de comunicaci¢n para m quinas expendedoras de alimentos mediante dispositivos m¢viles'),('2008-0036','Sistema de gesti¢n de administraci¢n de documentos'),('2008-0037','Visita virtual al museo nacional de arte (MUNAL)'),('2008-0038','E-tourism mobile -sistema web de comercio m¢vil tur¡stico'),('2008-0039','Visita virtual a la flora existente en el matorral xer¢filo del valle de m‚xico'),('2008-0040','Computaci¢n basada en reacci¢n de part¡culas en un aut¢mata celular hexagonal'),('2008-0041','Dispositivo m¢vil para seguridad del hogar'),('2008-0042','Consulta virtual a la secci¢n de faner¢gamas tipo herbario ENCB'),('2008-0043','Bluetooth-parking sistema de administraci¢n de estacionamientos para dispositivos m¢viles'),('2008-0044','M¢vil para telemetr¡a controlado v¡a remota'),('2008-0045','Juego de pelota virtual en red (pok-ta-pok)'),('2008-0046','Sistema computacional analizador de im genes radiol¢gicas para la detecci¢n de s¡ndrome de picnodisostosis'),('2008-0047','software de aplicaci¢n con sensores de campo el‚ctrico'),('2008-0048','Sistema de interacci¢n hombre-m quina basada en procesamiento digital de video y movimientos'),('2008-0049','Sistema para el  nalisis de objetos en movimiento en tiempo real'),('2008-0050','Video juego multimedia para la consola nintendo ds'),('2008-0051','Optimizaci¢n de consultas en bases de datos relacionales a trav‚s de redes de petri'),('2008-0052','Implantacion de la pila TCP/IP en un FPGA usando VHDL'),('2008-0053','Herramienta gr fica par a la configuraci¢n de una red sobre Linux'),('2008-0054','Sistema de reconstrucci¢n 3d de im genes cerebrales'),('2008-0055','Localizaci¢n de inmuebles por medio de an lisis espacial sobre representaciones conceptuales'),('2008-0056','Rusiene yuba: Sistema Auxiliar para detecci¢n de posibles patolog¡as en cerebros humanos'),('2008-0057','Esquema de lealtad utilizando smart cards'),('2008-0058','Sistema de procesamiento de se¤ales empleando funciones de programaci¢n con n£meros complejos implantado en un fpga'),('2008-0059','Robot con detecci¢n de movimiento y transmisi¢n de datos por rf'),('2008-0060','Tsound: Prototipo sintetizador de audio a partir de movimientos de objetos sobre una superficie'),('2008-0061','Prototipo sintetizador de audio a partir de movimiento de objetos sobre una superficie'),('2008-0062','Framework para el dise¤o de algoritmos de visi¢n por computadora'),('2008-0063','Sistema scada'),('2008-0064','Software de apoyo para el aprendizaje del concepto de raz¢n y proporci¢n para ni¤os de sexto grado de primaria utilizando t‚cnicas constructivistas'),('2008-0065','Video juego multitem tico de aprendizaje'),('2008-0066','Herramienta did ctica para el aprendizaje'),('2008-0067','Sistema inal mbrico de control y monitoreo via remota en casas habitaci¢n'),('2008-0068','Sistema experto de descripci¢n autom tica de im genes por medio de reconocimiento de patrones'),('2008-0069','Prototipo mec nico para el seguimiento de un objeto controlado por la pc a trav‚s de la interfaz usb'),('2008-0070','Sistema de realidad virtual inmersiva aplicada a la aprendizaje exterior utilizando t‚cnicas de representaci¢n tridimensionales y una c mara infrarroja para el seguimiento y obtenci¢n de los  ngulos de visi¢n del usuario'),('2008-0071','Patrones de identificaci¢n de c‚lulas sangu¡neas para prevenir enfermedades'),('2008-0072','Sistema de mandos por voz'),('2008-0073','Modelo de comercio electr¢nico basado en agentes aplicado a la asistencia en compra y venta de equipo de c¢mputo'),('2008-0074','Sistema para el aprendizaje de la escritura de kanjis japoneses \'benkyou\''),('2008-0075','Sistema de localizaci¢n y ubicaci¢n en interiores con wifi'),('2008-0076','Sistema de c¢mputo m¢vil para el control de la diabetes mellitus'),('2008-0077','Dispositivo electr¢nico de reconocimiento de im genes'),('2008-0078','Sistema de recuperaci¢n de im genes con respecto a la base de su contenido'),('2008-0079','Sistema experto de prediagn¢stico para perros y gatos \'med4pet\''),('2008-0080','Visita virtual a Chichen-itza'),('2008-0081','Sistema electr¢nico de reproducci¢n y almacenamiento musical'),('2008-0082','Sistema de control de un brazo mediante la voz'),('2008-0083','Detecci¢n de m£ltiples puntos en movimiento en el espacio libre y manipulaci¢n de aplicaciones mediante seguimiento de puntos de luz ir'),('2008-0084','Setfut: sistema para estrategia en t ctica fija de futbol en realidad virtual'),('2008-0085','Dise¤o autom tico de redes'),('2008-0086','Compresi¢n fractal via hardware'),('2008-0087','Prototipo de sistema multimedia parametrizable para la ense¤anza de  lgebra de tercero de secundaria'),('2008-0088','Codificaci¢n y decodificaci¢n de informaci¢n mediante reconstructores exactos de estado implantados en microcontroladores'),('2008-0090','M¢dulo gis para el apoyo al plan permanente ante contingencias de la ciudad de m‚xico'),('2008-0091','Componente case para uml con generaci¢n de c¢digo en c#'),('2008-0092','Sistema de miner¡a de datos basado en agentes para el apoyo en la toma de decisiones'),('2008-0093','Juego de pelota prehispanico para pc'),('2008-0094','Sistema de consulta y obtenci¢n de rutas ¢ptimas entre dos puntos utilizando los medios de transporte: metro, metrob£s, troleb£s, rtp y tren ligero del distrito federal'),('2008-0095','Implementaci¢n en fpga del algoritmo ica para el procesamiento de se¤ales eeg'),('2008-0096','Sistema integral de control de acceso'),('2008-0098','Navi: navegaci¢n en ambientes virtuales interactivos'),('2008-0099','Construcci¢n de datamart para an lisis de datos en una l¡nea de producci¢n (con base de datos multidimensionales)'),('2008-0100','Sistema interactivo para reforzar el aprendizaje de palabras b…sicas del idioma ingl‚s para alumnos de nivel preescolar utilizando reconocimiento de voz'),('2008-0101','Sistema autom tico para la grabaci¢n de clases en un formato m¡nimo para la web'),('2008-0102','Dise¤o de un sistema de administraci¢n de licitaciones gubernamentales'),('2008-0103','Protocolo de comunicaci¢n segura para c¢mputo m¢vil y ubicuo'),('2008-0104','Sistema de asitencia para terapeutas que atienden a ni¤os con problemas de lenguaje'),('2008-0105','Sistema m¢vil de localizaci¢n y rastreo dentro de instalaciones'),('2008-0106','Sistema de hardware para almacenar im genes'),('2008-0107','Sistema generador de diagramas de secuencia de uml a partir de la descripci¢n de casos de uso en lenguaje natural (2a fase)'),('2008-0109','Visita virtual 3D palenque-chiapas'),('2008-0110','Sistema de ense¤anza / aprendizaje multimedia interactivo para educaci¢n basada en la web'),('2008-0111','Sistema para el seguimiento del programa institucional de tutor¡as en la ESCOM'),('2008-0112','Sistema de adquisici¢n satelital de datos para sistemas de medici¢n remoto'),('2008-0113','Sistema optimizador de rutas para el transporte en plataformas de pemex'),('2008-0114','Sistema de integraci¢n de datos geogr ficos utilizando una ontolog¡a de aplicaci¢n para localizar sitios tur¡sticos'),('2008-0115','Sistema de localizaci¢n y monitoreo de unidades m¢viles'),('2008-0116','Prototipo de un sistema infrarrojo para la determinaci¢n de vol£menes en cuerpos'),('2008-0117','Evaluaci¢n automatizada de la adaptabilidad de los sistemas de informaci¢n a los cambios en los procesos de negocio'),('2008-0118','M¢dulo de evaluaci¢n de actividades del sistema de apoyo'),('2008-0119','Sistema de c¢mputo para el prediagn¢stico en medicina interna'),('2008-0120','Sistema de deletreo de palabras del lenguaje de se¤as en port tiles'),('2008-0122','Portal para tutores del Programa Institucional de Tutor¡as (P.I.T.)'),('2008-0123','Herramienta multimedia como apoyo para el desarrollo de estrategias de ense¤anza de los conceptos de raz¢n y proporci¢n'),('2008-0124','Prototipo de un sistema autom tico de cobro para tiendas departamentales'),('2008-0125','Implementac¡¢n de un sistema que utiliza c¢digo bidimensional a trav‚s de tel‚fono m¢vil para una aplicaci¢n web'),('2008-0127',' Votaci¢n electr¢nica'),('2008-0128','Sistema de infracciones viales de agentes de tr nsito a pie en la ciudad de m‚xico'),('2008-0129','Sistema virtual de apoyo en el aprendizaje de los ni¤os KOKAY'),('2008-0130','Sistema m¢vil de detecci¢n de niveles de ingesta del alcohol'),('2008-0131','representaci¢n virtual de sistemas din micos mediante el uso de aut¢matas celulares'),('2008-0132','Simulaci¢n de modelos visuales de morfog‚nesis utilizando aut¢matas celulares'),('2008-0133','Desarrollo de un sistema para el c lculo de enlace satelital'),('2008-0135','Aplicaci¢n para la web auxiliar en el aprendizaje del c lculo'),('2008-0136','Sistema de informaci¢n de costos de construcci¢n civil y presupuestos'),('2008-0138','Dise¤o de indicadores para la evaluaci¢n de una escuela de nivel superior'),('2008-0139',' Sistema de registro m‚dico electr¢nico (rme)'),('2008-0143','Small business intelligence (an lisis estad¡stico empresarial)'),('2008-0144','Sistema de gesti¢n financiera'),('2008-0145','Herramienta de vizualizaci¢n cient¡fica'),('2008-0146','An lisis y simulaci¢n de un nuevo modelo del virus del vih usando aut¢matas celulares'),('2008-0147','Herramienta computacional did ctica para visualizaci¢n de las reacciones de diels-alder \'chemware\''),('2008-0148','Herramienta computacional did ctica para el estudio de reacciones electroqu¡micas'),('2008-0149','Comprobaci¢n del principio de uniformidad fon‚tica en distintos idiomas usando ling–¡stica computacional'),('2008-0150','Sistema de apoyo para psic¢logos en el tratamiento de ni¤os a trav‚s de animaci¢n computacional'),('2008-0152','Sistema de control del transporte p£blico metropolitano (SISCTRAM)'),('2008-0154','Darwin report herramienta de dise¤o y generaci¢n de reportes en mono'),('2008-0155','Escaparate virtual de dispositivos port tiles'),('2008-0157','SISTEMA ADMINISTRADOR DE CORRESPONDENCIA EN LA UNIDAD POLITCNICA PARA EL DESARROLLO Y LA COMPETITIVIDAD EMPRESARIAL'),('2008-0158','Electroencefalograma modular para su uso en PC\'S.'),('2008-0159','Sistema de interacci¢n de aplicaciones'),('2008-0160','An lisis de series de tiempo para generar redes complejas mediante la tecnolog¡a de agentes'),('2008-0161','Interfaz visual para manipulaci¢n de sensores electr¢nicos'),('2008-0162','Modelo dental virtual con manipulaci¢n externa (virtualdent)'),('2008-0163','Dise¤o y Desarrollo de un M¢dulo Transmisor-Receptor de RFID'),('2008-0164','Visita virtual 3D recontrucci¢n parcial de algunos sitios arquitect¢nicos de Palenque Chiapas'),('2008-0165','Juegos para tel‚fonos celulares con comunicaci¢n bluetooth'),('2008-0166','Visita Virtual al edificio de correos'),('2009-0001','Sistema de Detecci¢n de Padecimientos Neuromusculoesquel‚ticos en Personas con Problemas de Marcha Provocados por la Par lisis Cerebral SiDePaNPro'),('2009-0002','Sistema de Tr mites y Servicios en L¡nea para el Municipio de Sinaloa de Leyva (SITRASELS)'),('2009-0004','SIMULACIàN DE PRUEBAS DE CHOQUES (TLACOTZONTLI)'),('2009-0005','TRISQUEL: Sistema distribuido de seguridad y acceso vehicular con tecnolog¡a RFID'),('2009-0006','SISTEMA DETECTOR DE EXPLOITS '),('2009-0007','Generador Autom tico de Aplicaciones Basadas en Sockets y RPCs'),('2009-0008','SISTEMA GENERADOR DE AMBIENTES VIRTUALES DINµMICOS TRIDIMENSIONALES PARA UNA CµMARA DE INMERSIàN'),('2009-0009','Herramienta Generadora de Mapas de Intensidad de una Red Wi-Fi para exteriores en el µrea de ESCOM'),('2009-0010','School of Hell, Videojuego de aventura en una escuela'),('2009-0011','SISTEMA SIMULADOR DE MAQUINARIA VIRTUAL DE CONSTRUCCIàN'),('2009-0012','Sistema traductor de voz a la Lengua de Se¤as Mexicana (SonSe¤as)'),('2009-0013','SISTEMA DOMàTICO ODA (ORIENTADO A DISCAPACIDAD AUDITIVA)'),('2009-0014','Sistema para el Seguimiento de Individuos en Flujo de Video'),('2009-0015','Asistencia al Dise¤o de Iluminaci¢n Virtual (ADIV)'),('2009-0016','Reconocimiento de Gestos y Movimientos mediante Touchpad para el acceso directo a aplicaciones sobre sistemas Linux.'),('2009-0017','Sistema de Gesti¢n para el Observatorio Institucional de Innovaci¢n Educativa'),('2009-0018','Sistema localizador de dispositivos m¢viles para la atenci¢n de emergencias'),('2009-0019','Feles: Sistema Mecatr¢nico Activo de Visualizaci¢n.'),('2009-0020','Editor Gr fico de F¢rmulas de Qu¡mica Org nica'),('2009-0021','Sistema de Control de Acesso con RFID'),('2009-0022','Sistema de visi¢n para el seguimiento de objetos en movimiento'),('2009-0023','Sistema de Acceso Institucional a Servicios (SAIS)'),('2009-0024','Sistema para B£squeda y Recomendaci¢n de Rutas para Transporte P£blico en Ciudades'),('2009-0025','Implementaci¢n de un reconocedor de enfermedades dermatol¢gicas a trav‚s de segmentaci¢n de im genes utilizando memorias asociativas \'DERMSOFT\''),('2009-0026','Manejo de Video Distribuido sobre un Video Wall'),('2009-0027','Sistema Generador de Marcas de Agua en Archivos de Audio'),('2009-0028','Prototipo de Sistema de Control Integral para el monitoreo de Gas Natural en Casa Habitaci¢n'),('2009-0029','Videojuego Light gun shooter 2D con modo de juego para dos personas v¡a LAN'),('2009-0031','Visita Virtual al edificio hist¢rico del MIDE (VIRVEH)'),('2009-0032','Sistema de Archivos Esteganogr ficos'),('2009-0033','Transmisi¢n inalmbrica de audio'),('2009-0034','Sistema de control para un auto monoplaza el‚ctrico'),('2009-0035','Prototipo de un Sistema de Localizaci¢n GSM para la Atenci¢n de Siniestros Automovil¡sticos'),('2009-0036','Sistema interactivo para recepci¢n y gesti¢n de ¢rdenes de restaurante'),('2009-0037','sistema de verificaci¢n facial (SisVeF)'),('2009-0039','Sistema integrado dise¤ado para el manejo de video en dos dimensiones'),('2009-0040','Comunidad Virtual Orientada a Dispositivos M¢viles con Tecnolog¡a Bluetooth'),('2009-0041','Visita Virtual a la Sala de la F brica de Billetes del MIDE (VVSFBM)'),('2009-0042','Sistema de modelado de l¡quidos'),('2009-0043','Servidor Proxy para archivos multimedia.'),('2009-0044','Sistema de c¢mputo m¢vil para el seguimiento pedi trico del infante y control de personal en cuneros.'),('2009-0045','Sistema de Facturaci¢n Digital'),('2009-0046','Sistema para el control de inventarios y ¢rdenes de trabajo de un centro de servicio de herramientas'),('2009-0047','Desarrollador Virtual de Modelos'),('2009-0048','ARQUITECTURA DE UN AULA VIRTUAL COMO APOYO EN LA EDUCACIàN DEL INSTITUTO POLITCNICO NACIONAL'),('2009-0049','Dispositivo M¢vil para Verificaci¢n de Temperatura en Tuber¡as Subterr neas'),('2009-0050','Sistema de Gesti¢n de Contenidos Educativos para Web'),('2009-0051','Aprendizaje significativo de una m quina ejemplificado en un Videojuego en 3D enfocado en la Cultura Azteca'),('2009-0052','Prototipo de Sistema de Seguridad Automotriz activado por voz'),('2009-0053','Dom¢tica para personas cuadrapl‚jicas'),('2009-0054','EDITOR DE TEXTOS KUIKSPYCH'),('2009-0055','Curso de C++ a trav‚s de la WEB'),('2009-0056','Reconocimiento de Caracteres obteniendo la se¤al por Sensor àptico'),('2009-0057','Sistema de Autodiagn¢stico Pedi trico'),('2009-0058','Firewall Multicapa'),('2009-0059','Gu¡a interactiva a partir de ubicaci¢n f¡sica utilizando consola de videojuegos port til'),('2009-0060','Arquitectura de software colaborativa para el desarrollo y administraci¢n de componentes de aprendizaje'),('2009-0061','Sistema de Archivos Ext3 en Userspace'),('2009-0062','Sistema de monitoreo electr¢nico de rutas para transportistas'),('2009-0063',' Sustituci¢n de cables por RF, para perif‚ricos de PC '),('2009-0064','Aplicacion con visin utilizando transmisin inalmbrica'),('2009-0065','NutriHouse: Sistema web para la generaci¢n y gesti¢n de dietas alimenticias'),('2009-0066','M¢vil Recolector de Datos para detectar fallas y monitorear lugares de dif¡cil acceso'),('2009-0067','IMPLEMENTACIàN HPC CON PROCESADOR CELL PARA APLICACIONES CIENTÖFICAS'),('2009-0068','Equipo rob¢tico de agentes inteligentes cooperativos en un ambiente altamente din mico'),('2009-0069','Sistema de aprendizaje de UML basado en WEB'),('2009-0070','SISTEMA DE ACCESO A ESTACIONAMIENTO'),('2009-0071','Sistema inteligente de apoyo a la ense¤anza para F¡sica I (Nivel Medio Superior).'),('2009-0072','Sistema de Monitoreo de Unidades por Sistemas de Posicionamiento Global con Calculo de Densidad de Tr fico (GUIAME) TT NO PRESENTO'),('2009-0073','Desarrollo de un sistema Scada para casa habitaci¢n'),('2009-0074','Generador Din mico de Rutas Alternas para Veh¡culos de Emergencia (GEDRALVE)'),('2009-0075','SIMULADOR DE NEGOCIOS'),('2009-0076','Museo Virtual de Antropolog¡a parte I (MUVA-parte I)'),('2009-0077','Tienda de Autoservicio Inteligente con Etiquetas RFID y Miner¡a de Datos'),('2009-0078','ERIS: Librer¡a de interacci¢n virtual con la realidad utilizando Realidad Aumentada'),('2009-0079','Sistema Simulador de Redes Neuronales Artificiales'),('2009-0080','Sistema Interactivo de Ejercitaci¢n de Memoria para Personas Mayores'),('2009-0081',' Clasificador de se¤ales EEG'),('2009-0082','PROTOCOLO PARA SINCRONIZAR SEMFOROS MEDIANTE RADIOFRECUENCIA'),('2009-0083','Generador de c¢digo fuente a partir de diagrama de flujo, UML y entidad relaci¢n'),('2009-0084','Sistema de Simulaci¢n de Procesos Termodin micos (SSP-Termo)'),('2009-0085','MANEJO DE UN MICROPROCESADOR EMBEBIDO'),('2009-0086','INTERFAZ DE CONTROL PARA TOUCH-SCREEN CON ACCESO TCP/IP'),('2009-0087','Sistema Interactivo para el Aprendizaje de An lisis Vectorial (SIAAV)'),('2009-0088','Sistema para la identificaci¢n y prevenci¢n de perfiles violentos en el aula'),('2009-0089','Apoyo en la toma de decisiones mediante un sistema basado en Web usando un algoritmo de jerarquizaci¢n anal¡tica.'),('2009-0090','ETS (Evolutive Task Scheduler)'),('2009-0091','AGRICULTURA PROTEGIDA: CONTROL AUTOMATIZADO DE INVERNADERO POR MEDIO DE COMUNICACIàN INALµMBRICA'),('2009-0092','Tutor Interactivo Inteligente de µlgebra Vectorial'),('2009-0093','SiMeOliC Simulador de Mercado en Oligopolio y Competencia Perfecta(SiMeOliC)'),('2009-0095','Sistema Interactivo de Apoyo en el Proceso Ense¤anza-Aprendizaje para Ni¤os con Problemas Auditivos XIKIN'),('2009-0097','Predicci¢n de estructuras de prote¡nas en 3d utilizando aut¢matas celulares'),('2009-0098','Sistema de Capacitaci¢n Policiaca con Realidad Aumentada Real Shooter'),('2009-0100','Tutor interactivo inteligente para la ense¤anza de programaci¢n en lenguaje C'),('2009-0101','An lisis de Consultas para Bases de Datos Multidimensionales bajo Ambientes Web'),('2009-0102','ALGORITMOS GENTICOS APLICADOS A PLANIFICACIàN DE RUTAS'),('2009-0103','RECONSTRUCTOR DE OBJETOS 3D POR MEDIO DE WEBCAM DE MOVIMIENTO LIBRE'),('2009-0104','SISTEMA PARA ATENCIàN EN RESTAURANTE'),('2009-0106','Equipo de adquisici¢n y procesamiento de datos meteorol¢gicos II'),('2009-0107','Sistema Gestor de Informaci¢n en Tiempo Real (SIGITRE)'),('2009-0108','Veh¡culo Controlado V¡a Sat‚lite (VECOVIS)'),('2009-0109','Sistema para B£squeda Personalizada'),('2009-0111','ENTORNO DE DESARROLLO INTEGRADO DE COMPONENTES DE MATERIAL DIDµCTICO EDUCATIVO'),('2009-0112','SISTEMA DE UBICACIàN GEOGRµFICA DE LLAMADAS CLANDESTINAS VÖA CELULAR'),('2009-0113','Prototipo de Sistema de Asignaci¢n y Control de Programas de Desarrollo del INJUVE D.F.'),('2009-0114','Robot programable ROBOESCOM'),('2009-0115','Explorador de Archivos 3D para Linux'),('2009-0116','SISTEMA DE GESTIàN DE INFORMACIàN DE DEPARTAMENTOS EN LA ESCOM'),('2009-0117','Software Educativo de Apoyo para el Aprendizaje en la Especialidad de Urolog¡a'),('2009-0118','Sistema virtual de auto aprendizaje matem tico (Virtual 3d Math)'),('2009-0119','HEROES DE LA INDEPENDENCIA Videojuego de Apoyo en el Aprendizaje de Historia de M‚xico (La Independencia;Antecedentes e Inicio del Movimiento)'),('2009-0121','Sistema Copiloto Para Prevenci¢n de Colisiones Entre Autom¢viles'),('2009-0122','Sistema Intermediario de Recomendaci¢n y Tr mite de Servicios Financieros (SIRSEFI)'),('2009-0123','Clasificador de Presencia de Cardiopat¡a mediante Memorias Asociativas alfa-beta.'),('2009-0124','Herramienta de apoyo did ctico a la asignatura de Planimetr¡a basada en Objetos de Aprendizaje'),('2009-0125','Call Center Xtend'),('2009-0126','Generador de Im genes 3D con Matriz de leds auxiliar en educaci¢n preescolar'),('2009-0128','Sistema de informaci¢n para la gesti¢n acad‚mica y escolar en los programas ofertados en los ambientes virtuales de la divisi¢n de posgrado del IPN'),('2009-0129','Sistema de Planeaci¢n Tur¡stica para la Zona Centro de la Ciudad de M‚xico'),('2009-0130','Visita Virtual a la Sala de Exhibiciones del Palacio Postal'),('2009-0131','MUVE, Museo Virtual de Econom¡a'),('2009-0132','VISITA VIRTUAL AL MUSEO FUEGO NUEVO'),('2009-0133','REPOSITORIO DIGITAL ESCOM'),('2009-0134','PROTOTIPO PARAS VISUALIZAR IMµGENES Y VIDEOS EN REALIDAD VIRTUAL EN UN DISPOSITIVO MàVIL'),('2009-0135','SISTEMA PARA EXPLORACIàN DE RUTAS DE PLEGAMIENTO DE PROTEÖNAS USANDO ALGORITMOS GENTICOS'),('2009-0137','SISTEMA PARA LA ORIENTACIàN VOCACIONAL'),('2009-0138','SISTEMA DE CONSULTA Y APOYO PARA EL APRENDIZAJE Y EJERCITACIàN DEL KANJI'),('2009-0141','CLASIFICACIàN DE PADECIMIENTOS DE RETINOPATÖA DIABTICA MEDIANTE SEGMENTACIàN DE IMµGENES Y MEMORIAS ASOCIATIVAS'),('2009-0142','HERRAMIENTA COMPUTACIONAL DIDµCTICA PARA EL ESTUDIO DE CAMBIOS DE HIBRIDACIàN EN COMPUESTOS ORGµNICOS ( HYCOC)'),('2009-0144','Sistema de Administraci¢n de Activo Fijo de una Dependencia de Gobierno'),('2009-0145','Sistema de Identificai¢n de Interprete en una canci¢n'),('2009-0146','FreeMouse'),('2009-R002','Tutorial pr ctico EJB 3.0 para JAVA'),('2009-R003','Simulaci¢n computacional de sistemas f¡sicos'),('2009-R004','SMS: M¢dulo de egresados'),('2009-R005','Sistema de n¢mina integral para una empresa de artesan¡as mexicanas'),('2009-R006','Sistema de visualizaci¢n con relidad aumentada para un aprendizaje gr fico del c lculo (ARc)'),('2009-R007','sistema de reporte de actividades en campo para dispositivos m¢viles SIRAC-m¢vil'),('2010-0001','Sistema de Asistencia Automovil¡stico de Manejo \'Krystal\''),('2010-0002','tienda discografica virtual (muline)'),('2010-0003','Prototipo de Dispositivo Aplicado a la Deformaci¢n de Objetos Virtuales Existentes'),('2010-0004','Constructor de aplicaciones en lenguaje C a trav‚s de comandos de voz.'),('2010-0005','Herramienta para modelado de objetos inteligentes en tres dimensiones para ArchiCAD'),('2010-0006','Guia para d‚biles visuales en ESCOM'),('2010-0007','Sistema traductor del lenguaje de Se¤as Mexicano (LSM) a texto y voz'),('2010-0008','Implementaci¢n de un servicio de social enfocado a la administraci¢n de m£sica personal (eMusic)'),('2010-0009','Implementaci¢n de un Dispositivo Electr¢nico Capaz de Reconocer la Voz v¡a Telef¢nica'),('2010-0010','Sistema de Realidad Virtual para Apoyo del Tratamiento de la Agorafobia (SiRVATA)'),('2010-0011','Cuauhyahcatl'),('2010-0012','Software ERP para empresa de Transporte (M¢dulos de Log¡stica)'),('2010-0013','Sistema de administraci¢n para peque¤as y medianas empresas (PyMES) pertenecientes al  rea de l cteos'),('2010-0014','Herramientas para Hacking tico'),('2010-0015','SISFAI (Sistema para el Fomento de la Autoestima Infantil)'),('2010-0016','Sistema de Alarma basado en la Detecci¢n de Placas Vehiculares para la Secretar¡a de Seguridad P£blica (SpyHidden)'),('2010-0017','Dispositivo de Almacenamiento Masivo USB con Transferencia de Archivos v¡a Bluetooth'),('2010-0018','Servidor de Bases de Datos Multidimensionales'),('2010-0019','SGCC Sistema gestor de congresos y convenciones'),('2010-0020','Simulador de Planes para el Control de Flujo Vehicular'),('2010-0021','Heur¡sticas aplicadas al problema del Flujo Vehicular'),('2010-0022','Sistema de Conteo y Espera a Unidades Metrob£s Mediante Procesamiento de Im genes'),('2010-0023','Reconocimiento de im genes de rostros obtenidas a trav‚s de una c mara de seguridad mediante el an lisis de im genes y memorias asociativas'),('2010-0024','Ontolog¡a sobre m£sica y peliculas m s representativas desde el 2009 a la actualidad'),('2010-0025','Construcci¢n de una herramienta que da soluci¢n a an foras indirectas de una oraci¢n'),('2010-0026','Sistema Distribuido para Dise¤o Colaborativo en QCAD'),('2010-0027','Sistema L.I.D.A.R. para Trazado de Mapas 3D de Cuevas y Espacios Cerrados'),('2010-0028','Sistema de Domotica Inalambrico'),('2010-0029','ALIDA: Sistema H¡brido para Tratamiento Dermatol¢gico'),('2010-0030','Sistema para la Prevenci¢n y Detecci¢n de Patolog¡as mediante la Iridodiagnosis (SPDPI)'),('2010-0031','BO\'OL Sistema de pago electr¢nico por medio de celular'),('2010-0032','Blindaje de Documentos Electr¢nicos'),('2010-0033','Video Club en l¡nea'),('2010-0034','Elecci¢n de la mejor jugada en un ajedrez con modificaciones en la forma de juego a trav‚s del confrontamiento de tres algoritmos de b£squeda'),('2010-0035','Puntero Manipulado por Gestos Manuales (PUMAGEMA)'),('2010-0036','Sistema de Reconocimiento de Voz'),('2010-0037','Sistema para sincronizar sem foros mediante radiofrecuencia'),('2010-0038','Plataforma SAAS de comercio electronico basado en un gestor de aplicaciones'),('2010-0039','Sistema de Tratamiento de Fobias'),('2010-0040','Sistema de Procesamiento y Clasificaci¢n de Se¤ales de Audio.'),('2010-0041','Agentes Monitores para Redes de Computadoras'),('2010-0042','Sistema de Reconstrucci¢n de la ciudad de Tollan-Xicocotitlan mediante Realidad Aumentada'),('2010-0043','Sistema de monitoreo para la detecci¢n y prevenci¢n de intrusiones mediante IDS'),('2010-0044','Gencore: Generador de partituras a partir del an lisis espectral de piezas musicales'),('2010-0045','Infraestructura de Identificaci¢n y Autentificaci¢n Digital.'),('2010-0046','Sistema de informaci¢n tur¡stica en celulares por fotograf¡a'),('2010-0047','WEB-IDE (Entorno integrado de Desarrollo en linea)'),('2010-0048','Sistema Traductor de Lenguaje Sordomudo a Lenguaje de caracteres implementado mediante memorias asociativas alfa-beta'),('2010-0049','Sistema rob¢tico para la entrega de ordenes en una cafeter¡a'),('2010-0050','Sistema de Expediente Cl¡nico Electr¢nico Para el µrea de Hospitalizaci¢n Para Unidades M‚dicas de Alta Especialidad'),('2010-0051','Encriptaci¢n de Im genes mediante Aut¢matas Celulares'),('2010-0052','Sistema para identificar estilos de aprendizaje: Caso ESCOM'),('2010-0053','Sistema de mantenimiento para una empresa de transporte p£blico'),('2010-0054','Herramienta de software para realce de video'),('2010-0055','Sistema de comunicaci¢n de V o IP sobre dispositivos m¢viles'),('2010-0056','Sistema inteligente de reconocimiento de patrones en im genes digitales aplicando la clasificaci¢n de objetos VELA'),('2010-0057','Monitoreo Espacial y Temporal del Estr‚s de la Poblaci¢n de la Ciudad de M‚xico'),('2010-0058','Sistema Clasificador de Se¤ales Anatomofisiol¢gicas'),('2010-0059','Sistema de Agentes Colaborativos para la detecci¢n de Vulnerabilidades.'),('2010-0060','Sistema de localizaci¢n e inmovilizaci¢n vehicular mediante GPS y triangulaci¢n GSM'),('2010-0061','Prototipo de Software de Entretenimiento con Inteligencia Artificial en 3D'),('2010-0062','Estudio de plasticidad en dispositivos m¢viles APPLE'),('2010-0063','Sistema Generador de Recomendaciones para una Tienda En-L¡nea de Videojuegos'),('2010-0064','Sistema de transmisi¢n a r fagas implementado con estaciones de informaci¢n con calidad del enlace (perfiles)'),('2010-0065','Sistema de Adquisici¢n de Datos Usando un DSC Para el Procesamiento de Informaci¢n'),('2010-0066','API de firmas digitales'),('2010-0067','Sistema De Recolecci¢n y Comunicaci¢n De Datos Para El Despacho Autom tico Del Metrobus'),('2010-0068','Identificaci¢n de la Personalidad de Individuos basado en los Rasgos Faciales con fines criminal¡sticos'),('2010-0069','Herramienta Para Identificar las Ra¡ces de un Vocablo en una Oraci¢n y un Desambiguador de Preposiciones'),('2010-0070','SFE: Sistema de Facturacion Electr¢nica'),('2010-0071','Analizador de se¤ales de audio para la clasificaci¢n de archivos de m£sica basado en huellas digitales ac£sticas.'),('2010-0072','Arquitectura para un sistema de educaci¢n en l¡nea'),('2010-0073','Desarrollo de un api para el reconocimiento de patrones implementando memoria compartida en GPUs'),('2010-0074','Electroencefalograma port til de monitoreo a trav‚s de redes inal mbricas'),('2010-0075','Analizador de frases tematicas y etiquetador sintactico'),('2010-0076','Portal de la Historia de M‚xico Etapa 1 (historiademexico.net)'),('2010-0077','Sistema de Predicci¢n de Movimientos Financieros SEM 11-2'),('2010-0078','Sistema de realidad aumentada para visualizar cambio de imagen personal'),('2010-0079','Construcci¢n de una Base de conocimientos sobre el uso de herramientas de carpinteria'),('2010-0080','Sistema Auixiliar en la Gesti¢n de tr mites del departamento de propiedad industrial del IPN'),('2010-0081','Modelado Arquitect¢nico en 3D'),('2010-0082','Sistema para la administraci¢n de ventas para una PyME dedicada a la transformaci¢n y comercializaci¢n de pol¡meros'),('2010-0083','Sistema de informaci¢n geogr fica para el monitoreo y seguimiento de actividades del personal m¢vil asistido por GPS'),('2010-0084','Sistema de Control de Inventarios de Productos Farmaceuticos'),('2010-0085','Herramienta CASE de ingenier¡a inversa para diagramas de secuencia din micos (XÇ?NTHÇ? CASE)'),('2010-0086','Sistema de Detecci¢n de Tendencias Suicidas (SIDETSU)'),('2010-0087','Sistema de transcepci¢n para RFID'),('2010-0088','Herramienta de manipulaci¢n en tres dimensiones'),('2010-0089','Acercamiento virtual a enfermedades en las v¡as respiratorias, Producidas por el tabaco con Realidad Aumentada'),('2010-0090','Manteniendo valores m£ltiples en una antolog¡a en uno presdominante (construccci¢n de una herramienta que ayuda en la funci¢n de antolog¡as)'),('2010-0091','Sistema de votaciones oficiales por urna electr¢nica'),('2010-0092','Sistema de informaci¢n de productividad'),('2010-0093','Sistema para el Control de Proyectos iDENProject'),('2010-0094','Herramienta de software para el apoyo de aprendizaje de programaci¢n estructurada'),('2010-0095','Procesamiento de audio de Tiempo Real'),('2010-0096','Sistema Virtual de Base de Datos'),('2010-0097','Aseguramiento de la propiedad de confluencia en el sistema activo mediante la pol¡tica de asignaci¢n de prioridades'),('2010-0098','Descarga desde redes p2p a dispositivo m¢vil aplicando bluetooth Streaming'),('2010-0099','Miner¡a de Datos aplicada a la Predicci¢n de la Estructura Secundaria de Prote¡nas'),('2010-0100','Sistema de c¢mputo que realice predicciones electorales usando sociof¡sica'),('2010-0101','Sistema de Navegacion Inteligente'),('2010-0102','Laboratorio Virtual para la ense¤anza de la ¢ptica (Laviroptik)'),('2010-0103','Sistema para el Fortalecimiento del Aprendizaje de las Ecuaciones Diferenciales Totales empleando Transformadas de Laplace'),('2010-0104','M¢dulo remoto de monitoreo ambiental para m¢vil a‚reo'),('2010-0105','Modelo y arquitectura estandar de identificaci¢n digital'),('2010-0106','School Management System (SMS) M¢dulo calendario de actividaes y generador de documentaci¢n'),('2010-0107','Sistema de administraci¢n de inmuebles m¢dulo mantenimiento y uso'),('2010-0108','Interfaz para la conexi¢n de dispositivos MIDI y Pluyins de audio en linux en un kernel de tiempo real'),('2010-0109','Aplicaci¢n de la arquitectura orientada a servicios al proceso de servio social en la Escuela Superior de C¢mputo'),('2010-0110','Adaptaci¢n de la arquitectura SOA al procedimiento \'Otorgamiento De Becas\''),('2010-0111','Sistema WEB para la predicci¢n de estructuras secundarias de prote¡nas'),('2010-0112','Sistema de Administraci¢n de Ventas de Alfaomega Aplicando SOA.'),('2010-0113','Sistema Web de Comercio Implementando Dispositivos M¢viles'),('2010-0114','Sistema de monitoreo bidireccional de envi¢ y recepci¢n de datos GPRS'),('2010-0116','SETBAN: Sistema Electr¢nico para Transacciones Bancarias'),('2010-0117','Aplicacion de la Arquitectura SOA para el Procedimiento de Seguimiento de Egresados'),('2010-0118','Sistema de Apoyo para el Desarrollo del Programa Maestro-Tutor'),('2010-0119','An lisis de riesgo utilizando un sistema de informaci¢n geogr fica ARSIG'),('2010-0120','Estabilizaci¢n y Desarrollo de Web Toolkit 1.0'),('2010-0121','Protocolo de Comunicaci¢n Abierto para Edificios Inteligentes'),('2010-0122','Sistema Prototipo para el Control de Acceso a un Recinto'),('2010-0123','VISUALIZACIàN TRIDIMENSIONAL DEL MIOCARDIO HUMANO'),('2010-0124','Sistema de tratamiento de radiograf¡as para detecci¢n de enfermedades'),('2010-0125','Aplicaci¢n de una Arquitectura Orientada a Servicios en los procesos de reinscripci¢n e inscripci¢n de la Escuela Superior de C¢mputo'),('2010-0127','SIRS: SISTEMA INTERMEDIARIO PARA LA RECOMENDACIàN DE EQUIPOS CELULARES'),('2010-0128','sERPico'),('2010-0129','Electrocardiograma Inteligente (ECI)'),('2010-0130','Simulador de vuelo'),('2010-0131','Caja de herramientas para la clasificaci¢n de se¤ales'),('2010-0132','Fundamentos Matem ticos y Computacioneles para Esquemas de Firma y de Cifrado'),('2010-0133','PROTOTIPO DE INTERFASE DE USO INDUSTRIAL PARA ACOPLAR EL PROTOTIPO RS-485 CON EL USB'),('2010-0134','XIIBAL BAAK'),('2010-0135','SISTEMA PARA LA CAPTURA DE IMµGENES DE HUELLAS DACTILARES POR MEDIO DE UN DSC'),('2010-0136','Sistema de Migraci¢n Autom tica de Base de Datos'),('2010-0137','Sistema de consulta web de enfermedades caninas mediante sistematolog¡a (SiCECS)'),('2010-0138','Redes Sociales en M‚xico'),('2010-0139','Sistema de Perros de Alto Rendimiento (SIPEAR)'),('2010-0140','Morphing en 3D'),('2010-0141','Sistema de Apoyo en la Prevenci¢n y Detecci¢n de Cancer de Mama Utilizando Realidad Aumentada'),('2010-0142','Sistema de Expedientes Cl¡nicos Electr¢nicos para el  rea de Bancos de Sangre'),('2010-0143','Clasificador de Enfermedades de Ojo Mediante Memorias Asociativas Alfa-Beta Implementado en un FPGA'),('2010-0144','La Transformaci¢n de Darboux para la ecuaci¢n de Burgers no homog‚nea en (1+1) dimensiones. Una aplicaci¢n computacional en la ingenier¡a.'),('2010-0145',' STM BLUE: SISTEMA DE TRANSFERENCIA MéLTIPLE DE ARCHIVOS A MàVILES VÖA BLUETOOTH'),('2010-0146','CHIAPAS PALANQUE AL 3D BAµLAM BAK'),('2010-0147','SISTEMA DE LOCALIZACIàN DE VEHÖCULOS EMPLEANDO HERRAMIENTAS DE POSICIONAMIENTO GLOBAL SATELITAL'),('2010-0148','SOFTWARE DE RECONOCIMIENTO DE EXPRESIONES FACIALES PARA DIAGNàSTICO DE ESTRS POSTRAUMµTICO EN PERSONALDE PEDIATRIA Y SEGUIMIENTO DEL TRATAMIENTO'),('2010-0149','SISTEMA PARA LA DETECCIàN Y RECONOCIMIENTO DE ROSTROS EN IMµGENES PARA LA IDENTIFICACIàN DE PERSONAS'),('2010-0150','Software para la b£squeda y la deteccion de lesiones tumorales pulmonares en tomografias medicas'),('99-2-0008','Laboratorio virtual basado en pel¡cula de 360 grados'),('99-2-0013','Prototipo de una guitarra bajo midi'),('sn','SISTEMA DE GESTIàN MDICA PARA LA DIABETES A TRAVES DE LA SMS');
/*!40000 ALTER TABLE `tt` ENABLE KEYS */;
UNLOCK TABLES;
/*!40103 SET TIME_ZONE=@OLD_TIME_ZONE */;

/*!40101 SET SQL_MODE=@OLD_SQL_MODE */;
/*!40014 SET FOREIGN_KEY_CHECKS=@OLD_FOREIGN_KEY_CHECKS */;
/*!40014 SET UNIQUE_CHECKS=@OLD_UNIQUE_CHECKS */;
/*!40101 SET CHARACTER_SET_CLIENT=@OLD_CHARACTER_SET_CLIENT */;
/*!40101 SET CHARACTER_SET_RESULTS=@OLD_CHARACTER_SET_RESULTS */;
/*!40101 SET COLLATION_CONNECTION=@OLD_COLLATION_CONNECTION */;
/*!40111 SET SQL_NOTES=@OLD_SQL_NOTES */;

-- Dump completed on 2012-02-26 23:18:01
