<?xml version="1.0" encoding="utf-8"?>
<!DOCTYPE rrd SYSTEM "http://oss.oetiker.ch/rrdtool/rrdtool.dtd">
<!-- Round Robin Database Dump -->
<rrd>
	<version>0003</version>
	<step>30</step> <!-- Seconds -->
	<lastupdate>1522645785</lastupdate> <!-- 2018-04-02 00:09:45 CDT -->

	<ds>
		<name> snmpInPkts </name>
		<type> GAUGE </type>
		<minimal_heartbeat>60</minimal_heartbeat>
		<min>NaN</min>
		<max>NaN</max>

		<!-- PDP Status -->
		<last_ds>1298</last_ds>
		<value>1.9808532288e+04</value>
		<unknown_sec> 0 </unknown_sec>
	</ds>

	<ds>
		<name> icmpInMsgs </name>
		<type> GAUGE </type>
		<minimal_heartbeat>60</minimal_heartbeat>
		<min>NaN</min>
		<max>NaN</max>

		<!-- PDP Status -->
		<last_ds>55</last_ds>
		<value>8.4525430000e+02</value>
		<unknown_sec> 0 </unknown_sec>
	</ds>

	<!-- Round Robin Archives -->
	<rra>
		<cf>AVERAGE</cf>
		<pdp_per_row>2</pdp_per_row> <!-- 60 seconds -->

		<params>
		<xff>5.0000000000e-01</xff>
		</params>
		<cdp_prep>
			<ds>
			<primary_value>0.0000000000e+00</primary_value>
			<secondary_value>0.0000000000e+00</secondary_value>
			<value>1.2652559285e+03</value>
			<unknown_datapoints>0</unknown_datapoints>
			</ds>
			<ds>
			<primary_value>0.0000000000e+00</primary_value>
			<secondary_value>0.0000000000e+00</secondary_value>
			<value>5.5000000000e+01</value>
			<unknown_datapoints>0</unknown_datapoints>
			</ds>
		</cdp_prep>
		<database>
			<!-- 2018-04-01 22:10:00 CDT / 1522638600 --> <row><v>NaN</v><v>NaN</v></row>
			<!-- 2018-04-01 22:11:00 CDT / 1522638660 --> <row><v>NaN</v><v>NaN</v></row>
			<!-- 2018-04-01 22:12:00 CDT / 1522638720 --> <row><v>NaN</v><v>NaN</v></row>
			<!-- 2018-04-01 22:13:00 CDT / 1522638780 --> <row><v>NaN</v><v>NaN</v></row>
			<!-- 2018-04-01 22:14:00 CDT / 1522638840 --> <row><v>NaN</v><v>NaN</v></row>
			<!-- 2018-04-01 22:15:00 CDT / 1522638900 --> <row><v>NaN</v><v>NaN</v></row>
			<!-- 2018-04-01 22:16:00 CDT / 1522638960 --> <row><v>NaN</v><v>NaN</v></row>
			<!-- 2018-04-01 22:17:00 CDT / 1522639020 --> <row><v>NaN</v><v>NaN</v></row>
			<!-- 2018-04-01 22:18:00 CDT / 1522639080 --> <row><v>NaN</v><v>NaN</v></row>
			<!-- 2018-04-01 22:19:00 CDT / 1522639140 --> <row><v>NaN</v><v>NaN</v></row>
			<!-- 2018-04-01 22:20:00 CDT / 1522639200 --> <row><v>NaN</v><v>NaN</v></row>
			<!-- 2018-04-01 22:21:00 CDT / 1522639260 --> <row><v>NaN</v><v>NaN</v></row>
			<!-- 2018-04-01 22:22:00 CDT / 1522639320 --> <row><v>NaN</v><v>NaN</v></row>
			<!-- 2018-04-01 22:23:00 CDT / 1522639380 --> <row><v>NaN</v><v>NaN</v></row>
			<!-- 2018-04-01 22:24:00 CDT / 1522639440 --> <row><v>NaN</v><v>NaN</v></row>
			<!-- 2018-04-01 22:25:00 CDT / 1522639500 --> <row><v>NaN</v><v>NaN</v></row>
			<!-- 2018-04-01 22:26:00 CDT / 1522639560 --> <row><v>NaN</v><v>NaN</v></row>
			<!-- 2018-04-01 22:27:00 CDT / 1522639620 --> <row><v>NaN</v><v>NaN</v></row>
			<!-- 2018-04-01 22:28:00 CDT / 1522639680 --> <row><v>NaN</v><v>NaN</v></row>
			<!-- 2018-04-01 22:29:00 CDT / 1522639740 --> <row><v>NaN</v><v>NaN</v></row>
			<!-- 2018-04-01 22:30:00 CDT / 1522639800 --> <row><v>NaN</v><v>NaN</v></row>
			<!-- 2018-04-01 22:31:00 CDT / 1522639860 --> <row><v>NaN</v><v>NaN</v></row>
			<!-- 2018-04-01 22:32:00 CDT / 1522639920 --> <row><v>NaN</v><v>NaN</v></row>
			<!-- 2018-04-01 22:33:00 CDT / 1522639980 --> <row><v>NaN</v><v>NaN</v></row>
			<!-- 2018-04-01 22:34:00 CDT / 1522640040 --> <row><v>NaN</v><v>NaN</v></row>
			<!-- 2018-04-01 22:35:00 CDT / 1522640100 --> <row><v>NaN</v><v>NaN</v></row>
			<!-- 2018-04-01 22:36:00 CDT / 1522640160 --> <row><v>NaN</v><v>NaN</v></row>
			<!-- 2018-04-01 22:37:00 CDT / 1522640220 --> <row><v>NaN</v><v>NaN</v></row>
			<!-- 2018-04-01 22:38:00 CDT / 1522640280 --> <row><v>NaN</v><v>NaN</v></row>
			<!-- 2018-04-01 22:39:00 CDT / 1522640340 --> <row><v>NaN</v><v>NaN</v></row>
			<!-- 2018-04-01 22:40:00 CDT / 1522640400 --> <row><v>NaN</v><v>NaN</v></row>
			<!-- 2018-04-01 22:41:00 CDT / 1522640460 --> <row><v>NaN</v><v>NaN</v></row>
			<!-- 2018-04-01 22:42:00 CDT / 1522640520 --> <row><v>NaN</v><v>NaN</v></row>
			<!-- 2018-04-01 22:43:00 CDT / 1522640580 --> <row><v>NaN</v><v>NaN</v></row>
			<!-- 2018-04-01 22:44:00 CDT / 1522640640 --> <row><v>NaN</v><v>NaN</v></row>
			<!-- 2018-04-01 22:45:00 CDT / 1522640700 --> <row><v>NaN</v><v>NaN</v></row>
			<!-- 2018-04-01 22:46:00 CDT / 1522640760 --> <row><v>NaN</v><v>NaN</v></row>
			<!-- 2018-04-01 22:47:00 CDT / 1522640820 --> <row><v>NaN</v><v>NaN</v></row>
			<!-- 2018-04-01 22:48:00 CDT / 1522640880 --> <row><v>NaN</v><v>NaN</v></row>
			<!-- 2018-04-01 22:49:00 CDT / 1522640940 --> <row><v>NaN</v><v>NaN</v></row>
			<!-- 2018-04-01 22:50:00 CDT / 1522641000 --> <row><v>NaN</v><v>NaN</v></row>
			<!-- 2018-04-01 22:51:00 CDT / 1522641060 --> <row><v>NaN</v><v>NaN</v></row>
			<!-- 2018-04-01 22:52:00 CDT / 1522641120 --> <row><v>NaN</v><v>NaN</v></row>
			<!-- 2018-04-01 22:53:00 CDT / 1522641180 --> <row><v>NaN</v><v>NaN</v></row>
			<!-- 2018-04-01 22:54:00 CDT / 1522641240 --> <row><v>NaN</v><v>NaN</v></row>
			<!-- 2018-04-01 22:55:00 CDT / 1522641300 --> <row><v>NaN</v><v>NaN</v></row>
			<!-- 2018-04-01 22:56:00 CDT / 1522641360 --> <row><v>NaN</v><v>NaN</v></row>
			<!-- 2018-04-01 22:57:00 CDT / 1522641420 --> <row><v>NaN</v><v>NaN</v></row>
			<!-- 2018-04-01 22:58:00 CDT / 1522641480 --> <row><v>NaN</v><v>NaN</v></row>
			<!-- 2018-04-01 22:59:00 CDT / 1522641540 --> <row><v>NaN</v><v>NaN</v></row>
			<!-- 2018-04-01 23:00:00 CDT / 1522641600 --> <row><v>NaN</v><v>NaN</v></row>
			<!-- 2018-04-01 23:01:00 CDT / 1522641660 --> <row><v>NaN</v><v>NaN</v></row>
			<!-- 2018-04-01 23:02:00 CDT / 1522641720 --> <row><v>NaN</v><v>NaN</v></row>
			<!-- 2018-04-01 23:03:00 CDT / 1522641780 --> <row><v>NaN</v><v>NaN</v></row>
			<!-- 2018-04-01 23:04:00 CDT / 1522641840 --> <row><v>NaN</v><v>NaN</v></row>
			<!-- 2018-04-01 23:05:00 CDT / 1522641900 --> <row><v>NaN</v><v>NaN</v></row>
			<!-- 2018-04-01 23:06:00 CDT / 1522641960 --> <row><v>NaN</v><v>NaN</v></row>
			<!-- 2018-04-01 23:07:00 CDT / 1522642020 --> <row><v>NaN</v><v>NaN</v></row>
			<!-- 2018-04-01 23:08:00 CDT / 1522642080 --> <row><v>NaN</v><v>NaN</v></row>
			<!-- 2018-04-01 23:09:00 CDT / 1522642140 --> <row><v>NaN</v><v>NaN</v></row>
			<!-- 2018-04-01 23:10:00 CDT / 1522642200 --> <row><v>NaN</v><v>NaN</v></row>
			<!-- 2018-04-01 23:11:00 CDT / 1522642260 --> <row><v>NaN</v><v>NaN</v></row>
			<!-- 2018-04-01 23:12:00 CDT / 1522642320 --> <row><v>NaN</v><v>NaN</v></row>
			<!-- 2018-04-01 23:13:00 CDT / 1522642380 --> <row><v>NaN</v><v>NaN</v></row>
			<!-- 2018-04-01 23:14:00 CDT / 1522642440 --> <row><v>NaN</v><v>NaN</v></row>
			<!-- 2018-04-01 23:15:00 CDT / 1522642500 --> <row><v>NaN</v><v>NaN</v></row>
			<!-- 2018-04-01 23:16:00 CDT / 1522642560 --> <row><v>NaN</v><v>NaN</v></row>
			<!-- 2018-04-01 23:17:00 CDT / 1522642620 --> <row><v>NaN</v><v>NaN</v></row>
			<!-- 2018-04-01 23:18:00 CDT / 1522642680 --> <row><v>NaN</v><v>NaN</v></row>
			<!-- 2018-04-01 23:19:00 CDT / 1522642740 --> <row><v>NaN</v><v>NaN</v></row>
			<!-- 2018-04-01 23:20:00 CDT / 1522642800 --> <row><v>NaN</v><v>NaN</v></row>
			<!-- 2018-04-01 23:21:00 CDT / 1522642860 --> <row><v>NaN</v><v>NaN</v></row>
			<!-- 2018-04-01 23:22:00 CDT / 1522642920 --> <row><v>NaN</v><v>NaN</v></row>
			<!-- 2018-04-01 23:23:00 CDT / 1522642980 --> <row><v>NaN</v><v>NaN</v></row>
			<!-- 2018-04-01 23:24:00 CDT / 1522643040 --> <row><v>NaN</v><v>NaN</v></row>
			<!-- 2018-04-01 23:25:00 CDT / 1522643100 --> <row><v>NaN</v><v>NaN</v></row>
			<!-- 2018-04-01 23:26:00 CDT / 1522643160 --> <row><v>NaN</v><v>NaN</v></row>
			<!-- 2018-04-01 23:27:00 CDT / 1522643220 --> <row><v>NaN</v><v>NaN</v></row>
			<!-- 2018-04-01 23:28:00 CDT / 1522643280 --> <row><v>NaN</v><v>NaN</v></row>
			<!-- 2018-04-01 23:29:00 CDT / 1522643340 --> <row><v>NaN</v><v>NaN</v></row>
			<!-- 2018-04-01 23:30:00 CDT / 1522643400 --> <row><v>NaN</v><v>NaN</v></row>
			<!-- 2018-04-01 23:31:00 CDT / 1522643460 --> <row><v>NaN</v><v>NaN</v></row>
			<!-- 2018-04-01 23:32:00 CDT / 1522643520 --> <row><v>NaN</v><v>NaN</v></row>
			<!-- 2018-04-01 23:33:00 CDT / 1522643580 --> <row><v>NaN</v><v>NaN</v></row>
			<!-- 2018-04-01 23:34:00 CDT / 1522643640 --> <row><v>NaN</v><v>NaN</v></row>
			<!-- 2018-04-01 23:35:00 CDT / 1522643700 --> <row><v>NaN</v><v>NaN</v></row>
			<!-- 2018-04-01 23:36:00 CDT / 1522643760 --> <row><v>NaN</v><v>NaN</v></row>
			<!-- 2018-04-01 23:37:00 CDT / 1522643820 --> <row><v>NaN</v><v>NaN</v></row>
			<!-- 2018-04-01 23:38:00 CDT / 1522643880 --> <row><v>NaN</v><v>NaN</v></row>
			<!-- 2018-04-01 23:39:00 CDT / 1522643940 --> <row><v>NaN</v><v>NaN</v></row>
			<!-- 2018-04-01 23:40:00 CDT / 1522644000 --> <row><v>NaN</v><v>NaN</v></row>
			<!-- 2018-04-01 23:41:00 CDT / 1522644060 --> <row><v>NaN</v><v>NaN</v></row>
			<!-- 2018-04-01 23:42:00 CDT / 1522644120 --> <row><v>NaN</v><v>NaN</v></row>
			<!-- 2018-04-01 23:43:00 CDT / 1522644180 --> <row><v>NaN</v><v>NaN</v></row>
			<!-- 2018-04-01 23:44:00 CDT / 1522644240 --> <row><v>NaN</v><v>NaN</v></row>
			<!-- 2018-04-01 23:45:00 CDT / 1522644300 --> <row><v>NaN</v><v>NaN</v></row>
			<!-- 2018-04-01 23:46:00 CDT / 1522644360 --> <row><v>NaN</v><v>NaN</v></row>
			<!-- 2018-04-01 23:47:00 CDT / 1522644420 --> <row><v>NaN</v><v>NaN</v></row>
			<!-- 2018-04-01 23:48:00 CDT / 1522644480 --> <row><v>NaN</v><v>NaN</v></row>
			<!-- 2018-04-01 23:49:00 CDT / 1522644540 --> <row><v>NaN</v><v>NaN</v></row>
			<!-- 2018-04-01 23:50:00 CDT / 1522644600 --> <row><v>NaN</v><v>NaN</v></row>
			<!-- 2018-04-01 23:51:00 CDT / 1522644660 --> <row><v>NaN</v><v>NaN</v></row>
			<!-- 2018-04-01 23:52:00 CDT / 1522644720 --> <row><v>NaN</v><v>NaN</v></row>
			<!-- 2018-04-01 23:53:00 CDT / 1522644780 --> <row><v>NaN</v><v>NaN</v></row>
			<!-- 2018-04-01 23:54:00 CDT / 1522644840 --> <row><v>NaN</v><v>NaN</v></row>
			<!-- 2018-04-01 23:55:00 CDT / 1522644900 --> <row><v>NaN</v><v>NaN</v></row>
			<!-- 2018-04-01 23:56:00 CDT / 1522644960 --> <row><v>NaN</v><v>NaN</v></row>
			<!-- 2018-04-01 23:57:00 CDT / 1522645020 --> <row><v>NaN</v><v>NaN</v></row>
			<!-- 2018-04-01 23:58:00 CDT / 1522645080 --> <row><v>NaN</v><v>NaN</v></row>
			<!-- 2018-04-01 23:59:00 CDT / 1522645140 --> <row><v>NaN</v><v>NaN</v></row>
			<!-- 2018-04-02 00:00:00 CDT / 1522645200 --> <row><v>NaN</v><v>NaN</v></row>
			<!-- 2018-04-02 00:01:00 CDT / 1522645260 --> <row><v>NaN</v><v>NaN</v></row>
			<!-- 2018-04-02 00:02:00 CDT / 1522645320 --> <row><v>NaN</v><v>NaN</v></row>
			<!-- 2018-04-02 00:03:00 CDT / 1522645380 --> <row><v>NaN</v><v>NaN</v></row>
			<!-- 2018-04-02 00:04:00 CDT / 1522645440 --> <row><v>NaN</v><v>NaN</v></row>
			<!-- 2018-04-02 00:05:00 CDT / 1522645500 --> <row><v>NaN</v><v>NaN</v></row>
			<!-- 2018-04-02 00:06:00 CDT / 1522645560 --> <row><v>NaN</v><v>NaN</v></row>
			<!-- 2018-04-02 00:07:00 CDT / 1522645620 --> <row><v>NaN</v><v>NaN</v></row>
			<!-- 2018-04-02 00:08:00 CDT / 1522645680 --> <row><v>NaN</v><v>NaN</v></row>
			<!-- 2018-04-02 00:09:00 CDT / 1522645740 --> <row><v>NaN</v><v>NaN</v></row>
		</database>
	</rra>
	<rra>
		<cf>AVERAGE</cf>
		<pdp_per_row>1</pdp_per_row> <!-- 30 seconds -->

		<params>
		<xff>5.0000000000e-01</xff>
		</params>
		<cdp_prep>
			<ds>
			<primary_value>1.2652559285e+03</primary_value>
			<secondary_value>0.0000000000e+00</secondary_value>
			<value>NaN</value>
			<unknown_datapoints>0</unknown_datapoints>
			</ds>
			<ds>
			<primary_value>5.5000000000e+01</primary_value>
			<secondary_value>0.0000000000e+00</secondary_value>
			<value>NaN</value>
			<unknown_datapoints>0</unknown_datapoints>
			</ds>
		</cdp_prep>
		<database>
			<!-- 2018-04-01 23:10:00 CDT / 1522642200 --> <row><v>NaN</v><v>NaN</v></row>
			<!-- 2018-04-01 23:10:30 CDT / 1522642230 --> <row><v>NaN</v><v>NaN</v></row>
			<!-- 2018-04-01 23:11:00 CDT / 1522642260 --> <row><v>NaN</v><v>NaN</v></row>
			<!-- 2018-04-01 23:11:30 CDT / 1522642290 --> <row><v>NaN</v><v>NaN</v></row>
			<!-- 2018-04-01 23:12:00 CDT / 1522642320 --> <row><v>NaN</v><v>NaN</v></row>
			<!-- 2018-04-01 23:12:30 CDT / 1522642350 --> <row><v>NaN</v><v>NaN</v></row>
			<!-- 2018-04-01 23:13:00 CDT / 1522642380 --> <row><v>NaN</v><v>NaN</v></row>
			<!-- 2018-04-01 23:13:30 CDT / 1522642410 --> <row><v>NaN</v><v>NaN</v></row>
			<!-- 2018-04-01 23:14:00 CDT / 1522642440 --> <row><v>NaN</v><v>NaN</v></row>
			<!-- 2018-04-01 23:14:30 CDT / 1522642470 --> <row><v>NaN</v><v>NaN</v></row>
			<!-- 2018-04-01 23:15:00 CDT / 1522642500 --> <row><v>NaN</v><v>NaN</v></row>
			<!-- 2018-04-01 23:15:30 CDT / 1522642530 --> <row><v>NaN</v><v>NaN</v></row>
			<!-- 2018-04-01 23:16:00 CDT / 1522642560 --> <row><v>NaN</v><v>NaN</v></row>
			<!-- 2018-04-01 23:16:30 CDT / 1522642590 --> <row><v>NaN</v><v>NaN</v></row>
			<!-- 2018-04-01 23:17:00 CDT / 1522642620 --> <row><v>NaN</v><v>NaN</v></row>
			<!-- 2018-04-01 23:17:30 CDT / 1522642650 --> <row><v>NaN</v><v>NaN</v></row>
			<!-- 2018-04-01 23:18:00 CDT / 1522642680 --> <row><v>NaN</v><v>NaN</v></row>
			<!-- 2018-04-01 23:18:30 CDT / 1522642710 --> <row><v>NaN</v><v>NaN</v></row>
			<!-- 2018-04-01 23:19:00 CDT / 1522642740 --> <row><v>NaN</v><v>NaN</v></row>
			<!-- 2018-04-01 23:19:30 CDT / 1522642770 --> <row><v>NaN</v><v>NaN</v></row>
			<!-- 2018-04-01 23:20:00 CDT / 1522642800 --> <row><v>NaN</v><v>NaN</v></row>
			<!-- 2018-04-01 23:20:30 CDT / 1522642830 --> <row><v>NaN</v><v>NaN</v></row>
			<!-- 2018-04-01 23:21:00 CDT / 1522642860 --> <row><v>NaN</v><v>NaN</v></row>
			<!-- 2018-04-01 23:21:30 CDT / 1522642890 --> <row><v>NaN</v><v>NaN</v></row>
			<!-- 2018-04-01 23:22:00 CDT / 1522642920 --> <row><v>NaN</v><v>NaN</v></row>
			<!-- 2018-04-01 23:22:30 CDT / 1522642950 --> <row><v>NaN</v><v>NaN</v></row>
			<!-- 2018-04-01 23:23:00 CDT / 1522642980 --> <row><v>NaN</v><v>NaN</v></row>
			<!-- 2018-04-01 23:23:30 CDT / 1522643010 --> <row><v>NaN</v><v>NaN</v></row>
			<!-- 2018-04-01 23:24:00 CDT / 1522643040 --> <row><v>NaN</v><v>NaN</v></row>
			<!-- 2018-04-01 23:24:30 CDT / 1522643070 --> <row><v>NaN</v><v>NaN</v></row>
			<!-- 2018-04-01 23:25:00 CDT / 1522643100 --> <row><v>NaN</v><v>NaN</v></row>
			<!-- 2018-04-01 23:25:30 CDT / 1522643130 --> <row><v>NaN</v><v>NaN</v></row>
			<!-- 2018-04-01 23:26:00 CDT / 1522643160 --> <row><v>NaN</v><v>NaN</v></row>
			<!-- 2018-04-01 23:26:30 CDT / 1522643190 --> <row><v>NaN</v><v>NaN</v></row>
			<!-- 2018-04-01 23:27:00 CDT / 1522643220 --> <row><v>NaN</v><v>NaN</v></row>
			<!-- 2018-04-01 23:27:30 CDT / 1522643250 --> <row><v>NaN</v><v>NaN</v></row>
			<!-- 2018-04-01 23:28:00 CDT / 1522643280 --> <row><v>NaN</v><v>NaN</v></row>
			<!-- 2018-04-01 23:28:30 CDT / 1522643310 --> <row><v>NaN</v><v>NaN</v></row>
			<!-- 2018-04-01 23:29:00 CDT / 1522643340 --> <row><v>NaN</v><v>NaN</v></row>
			<!-- 2018-04-01 23:29:30 CDT / 1522643370 --> <row><v>NaN</v><v>NaN</v></row>
			<!-- 2018-04-01 23:30:00 CDT / 1522643400 --> <row><v>NaN</v><v>NaN</v></row>
			<!-- 2018-04-01 23:30:30 CDT / 1522643430 --> <row><v>NaN</v><v>NaN</v></row>
			<!-- 2018-04-01 23:31:00 CDT / 1522643460 --> <row><v>NaN</v><v>NaN</v></row>
			<!-- 2018-04-01 23:31:30 CDT / 1522643490 --> <row><v>NaN</v><v>NaN</v></row>
			<!-- 2018-04-01 23:32:00 CDT / 1522643520 --> <row><v>NaN</v><v>NaN</v></row>
			<!-- 2018-04-01 23:32:30 CDT / 1522643550 --> <row><v>NaN</v><v>NaN</v></row>
			<!-- 2018-04-01 23:33:00 CDT / 1522643580 --> <row><v>NaN</v><v>NaN</v></row>
			<!-- 2018-04-01 23:33:30 CDT / 1522643610 --> <row><v>NaN</v><v>NaN</v></row>
			<!-- 2018-04-01 23:34:00 CDT / 1522643640 --> <row><v>NaN</v><v>NaN</v></row>
			<!-- 2018-04-01 23:34:30 CDT / 1522643670 --> <row><v>NaN</v><v>NaN</v></row>
			<!-- 2018-04-01 23:35:00 CDT / 1522643700 --> <row><v>NaN</v><v>NaN</v></row>
			<!-- 2018-04-01 23:35:30 CDT / 1522643730 --> <row><v>NaN</v><v>NaN</v></row>
			<!-- 2018-04-01 23:36:00 CDT / 1522643760 --> <row><v>NaN</v><v>NaN</v></row>
			<!-- 2018-04-01 23:36:30 CDT / 1522643790 --> <row><v>NaN</v><v>NaN</v></row>
			<!-- 2018-04-01 23:37:00 CDT / 1522643820 --> <row><v>NaN</v><v>NaN</v></row>
			<!-- 2018-04-01 23:37:30 CDT / 1522643850 --> <row><v>NaN</v><v>NaN</v></row>
			<!-- 2018-04-01 23:38:00 CDT / 1522643880 --> <row><v>NaN</v><v>NaN</v></row>
			<!-- 2018-04-01 23:38:30 CDT / 1522643910 --> <row><v>NaN</v><v>NaN</v></row>
			<!-- 2018-04-01 23:39:00 CDT / 1522643940 --> <row><v>NaN</v><v>NaN</v></row>
			<!-- 2018-04-01 23:39:30 CDT / 1522643970 --> <row><v>NaN</v><v>NaN</v></row>
			<!-- 2018-04-01 23:40:00 CDT / 1522644000 --> <row><v>NaN</v><v>NaN</v></row>
			<!-- 2018-04-01 23:40:30 CDT / 1522644030 --> <row><v>NaN</v><v>NaN</v></row>
			<!-- 2018-04-01 23:41:00 CDT / 1522644060 --> <row><v>NaN</v><v>NaN</v></row>
			<!-- 2018-04-01 23:41:30 CDT / 1522644090 --> <row><v>NaN</v><v>NaN</v></row>
			<!-- 2018-04-01 23:42:00 CDT / 1522644120 --> <row><v>NaN</v><v>NaN</v></row>
			<!-- 2018-04-01 23:42:30 CDT / 1522644150 --> <row><v>NaN</v><v>NaN</v></row>
			<!-- 2018-04-01 23:43:00 CDT / 1522644180 --> <row><v>NaN</v><v>NaN</v></row>
			<!-- 2018-04-01 23:43:30 CDT / 1522644210 --> <row><v>NaN</v><v>NaN</v></row>
			<!-- 2018-04-01 23:44:00 CDT / 1522644240 --> <row><v>NaN</v><v>NaN</v></row>
			<!-- 2018-04-01 23:44:30 CDT / 1522644270 --> <row><v>NaN</v><v>NaN</v></row>
			<!-- 2018-04-01 23:45:00 CDT / 1522644300 --> <row><v>NaN</v><v>NaN</v></row>
			<!-- 2018-04-01 23:45:30 CDT / 1522644330 --> <row><v>NaN</v><v>NaN</v></row>
			<!-- 2018-04-01 23:46:00 CDT / 1522644360 --> <row><v>NaN</v><v>NaN</v></row>
			<!-- 2018-04-01 23:46:30 CDT / 1522644390 --> <row><v>NaN</v><v>NaN</v></row>
			<!-- 2018-04-01 23:47:00 CDT / 1522644420 --> <row><v>NaN</v><v>NaN</v></row>
			<!-- 2018-04-01 23:47:30 CDT / 1522644450 --> <row><v>NaN</v><v>NaN</v></row>
			<!-- 2018-04-01 23:48:00 CDT / 1522644480 --> <row><v>NaN</v><v>NaN</v></row>
			<!-- 2018-04-01 23:48:30 CDT / 1522644510 --> <row><v>NaN</v><v>NaN</v></row>
			<!-- 2018-04-01 23:49:00 CDT / 1522644540 --> <row><v>NaN</v><v>NaN</v></row>
			<!-- 2018-04-01 23:49:30 CDT / 1522644570 --> <row><v>NaN</v><v>NaN</v></row>
			<!-- 2018-04-01 23:50:00 CDT / 1522644600 --> <row><v>NaN</v><v>NaN</v></row>
			<!-- 2018-04-01 23:50:30 CDT / 1522644630 --> <row><v>NaN</v><v>NaN</v></row>
			<!-- 2018-04-01 23:51:00 CDT / 1522644660 --> <row><v>NaN</v><v>NaN</v></row>
			<!-- 2018-04-01 23:51:30 CDT / 1522644690 --> <row><v>NaN</v><v>NaN</v></row>
			<!-- 2018-04-01 23:52:00 CDT / 1522644720 --> <row><v>NaN</v><v>NaN</v></row>
			<!-- 2018-04-01 23:52:30 CDT / 1522644750 --> <row><v>NaN</v><v>NaN</v></row>
			<!-- 2018-04-01 23:53:00 CDT / 1522644780 --> <row><v>NaN</v><v>NaN</v></row>
			<!-- 2018-04-01 23:53:30 CDT / 1522644810 --> <row><v>NaN</v><v>NaN</v></row>
			<!-- 2018-04-01 23:54:00 CDT / 1522644840 --> <row><v>NaN</v><v>NaN</v></row>
			<!-- 2018-04-01 23:54:30 CDT / 1522644870 --> <row><v>NaN</v><v>NaN</v></row>
			<!-- 2018-04-01 23:55:00 CDT / 1522644900 --> <row><v>NaN</v><v>NaN</v></row>
			<!-- 2018-04-01 23:55:30 CDT / 1522644930 --> <row><v>NaN</v><v>NaN</v></row>
			<!-- 2018-04-01 23:56:00 CDT / 1522644960 --> <row><v>NaN</v><v>NaN</v></row>
			<!-- 2018-04-01 23:56:30 CDT / 1522644990 --> <row><v>NaN</v><v>NaN</v></row>
			<!-- 2018-04-01 23:57:00 CDT / 1522645020 --> <row><v>NaN</v><v>NaN</v></row>
			<!-- 2018-04-01 23:57:30 CDT / 1522645050 --> <row><v>NaN</v><v>NaN</v></row>
			<!-- 2018-04-01 23:58:00 CDT / 1522645080 --> <row><v>NaN</v><v>NaN</v></row>
			<!-- 2018-04-01 23:58:30 CDT / 1522645110 --> <row><v>NaN</v><v>NaN</v></row>
			<!-- 2018-04-01 23:59:00 CDT / 1522645140 --> <row><v>NaN</v><v>NaN</v></row>
			<!-- 2018-04-01 23:59:30 CDT / 1522645170 --> <row><v>NaN</v><v>NaN</v></row>
			<!-- 2018-04-02 00:00:00 CDT / 1522645200 --> <row><v>NaN</v><v>NaN</v></row>
			<!-- 2018-04-02 00:00:30 CDT / 1522645230 --> <row><v>NaN</v><v>NaN</v></row>
			<!-- 2018-04-02 00:01:00 CDT / 1522645260 --> <row><v>NaN</v><v>NaN</v></row>
			<!-- 2018-04-02 00:01:30 CDT / 1522645290 --> <row><v>NaN</v><v>NaN</v></row>
			<!-- 2018-04-02 00:02:00 CDT / 1522645320 --> <row><v>NaN</v><v>NaN</v></row>
			<!-- 2018-04-02 00:02:30 CDT / 1522645350 --> <row><v>NaN</v><v>NaN</v></row>
			<!-- 2018-04-02 00:03:00 CDT / 1522645380 --> <row><v>NaN</v><v>NaN</v></row>
			<!-- 2018-04-02 00:03:30 CDT / 1522645410 --> <row><v>NaN</v><v>NaN</v></row>
			<!-- 2018-04-02 00:04:00 CDT / 1522645440 --> <row><v>NaN</v><v>NaN</v></row>
			<!-- 2018-04-02 00:04:30 CDT / 1522645470 --> <row><v>NaN</v><v>NaN</v></row>
			<!-- 2018-04-02 00:05:00 CDT / 1522645500 --> <row><v>NaN</v><v>NaN</v></row>
			<!-- 2018-04-02 00:05:30 CDT / 1522645530 --> <row><v>NaN</v><v>NaN</v></row>
			<!-- 2018-04-02 00:06:00 CDT / 1522645560 --> <row><v>NaN</v><v>NaN</v></row>
			<!-- 2018-04-02 00:06:30 CDT / 1522645590 --> <row><v>NaN</v><v>NaN</v></row>
			<!-- 2018-04-02 00:07:00 CDT / 1522645620 --> <row><v>NaN</v><v>NaN</v></row>
			<!-- 2018-04-02 00:07:30 CDT / 1522645650 --> <row><v>NaN</v><v>NaN</v></row>
			<!-- 2018-04-02 00:08:00 CDT / 1522645680 --> <row><v>NaN</v><v>NaN</v></row>
			<!-- 2018-04-02 00:08:30 CDT / 1522645710 --> <row><v>NaN</v><v>NaN</v></row>
			<!-- 2018-04-02 00:09:00 CDT / 1522645740 --> <row><v>NaN</v><v>NaN</v></row>
			<!-- 2018-04-02 00:09:30 CDT / 1522645770 --> <row><v>1.2652559285e+03</v><v>5.5000000000e+01</v></row>
		</database>
	</rra>
</rrd>
