-- MySQL dump 10.13  Distrib 5.7.19, for Win64 (x86_64)
--
-- Host: localhost    Database: examen2
-- ------------------------------------------------------
-- Server version	5.7.19-log

/*!40101 SET @OLD_CHARACTER_SET_CLIENT=@@CHARACTER_SET_CLIENT */;
/*!40101 SET @OLD_CHARACTER_SET_RESULTS=@@CHARACTER_SET_RESULTS */;
/*!40101 SET @OLD_COLLATION_CONNECTION=@@COLLATION_CONNECTION */;
/*!40101 SET NAMES utf8 */;
/*!40103 SET @OLD_TIME_ZONE=@@TIME_ZONE */;
/*!40103 SET TIME_ZONE='+00:00' */;
/*!40014 SET @OLD_UNIQUE_CHECKS=@@UNIQUE_CHECKS, UNIQUE_CHECKS=0 */;
/*!40014 SET @OLD_FOREIGN_KEY_CHECKS=@@FOREIGN_KEY_CHECKS, FOREIGN_KEY_CHECKS=0 */;
/*!40101 SET @OLD_SQL_MODE=@@SQL_MODE, SQL_MODE='NO_AUTO_VALUE_ON_ZERO' */;
/*!40111 SET @OLD_SQL_NOTES=@@SQL_NOTES, SQL_NOTES=0 */;

--
-- Table structure for table `causahosp`
--

DROP TABLE IF EXISTS `causahosp`;
/*!40101 SET @saved_cs_client     = @@character_set_client */;
/*!40101 SET character_set_client = utf8 */;
CREATE TABLE `causahosp` (
  `idCausaHosp` int(10) unsigned NOT NULL,
  `tratamiento` varchar(300) NOT NULL,
  `observaciones` varchar(300) NOT NULL
) ENGINE=InnoDB DEFAULT CHARSET=latin1;
/*!40101 SET character_set_client = @saved_cs_client */;

--
-- Dumping data for table `causahosp`
--

LOCK TABLES `causahosp` WRITE;
/*!40000 ALTER TABLE `causahosp` DISABLE KEYS */;
INSERT INTO `causahosp` VALUES (1,'Cirugia','Ninguna'),(2,'Accidente','Fallecio'),(3,'Infarto','Atendido'),(4,'Dialisis','Ninguno'),(5,'H1N1','Ninguno'),(6,'Gastritis','Ninguno'),(7,'Pancreatitis','Ninguno'),(8,'Epilepsia','Ninguno'),(9,'Diabetes','Ninguno'),(10,'SIDA','Ninguno'),(11,'Cancer','Ninguno'),(12,'Asma','Ninguno'),(13,'Pulmonia','Ninguno'),(14,'Rinofaringitis','Ninguno'),(15,'Amigdalitis','Ninguno'),(16,'Cirrosis','Ninguno'),(17,'Hernia','Ninguno'),(18,'Colecistitis','Ninguno'),(19,'Lodo biliar','Ninguno'),(20,'insuficiencia cardiaca','Ninguno'),(21,'estenosis aortica','Ninguno'),(22,'otitis externa','Ninguno'),(23,'cataratas','Ninguno'),(24,'conjuntivitis','Ninguno'),(25,'glaucoma','Ninguno');
/*!40000 ALTER TABLE `causahosp` ENABLE KEYS */;
UNLOCK TABLES;

--
-- Table structure for table `edocuarto`
--

DROP TABLE IF EXISTS `edocuarto`;
/*!40101 SET @saved_cs_client     = @@character_set_client */;
/*!40101 SET character_set_client = utf8 */;
CREATE TABLE `edocuarto` (
  `idedoCuarto` varchar(5) NOT NULL,
  `edoCuarto` varchar(45) NOT NULL,
  PRIMARY KEY (`idedoCuarto`)
) ENGINE=InnoDB DEFAULT CHARSET=latin1;
/*!40101 SET character_set_client = @saved_cs_client */;

--
-- Dumping data for table `edocuarto`
--

LOCK TABLES `edocuarto` WRITE;
/*!40000 ALTER TABLE `edocuarto` DISABLE KEYS */;
INSERT INTO `edocuarto` VALUES ('A','Ocupado'),('B','Limpio'),('C','Sucio'),('D','Vacio'),('E','Remodelacion'),('F','En Mantenimiento');
/*!40000 ALTER TABLE `edocuarto` ENABLE KEYS */;
UNLOCK TABLES;

--
-- Table structure for table `especialidad`
--

DROP TABLE IF EXISTS `especialidad`;
/*!40101 SET @saved_cs_client     = @@character_set_client */;
/*!40101 SET character_set_client = utf8 */;
CREATE TABLE `especialidad` (
  `idEsp` varchar(5) NOT NULL,
  `especialidad` varchar(45) DEFAULT NULL,
  PRIMARY KEY (`idEsp`) USING BTREE
) ENGINE=InnoDB DEFAULT CHARSET=latin1;
/*!40101 SET character_set_client = @saved_cs_client */;

--
-- Dumping data for table `especialidad`
--

LOCK TABLES `especialidad` WRITE;
/*!40000 ALTER TABLE `especialidad` DISABLE KEYS */;
INSERT INTO `especialidad` VALUES ('AN','Anestesiologo'),('CR','Cardiologo'),('CV','Cirugano Vascular'),('DER','Dermatologo'),('GN','Ginecologo'),('GS','Gastroenterologo'),('NR','Neurologo'),('OC','Oncologo'),('OD','Odontologo'),('OF','Oftalmologo'),('OT','Otorrinolaringologo'),('PD','Pediatra'),('PS','Psicologo'),('PST','Psiquiatra'),('RD','Radiologo'),('UG','Urgenciologo'),('UR','Urologo');
/*!40000 ALTER TABLE `especialidad` ENABLE KEYS */;
UNLOCK TABLES;

--
-- Table structure for table `habitacion`
--

DROP TABLE IF EXISTS `habitacion`;
/*!40101 SET @saved_cs_client     = @@character_set_client */;
/*!40101 SET character_set_client = utf8 */;
CREATE TABLE `habitacion` (
  `noCuarto` int(10) unsigned NOT NULL,
  `idedoCuarto` varchar(5) NOT NULL,
  `noCamas` int(11) DEFAULT NULL,
  PRIMARY KEY (`noCuarto`),
  KEY `FK_cuarto_1` (`idedoCuarto`),
  CONSTRAINT `FK_cuarto_1` FOREIGN KEY (`idedoCuarto`) REFERENCES `edocuarto` (`idedoCuarto`)
) ENGINE=InnoDB DEFAULT CHARSET=latin1;
/*!40101 SET character_set_client = @saved_cs_client */;

--
-- Dumping data for table `habitacion`
--

LOCK TABLES `habitacion` WRITE;
/*!40000 ALTER TABLE `habitacion` DISABLE KEYS */;
INSERT INTO `habitacion` VALUES (101,'D',NULL),(102,'D',NULL),(103,'E',NULL),(104,'E',NULL),(105,'F',NULL),(106,'F',NULL),(107,'A',NULL),(108,'A',NULL),(109,'B',NULL),(110,'B',NULL),(111,'C',NULL),(112,'C',NULL),(113,'D',NULL),(114,'D',NULL),(115,'E',NULL),(116,'E',NULL),(117,'F',NULL),(118,'F',NULL),(119,'A',NULL),(120,'A',NULL),(121,'B',NULL),(122,'B',NULL),(123,'C',NULL),(124,'C',NULL),(125,'D',NULL),(126,'D',NULL),(127,'E',NULL),(128,'E',NULL),(129,'F',NULL),(130,'F',NULL),(201,'A',NULL),(202,'A',NULL),(203,'B',NULL),(204,'B',NULL),(205,'C',NULL),(206,'C',NULL),(207,'D',NULL),(208,'D',NULL),(209,'E',NULL),(210,'E',NULL),(211,'F',NULL),(212,'F',NULL),(213,'A',NULL),(214,'A',NULL),(215,'B',NULL),(216,'B',NULL),(217,'C',NULL),(218,'C',NULL),(219,'D',NULL),(220,'D',NULL),(221,'E',NULL),(222,'E',NULL),(223,'F',NULL),(224,'F',NULL),(225,'A',NULL),(226,'A',NULL),(227,'B',NULL),(228,'B',NULL),(229,'C',NULL),(230,'C',NULL),(301,'D',NULL),(302,'D',NULL),(303,'E',NULL),(304,'E',NULL),(305,'F',NULL),(306,'F',NULL),(307,'A',NULL),(308,'A',NULL),(309,'B',NULL),(310,'B',NULL),(311,'C',NULL),(312,'C',NULL),(313,'D',NULL),(314,'D',NULL),(315,'E',NULL),(316,'E',NULL),(317,'F',NULL),(318,'F',NULL),(319,'A',NULL),(320,'A',NULL),(321,'B',NULL),(322,'B',NULL),(323,'C',NULL),(324,'C',NULL),(325,'D',NULL),(326,'D',NULL),(327,'E',NULL),(328,'E',NULL),(329,'F',NULL),(330,'F',NULL),(401,'A',NULL),(402,'A',NULL),(403,'B',NULL),(404,'B',NULL),(405,'C',NULL),(406,'C',NULL),(407,'D',NULL),(408,'D',NULL),(409,'E',NULL),(410,'E',NULL),(411,'F',NULL),(412,'F',NULL),(413,'A',NULL),(414,'A',NULL),(415,'B',NULL),(416,'B',NULL),(417,'C',NULL),(418,'C',NULL),(419,'D',NULL),(420,'D',NULL),(421,'E',NULL),(422,'E',NULL),(423,'F',NULL),(424,'F',NULL),(425,'A',NULL),(426,'A',NULL),(427,'B',NULL),(428,'B',NULL),(429,'C',NULL),(430,'C',NULL),(512,'A',NULL),(513,'A',NULL),(514,'B',NULL),(516,'C',NULL),(517,'A',NULL),(518,'B',NULL),(519,'B',NULL),(520,'C',NULL),(521,'A',NULL),(522,'A',NULL),(523,'B',NULL),(524,'B',NULL),(525,'A',NULL),(526,'C',NULL),(527,'C',NULL),(528,'A',NULL),(529,'A',NULL),(530,'A',NULL),(531,'A',NULL),(532,'C',NULL),(533,'A',NULL),(535,'A',NULL);
/*!40000 ALTER TABLE `habitacion` ENABLE KEYS */;
UNLOCK TABLES;

--
-- Table structure for table `historial`
--

DROP TABLE IF EXISTS `historial`;
/*!40101 SET @saved_cs_client     = @@character_set_client */;
/*!40101 SET character_set_client = utf8 */;
CREATE TABLE `historial` (
  `idhistorial` int(10) unsigned NOT NULL,
  `cedula` int(10) unsigned NOT NULL,
  `curp` varchar(15) NOT NULL,
  `fechaIngreso` date NOT NULL,
  `fechaAlta` date NOT NULL,
  `idcausaHosp` int(10) unsigned NOT NULL,
  `noCama` int(10) unsigned NOT NULL,
  `noCuarto` int(10) unsigned NOT NULL,
  PRIMARY KEY (`idhistorial`),
  KEY `FK_historial_1` (`cedula`),
  KEY `FK_historial_2` (`curp`),
  KEY `FK_historial_3` (`noCuarto`),
  KEY `idcausaHosp` (`idcausaHosp`),
  CONSTRAINT `FK_historial_1` FOREIGN KEY (`cedula`) REFERENCES `medico` (`cedula`),
  CONSTRAINT `FK_historial_2` FOREIGN KEY (`curp`) REFERENCES `paciente` (`curp`),
  CONSTRAINT `FK_historial_3` FOREIGN KEY (`noCuarto`) REFERENCES `habitacion` (`noCuarto`)
) ENGINE=InnoDB DEFAULT CHARSET=latin1;
/*!40101 SET character_set_client = @saved_cs_client */;

--
-- Dumping data for table `historial`
--

LOCK TABLES `historial` WRITE;
/*!40000 ALTER TABLE `historial` DISABLE KEYS */;
INSERT INTO `historial` VALUES (1,1210,'AGRK800719','2003-03-19','2003-03-20',1,22,512),(2,22554,'LEEE730315','2003-03-20','2003-03-28',2,23,512),(3,23555,'GOPR740604','2003-03-25','2003-03-30',1,24,513),(4,31232,'MESR731128','2003-03-26','2003-03-27',2,25,514),(5,41258,'PABS791225','2003-03-26','2003-04-01',1,23,512),(6,96510,'MALD770810','2003-03-27','2003-04-01',1,22,512),(7,88743,'PABS791225','2003-03-28','2003-04-05',2,50,517),(8,89784,'ORVE790526','2003-03-29','2003-04-01',1,51,517),(9,1210,'ABHA911215','2004-01-15','2004-01-17',1,1,101),(10,4567,'ACEC890217','2004-03-16','2004-03-19',2,2,102),(11,4568,'ACNC880920','2004-04-24','2004-04-27',3,3,103),(12,4569,'AGRK800719','2004-05-11','2004-05-18',4,4,104),(13,4570,'AMAU890611','2004-02-08','2004-02-12',5,5,105),(14,4571,'AMDI890318','2004-06-29','2004-06-30',6,6,106),(15,4572,'APJC880522','2005-07-06','2005-07-09',7,7,107),(16,4573,'AZHE900116','2005-08-03','2005-08-04',8,8,108),(17,4574,'BBJG881021','2004-01-15','2004-01-18',9,9,109),(18,4575,'BLAB891122','2006-08-20','2006-08-22',10,10,110),(19,4576,'BRAE880419','2007-03-14','2007-03-20',11,11,111),(20,4577,'CAGA901223','2004-04-24','2004-04-28',12,12,112),(21,4578,'CHJJ900321','2009-06-22','2009-06-25',13,13,113),(22,4579,'CHPN890520','2005-08-03','2005-08-13',14,14,114),(23,4580,'COCE900621','2004-03-16','2004-03-19',15,15,115),(24,4581,'CRCP910124','2009-09-10','2009-09-14',16,16,116),(25,4582,'DGYO910722','2004-05-11','2004-05-19',17,17,117),(26,4583,'DHCH911102','2009-11-17','2009-11-21',18,18,118),(27,4584,'FALI911025','2005-07-06','2005-07-12',19,19,119),(28,4585,'FEBJ920101','2010-02-09','2010-02-13',20,20,120),(29,4586,'FMFE920225','2009-12-24','2009-12-26',21,21,121),(30,4587,'FRBL920221','2004-02-08','2004-02-14',22,26,122),(31,4588,'FRRA920924','2007-12-11','2007-12-16',23,27,123),(32,4589,'FSAY910823','2004-02-08','2004-02-11',24,28,124),(33,4590,'GAHA900528','2007-12-11','2007-12-15',25,29,125),(34,4591,'GARO750423','2010-02-09','2010-02-13',1,30,126),(35,4592,'GGDJ891227','2009-06-22','2009-06-28',2,31,127),(36,4593,'GHJA910326','2008-07-15','2008-07-20',3,32,128),(37,4594,'GMAL901126','2009-09-10','2009-09-18',4,33,129),(38,4595,'GOMF880128','2004-01-15','2004-01-18',5,34,130),(39,4596,'GOMM880229','2004-05-11','2004-05-14',6,35,201),(40,4597,'GOPR740604','2008-07-15','2008-07-19',7,36,202),(41,4598,'GORF910427','2004-03-16','2004-03-19',8,37,203),(42,4599,'GUOE890629','2009-12-24','2009-12-26',9,38,204),(43,22554,'HCJC910312','2010-04-15','2010-04-19',10,39,205),(44,23555,'HGKA880730','2010-04-15','2010-04-20',11,40,206),(45,31232,'HLJR900604','2004-05-11','2004-05-16',12,41,207),(46,41258,'HMLC880831','2010-04-15','2010-04-19',13,42,208),(47,56854,'HSAE890330','2008-07-15','2008-07-19',14,43,209),(48,88551,'JSJD890901','2009-12-24','2009-12-30',15,44,210),(49,88743,'LARM901002','2004-04-24','2004-04-26',16,45,211),(50,89784,'LCJA890618','2010-04-02','2010-04-12',17,46,212),(51,89800,'LEEE730315','2010-02-09','2010-02-11',18,47,213),(52,91144,'LOPM760606','2009-11-17','2009-11-21',19,48,214),(53,96510,'LRJR900431','2007-12-11','2007-12-19',20,49,215),(54,1210,'MACI790901','2010-01-17','2010-01-20',21,52,216),(55,4567,'MACO920317','2009-09-10','2009-09-15',22,53,217),(56,4568,'MAFE771111','2004-03-16','2004-03-19',23,54,218),(57,4569,'MAGL881030','2009-12-24','2009-12-26',24,55,219),(58,4570,'MALD770810','2009-11-17','2009-11-20',25,56,220),(59,4571,'MALN880818','2007-03-14','2007-03-18',1,57,221),(60,4572,'MAMI891201','2004-01-15','2004-01-17',2,58,222),(61,4573,'MAMM910501','2008-07-15','2008-07-19',3,59,223),(62,4574,'MCGI910122','2007-12-11','2007-12-18',4,60,224),(63,4575,'MESR731128','2004-05-11','2004-05-13',5,61,225),(64,4576,'MJJA911102','2010-04-15','2010-04-20',6,62,226),(65,4577,'MLMG920602','2010-01-17','2010-01-19',7,63,227),(66,4578,'MOBJ920703','2006-08-20','2006-08-23',8,64,228),(67,4579,'MOJA900219','2004-06-29','2004-06-30',9,65,229),(68,4580,'MOMA910804','2010-04-02','2010-04-10',10,66,230),(69,4581,'MRME921203','2004-03-16','2004-03-19',11,67,301),(70,4582,'MUHE921010','2008-05-05','2008-05-10',12,68,302),(71,4583,'NICK920104','2004-02-08','2004-02-12',13,69,303),(72,4584,'ODJA910205','2009-12-24','2009-12-25',14,70,304),(73,4585,'OPVI910805','2004-03-16','2004-03-17',15,71,305),(74,4586,'ORGA900306','2010-02-14','2010-02-19',16,72,306),(75,4587,'ORRD900905','2009-11-17','2009-11-18',17,73,307),(76,4588,'ORVE790526','2009-02-13','2009-02-15',18,74,308),(77,4589,'OSMS900721','2004-02-08','2004-02-11',19,75,309),(78,4590,'PAAA891006','2010-03-11','2010-03-12',20,76,310),(79,4591,'PABS791225','2010-02-14','2010-02-19',21,77,311),(80,4592,'PAPN751201','2009-06-04','2009-06-10',22,78,312),(81,4593,'PBFX881107','2010-04-02','2010-04-08',23,79,313),(82,4594,'PCMA890109','2008-05-05','2008-05-08',24,80,314),(83,4595,'PENR881208','2004-01-15','2004-01-17',25,81,315),(84,4596,'PEPN740714','2010-02-09','2010-02-11',1,82,316),(85,4597,'PGAB890411','2009-02-13','2009-02-16',2,83,317),(86,4598,'PGRI880520','2009-12-30','2010-01-01',3,84,318),(87,4599,'QSSD900210','2010-03-11','2010-03-17',4,85,319),(88,22554,'QUOG890407','2009-06-04','2009-06-09',5,86,320),(89,23555,'RARS880908','2010-02-14','2010-02-19',6,87,321),(90,31232,'RHJA880508','2009-02-13','2009-02-17',7,88,322),(91,41258,'ROBJ780102','2007-03-14','2007-03-19',8,89,323),(92,56854,'ROEG770112','2010-04-02','2010-04-05',9,90,324),(93,88551,'ROMJ890221','2008-09-21','2008-09-23',10,91,325),(94,88743,'ROOJ880609','2010-01-17','2010-01-19',11,92,326),(95,89784,'RPCA910311','2008-09-21','2008-09-24',12,93,327),(96,89800,'SAED910808','2008-05-05','2008-05-10',13,94,328),(97,91144,'SOBA890710','2005-08-03','2005-08-07',14,95,329),(98,96510,'SOLJ900715','2010-04-15','2010-04-17',15,96,330),(99,1210,'SPOC900811','2009-06-04','2009-06-08',16,97,401),(100,4567,'SPUA920413','2009-12-30','2009-12-31',17,98,402),(101,4568,'SPVA920506','2010-02-09','2010-02-12',18,99,403),(102,4569,'SRGR920513','2004-01-15','2004-01-18',19,100,404),(103,4570,'SSJL910614','2009-12-30','2009-12-31',20,101,405),(104,4571,'SVLE920412','2010-04-15','2010-04-18',21,102,406),(105,4572,'SVOE900815','2010-04-02','2010-04-07',22,103,407),(106,4573,'VECR900716','2007-03-14','2007-03-17',23,104,408),(107,4574,'VELF890818','2008-05-05','2008-05-09',24,105,409),(108,4575,'VFJA910611','2004-03-16','2004-03-18',25,106,410),(109,4576,'VGKM890816','2009-12-30','2009-12-31',1,107,411),(110,4577,'VHGD910912','2006-08-20','2006-08-26',2,108,412),(111,4578,'VJMA921013','2009-12-30','2010-01-02',3,109,413),(112,4579,'VSDI880917','2004-01-15','2004-01-18',4,110,414),(113,4580,'VSJA921114','2010-03-11','2010-03-14',5,111,415),(114,4581,'ZAJC881018','2008-09-21','2008-09-24',6,112,416);
/*!40000 ALTER TABLE `historial` ENABLE KEYS */;
UNLOCK TABLES;

--
-- Table structure for table `medico`
--

DROP TABLE IF EXISTS `medico`;
/*!40101 SET @saved_cs_client     = @@character_set_client */;
/*!40101 SET character_set_client = utf8 */;
CREATE TABLE `medico` (
  `cedula` int(10) unsigned NOT NULL,
  `nombre` varchar(50) NOT NULL,
  `dir` varchar(250) NOT NULL,
  `idEsp` varchar(5) NOT NULL,
  `tel` int(10) unsigned NOT NULL,
  PRIMARY KEY (`cedula`),
  KEY `FK_medico_1` (`idEsp`),
  CONSTRAINT `FK_medico_1` FOREIGN KEY (`idEsp`) REFERENCES `especialidad` (`idEsp`)
) ENGINE=InnoDB DEFAULT CHARSET=latin1;
/*!40101 SET character_set_client = @saved_cs_client */;

--
-- Dumping data for table `medico`
--

LOCK TABLES `medico` WRITE;
/*!40000 ALTER TABLE `medico` DISABLE KEYS */;
INSERT INTO `medico` VALUES (1210,'ISLAS LOPEZ DORIBEL','Av. Universidad 210','GN',7110258),(4567,'ARROYO FLORES CARLOS DAMIAN','conocida','AN',5544233),(4568,'BAUTISTA SALINAS ANA LUZ','conocida','CR',5544233),(4569,'BOTELLO BAÑUELOS IVONNE','conocida','CV',5544233),(4570,'CALDERON LOPEZ ABRAHAM','conocida','DER',5544233),(4571,'CEDILLO CHAVEZ ARALI','conocida','GN',5544233),(4572,'CORONA AYALA DAVID FERNANDO','conocida','GS',5544233),(4573,'CORTES LANDEROS OMAR','conocida','NR',5544233),(4574,'DURAN BECERRIL SAMUEL','conocida','OC',5544233),(4575,'FERNANDEZ CRUZ JESUS','conocida','OD',5544233),(4576,'HERNANDEZ GONZALEZ ZAIRA LILIANA','conocida','OF',5544233),(4577,'JUAREZ HIPOLITO JUAN HUMBERTO','conocida','OT',5544233),(4578,'LOPEZ ALDERETE RUTH HEIDI','conocida','PD',5544233),(4579,'MANOATL LOPEZ EDGAR','conocida','PS',5544233),(4580,'MARIANO RAFAEL ADRIAN','conocida','PST',5544233),(4581,'MIGUEL ANTONIO LUIS','conocida','RD',5544233),(4582,'MIRANDA SANCHEZ DANIELA','conocida','UG',5544233),(4583,'MORALES BAUTISTA DONATO DAVID','conocida','UR',5544233),(4584,'MUÑOZ GOMEZ EDUARDO','conocida','AN',5544233),(4585,'ONTIVEROS ISLAS VANGELI','conocida','CR',5544233),(4586,'ORTEGA GONZALEZ JAIME VALENTIN','conocida','CV',5544233),(4587,'ORTIZ LOPEZ FERNANDO','conocida','DER',5544233),(4588,'PALAFOX MARTINEZ ARMANDO','conocida','GN',5544233),(4589,'PAREDES TORRES ARIANA','conocida','GS',5544233),(4590,'PERDOMO VERGARA BENITO','conocida','NR',5544233),(4591,'QUIROZ JIMENEZ SAMANTA LIZETH','conocida','OC',5544233),(4592,'RAMIREZ TORRES DAVID YAEL','conocida','OD',5544233),(4593,'RODRIGUEZ SORIANO JOSE EDUARDO','conocida','OF',5544233),(4594,'SALAZAR ACOSTA JESUS JAVIER','conocida','OT',5544233),(4595,'SANCHEZ FRAGA ROLANDO','conocida','PD',5544233),(4596,'SOSA HERNANDEZ VICTOR ADRIAN','conocida','PS',5544233),(4597,'TOLEDANO AGUAYO EDUARDO','conocida','PST',5544233),(4598,'VARELA ROSAS JORGE','conocida','RD',5544233),(4599,'VELEZ ZAMORA MIGUEL','conocida','UG',5544233),(22554,'MENDOZA SANCHEZ CRISPIN','Batallon de San Blas 55','CR',7154448),(23555,'CASTANIEDA HERNANDEZ JORGE','Av. Alamo Dorado 111','UR',7142125),(31232,'ARAGON CASTANIEDA ALEJANDRO','Real de Pachuca 336','PD',7133558),(41258,'LOPEZ GARCIA ANA LAURA','Blvd. Rojo Gómez 58','OF',7184522),(56854,'MARTINEZ MELCHOR MIGUEL','Av. Nuevo Pachuca 478','GS',7120021),(88551,'VARGAS MENDOZA CESAR','5 de Mayo 477','AN',7196665),(88743,'LOPEZ MUNIOZ VERONICA','Hda. De Gavia 998','NR',7198755),(89784,'MARTINEZ LAGOS ISMAEL','Calle 16 de Septiembre 47','CR',7188987),(89800,'PADILLA LUGO LILIANA','Av. Los Cisnes 64','GN',7188440),(91144,'MONTER GARCIA EDGAR','Puerto Alvarado 14','NR',7144450),(96510,'ESTRADA AGUILAR FERNANDO','Puerto Papantla 844','CR',7150014);
/*!40000 ALTER TABLE `medico` ENABLE KEYS */;
UNLOCK TABLES;

--
-- Table structure for table `paciente`
--

DROP TABLE IF EXISTS `paciente`;
/*!40101 SET @saved_cs_client     = @@character_set_client */;
/*!40101 SET character_set_client = utf8 */;
CREATE TABLE `paciente` (
  `curp` varchar(15) NOT NULL,
  `nombre` varchar(50) NOT NULL,
  `edad` int(10) unsigned NOT NULL,
  `dir` varchar(250) NOT NULL,
  `tel` varchar(20) DEFAULT NULL,
  PRIMARY KEY (`curp`)
) ENGINE=InnoDB DEFAULT CHARSET=latin1;
/*!40101 SET character_set_client = @saved_cs_client */;

--
-- Dumping data for table `paciente`
--

LOCK TABLES `paciente` WRITE;
/*!40000 ALTER TABLE `paciente` DISABLE KEYS */;
INSERT INTO `paciente` VALUES ('ABHA911215','ABAD HERNANDEZ ALDO',19,'conocida','55555555'),('ACEC890217','APARICIO CORAZA ELOISA CONSUELO',21,'conocida','55555555'),('ACNC880920','AVILA COLIN NURIA DEL CARMEN',22,'conocida','55555555'),('AGRK800719','AGUILAR RUIZ KEYLA',23,'Campo Deportivo 618','7198835'),('AMAU890611','ARVIZU MENDOZA AGUSTIN URIEL',21,'conocida','55555555'),('AMDI890318','ARELLANES MOLINA DAMIAN ISAID',22,'conocida','55555555'),('APJC880522','AGUILA PEREZ JUAN CARLOS',22,'conocida','55555555'),('AZHE900116','AGUILAR ZUÑIGA HECTOR EFREN',20,'conocida','55555555'),('BBJG881021','BENITEZ BAUTISTA JORGE GABRIEL',22,'conocida','55555555'),('BLAB891122','BLANCO ALVAREZ BRENDA',21,'conocida','55555555'),('BRAE880419','BRAVO ALVAREZ EDGAR',22,'conocida','55555555'),('CAGA901223','CAZARES GOMEZ ALFREDO',20,'conocida','55555555'),('CHJJ900321','CRUZ HERNANDEZ JOSE ALEJANDRO',20,'conocida','55555555'),('CHPN890520','CHAVEZ HERNANDEZ PATRICIA NAYELY',21,'conocida','55555555'),('COCE900621','COLIN CRUZ ERICK',20,'conocida','55555555'),('CRCP910124','CRUZ CABALLERO PEDRO',19,'conocida','55555555'),('DGYO910722','DELGADO GONZALEZ YAMIL OMAR',19,'conocida','55555555'),('DHCH911102','DE HARO CASTILLO HECTOR',19,'conocida','55555555'),('FALI911025','FUENTES ANGELES LINDA ISABEL',19,'conocida','55555555'),('FEBJ920101','FERNANDEZ BENHUMEA JONATHAN',18,'conocida','55555555'),('FMFE920225','FLORES MARTINEZ FABIAN ERNESTO',18,'conocida','55555555'),('FRBL920221','FLORES RAMIREZ BLANCA LISET',18,'conocida','55555555'),('FRRA920924','FRANCO ROJAS ALEJANDRO',18,'conocida','55555555'),('FSAY910823','FLORES SALAS ANAYELI YADIRA',18,'conocida','55555555'),('GAHA900528','GUTIERREZ ALVAREZ HECTOR ALBERTO',20,'conocida','55555555'),('GARO750423','GARCIA RIOS OMAR',28,'Leona Vicario 88','7121113'),('GGDJ891227','GOMEZ GONZALEZ DAVID JORGE',21,'conocida','55555555'),('GHJA910326','GONZALEZ HERNANDEZ JOSE AUGUSTO',18,'conocida','55555555'),('GMAL901126','GIL MALDONADO ANA LAURA',20,'conocida','55555555'),('GOMF880128','GOMEZ MENESES FERNANDO',22,'conocida','55555555'),('GOMM880229','GONZALEZ MARCOS MONSERRAT',22,'conocida','55555555'),('GOPR740604','GOMEZ PABLO RAMIRO',29,'Av. Los Prismas 988','7144187'),('GORF910427','GONZALEZ RIVERO FRANCISCO',19,'conocida','55555555'),('GUOE890629','GUTIERREZ ORTINEZ EDUARDO',21,'conocida','55555555'),('HCJC910312','HERNANDEZ CORTES JUAN CIPRIANO',19,'conocida','55555555'),('HGKA880730','HERMOSILLO GARCIA KAREN ADRIANA',22,'conocida','55555555'),('HLJR900604','HERNANDEZ LOPEZ JOSE ROGELIO',20,'conocida','55555555'),('HMLC880831','HERNANDEZ MEJIA LUIS CARLOS',22,'conocida','55555555'),('HSAE890330','HERNANDEZ SANCHEZ ABIGAIN ELISA',21,'conocida','55555555'),('JSJD890901','JOAQUIN SANDOVAL JOSE DOMINGO',21,'conocida','55555555'),('LARM901002','LANDERO REYES MAURICIO',20,'conocida','55555555'),('LCJA890618','LINARES CERON JUAN ANTONIO',21,'conocida','55555555'),('LEEE730315','LEZAMA ESTRADA ELIZABETH',30,'Av. Fco. I Madero','7168802'),('LOPM760606','LOPEZ PALACIOS MIRIAM NAYELI',27,'Volcan Paricutin 170','7159129'),('LRJR900431','LEON REYNOSO JOSE ROBERTO',20,'conocida','55555555'),('MACI790901','MARTINEZ CORONEL ITZEL',24,'Real de los Diamantes 527','7140472'),('MACO920317','MORENO AGUILLON CRISTHIAN OMAR',18,'conocida','55555555'),('MAFE771111','MARTINEZ FRANCO ESLY',26,'Blvd Felipe Angeles 1221','7141487'),('MAGL881030','MARTINEZ GALICIA LITAEL',22,'conocida','55555555'),('MALD770810','MARTINEZ LOPEZ DANIEL',26,'Rio Papaloapan 306','7113863'),('MALN880818','MARTINEZ LUNA NICOLAS',22,'conocida','55555555'),('MAMI891201','MARTINEZ MONTOYA IVONNE',21,'conocida','55555555'),('MAMM910501','MANCILLAS MAYEN MARIBEL',19,'conocida','55555555'),('MCGI910122','MEDRANO CARRASCO GABRIELA ITZEL',19,'conocida','55555555'),('MESR731128','MENDOZA SOLIS RUBI',30,'San Luis Potosi 3684','7171778'),('MJJA911102','MARTINEZ JIMENEZ JOSE ALFREDO',19,'conocida','55555555'),('MLMG920602','MONROY LOPEZ MARIA GUADALUPE',18,'conocida','55555555'),('MOBJ920703','MORALES BÀEZ JORGE',18,'conocida','55555555'),('MOJA900219','MARTINEZ PEÑA JESUS ADRIAN',20,'conocida','55555555'),('MOMA910804','MORALES MACEDA ADRIANA',19,'conocida','55555555'),('MRME921203','MORA REYES MARIO EDUARDO',18,'conocida','55555555'),('MUHE921010','MUÑOZ HERNANDEZ EDGAR',18,'conocida','55555555'),('NICK920104','NIETO CASTILLO LIZBETH',18,'conocida','55555555'),('ODJA910205','ONOFRE DIAZ JORGE ANTONIO',19,'conocida','55555555'),('OPVI910805','OLVERA PADILLA VICTOR IVAN',19,'conocida','55555555'),('ORGA900306','ORTEGA GARCIA ABRAHAM',20,'conocida','55555555'),('ORRD900905','ORTIZ RAMIREZ DIANA',20,'conocida','55555555'),('ORVE790526','ORTIZ VARGAS ERIKA',24,'José Ma Morelos 741','7131415'),('OSMS900721','OSORNIO MORENO SALVADOR',20,'conocida','55555555'),('PAAA891006','PACHECO ANTONIO ARTURO',21,'conocida','55555555'),('PABS791225','PALACIOS BAEZA SAMANTA',24,'Venustiano Carranza 321','7154400'),('PAPN751201','PALACIOS PEREZ NESTOR',28,'Unidad Vecinal 2','7123234'),('PBFX881107','PALMA BELTRAN FRANCISCO XAVIER',22,'conocida','55555555'),('PCMA890109','PIEDRAS CARRILLO MIGUEL ANGEL',21,'conocida','55555555'),('PENR881208','PEREZ NICOLAS RAFAEL',22,'conocida','55555555'),('PEPN740714','PEREZ PEREZ NOHEMI',29,'Republica del Peru 469','7155744'),('PGAB890411','PAZ GUTIERREZ ARTURO BENJAMIN',21,'conocida','55555555'),('PGRI880520','PEREZ GONZALEZ RODRIGO ISRAEL',22,'conocida','55555555'),('QSSD900210','QUINTANA SANCHEZ SERGIO DAVID',20,'conocida','55555555'),('QUOG890407','QUIROZ ORTIZ GUADALUPE',21,'conocida','55555555'),('RARS880908','RANGEL ROBLEDO SAMUEL',22,'conocida','55555555'),('RHJA880508','REYES HERNANDEZ JUAN ALFREDO',22,'conocida','55555555'),('ROBJ780102','RODRIGUEZ BARRERA JAEL',27,'Av. Los Cisnes 278','7168987'),('ROEG770112','RODRIGUEZ ESPINDOLA GUADALUPE',26,'Puerto Alvarado Depar Manz 6','7156003'),('ROMJ890221','ROQUE MORALES JORGE',21,'conocida','55555555'),('ROOJ880609','RODRIGUEZ OCHOA JUAN',22,'conocida','55555555'),('RPCA910311','ROCHA PIEDRAS CARLOS ALBERTO',19,'conocida','55555555'),('SAED910808','SANCHEZ AVILA EDGAR DANIEL',19,'conocida','55555555'),('SOBA890710','SOLORIO BAUTISTA ABRAHAM',21,'conocida','55555555'),('SOLJ900715','SOTELO LLAMAS JOEL',20,'conocida','55555555'),('SPOC900811','STREVEL PEREZ OLIVER CARLOS',20,'conocida','55555555'),('SPUA920413','SANCHEZ PEREZ URIEL AXEL',18,'conocida','55555555'),('SPVA920506','SANTIAGO PONCE VICTOR ADRIAN',18,'conocida','55555555'),('SRGR920513','SANCHEZ RAMIREZ GUSTAVO RAFAEL',18,'conocida','55555555'),('SSJL910614','SANCHEZ SANCHEZ JULIA LETICIA',19,'conocida','55555555'),('SVLE920412','SALCEDO VAZQUEZ LUIS EDUARDO',18,'conocida','55555555'),('SVOE900815','SALAZAR VILLAGRAN OSCAR EDUARDO',20,'conocida','55555555'),('VECR900716','VEGA CASTILLO RAMON',20,'conocida','55555555'),('VELF890818','VELAZQUEZ LOPEZ FRANCISCO',21,'conocida','55555555'),('VFJA910611','VAZQUEZ FLORES JORGE AARON',19,'conocida','55555555'),('VGKM890816','VAZQUEZ GUTIERREZ KAREN MARISOL',21,'conocida','55555555'),('VHGD910912','VALDES HERNANDEZ GUSTAVO DANIEL',19,'conocida','55555555'),('VJMA921013','VAZQUEZ HERNANDEZ MIGUEL ANGEL',18,'conocida','55555555'),('VSDI880917','VIVERO SEGURA DAVID ISRAEL',22,'conocida','55555555'),('VSJA921114','VILLANUEVA SOTO JOSE ANTONIO',18,'conocida','55555555'),('ZAJC881018','ZEPEDA ALVAREZ JULIO CESAR',22,'conocida','55555555');
/*!40000 ALTER TABLE `paciente` ENABLE KEYS */;
UNLOCK TABLES;

--
-- Table structure for table `tratamiento`
--

DROP TABLE IF EXISTS `tratamiento`;
/*!40101 SET @saved_cs_client     = @@character_set_client */;
/*!40101 SET character_set_client = utf8 */;
CREATE TABLE `tratamiento` (
  `idTratamiento` int(11) NOT NULL,
  `descripcion` varchar(400) DEFAULT NULL,
  `curp` varchar(15) NOT NULL,
  PRIMARY KEY (`idTratamiento`,`curp`)
) ENGINE=InnoDB DEFAULT CHARSET=utf8;
/*!40101 SET character_set_client = @saved_cs_client */;

--
-- Dumping data for table `tratamiento`
--

LOCK TABLES `tratamiento` WRITE;
/*!40000 ALTER TABLE `tratamiento` DISABLE KEYS */;
/*!40000 ALTER TABLE `tratamiento` ENABLE KEYS */;
UNLOCK TABLES;
/*!40103 SET TIME_ZONE=@OLD_TIME_ZONE */;

/*!40101 SET SQL_MODE=@OLD_SQL_MODE */;
/*!40014 SET FOREIGN_KEY_CHECKS=@OLD_FOREIGN_KEY_CHECKS */;
/*!40014 SET UNIQUE_CHECKS=@OLD_UNIQUE_CHECKS */;
/*!40101 SET CHARACTER_SET_CLIENT=@OLD_CHARACTER_SET_CLIENT */;
/*!40101 SET CHARACTER_SET_RESULTS=@OLD_CHARACTER_SET_RESULTS */;
/*!40101 SET COLLATION_CONNECTION=@OLD_COLLATION_CONNECTION */;
/*!40111 SET SQL_NOTES=@OLD_SQL_NOTES */;

-- Dump completed on 2017-08-30 17:59:17
